nct_id,title,conditions,phase,modality
NCT06936943,"A Multicenter, Open-label, Uncontrolled Study to Evaluate the Efficacy and Safety of ONO-4538 in Patients With Richter's Transformation",Richter's Transformation,PHASE2,monoclonal_antibody
NCT06399185,Effect of Dexmedetomidine and Esketamine on Catheter-related Bladder Discomfort in Patients Undergoing Transurethral Surgery: a 2 x 2 Factorial Randomized Trial,Urinary Catheter | Catheter-related Bladder Discomfort | Dexmedetomidine | Esketamine,PHASE4,small_molecule
NCT07129460,"Efficacy and Safety of Berberine for Gastric Intestinal Metaplasia: a Prospective, Multicenter, Randomized, Double-blind, Placebo-controlled Clinical Trial",Gastric Intestinal Metaplasia,PHASE4,small_molecule
NCT07079176,Etomidate Combined With Propofol Versus Propofol for Sedation in High-Altitude Patients During Gastroscopy: a Randomized Multicenter Clinical Trial,Gastrointestinal Endoscopy,NA,small_molecule
NCT06367738,Investigating the Persisting Effects of a Single Dose of Psilocybin on Structural Plasticity in Healthy Older Adults,Aging,PHASE1,small_molecule
NCT05058638,Evaluation of Halitosis Using a Multi-Mineral Approach (Aquamin®),Healthy | Halitosis,PHASE2,small_molecule
NCT07174297,To Compare the Efficacy and Safety of Acotiamide Versus Itopride in Patient With Post Prandial Distress Syndrome Type of Functional Dyspepsia,Postprandial Distress Syndrome,PHASE3,small_molecule
NCT06142708,The Effect of Dual Trigger (GnRH Agonist + hCG) for Final Maturation in Oocyte Donors With History of a Previous Cycle With Suboptimal Response to GnRH Agonist Only Trigger,Ovarian Stimulation | Human Chorionic Gonadotropin | Oocyte Donors,NA,small_molecule
NCT07142486,Effects of Omeprazole Ingestion on Postprandial Amino Acid Concentrations in Response to a Mixed Meal: A Pilot Study,Digestive Health | Gastrointestinal Health,NA,small_molecule
NCT07169227,"The Comparison of the Efficacy of Lidocaine, Paracetamol, and Dexmedetomidine in Preventing Rocuronium Injection Pain",Propofol Injection Pain | Rocuronium Injection Pain,PHASE4,small_molecule
NCT05382637,Growth Hormone in a Patient With a Dominant-Negative GHR Mutation,Growth Disorders,PHASE2,small_molecule
NCT06319729,"The Efficacy and Safety of a Chinese Herbal Medicine for the Constipation-predominant Irritable Bowel Syndrome (IBS-C): a Double-blinded, Placebo-controlled, Randomized Pilot Clinical Trial",Constipation-predominant Irritable Bowel Syndrome,PHASE2,small_molecule
NCT06568887,Effectiveness of 5% Dextrose Water (D/W) Versus Corticosteroid Injection for Pain Management of Sacroiliac Joint Dysfuntion,Sacroiliac Joint Dysfunction,NA,combination
NCT06372561,Comparative Evaluation of Melatonin Versus Mineral Trioxide Aggregate on Vital Pulp Therapy in Young Permanent First Molars: An in Vivo Study,Dental Caries in Children | Vital Pulp Therapy,NA,small_molecule
NCT07152561,Effect of Two Different Luting Cements on Clinical Outcomes of Pediatric Zirconia Crowns: A Randomized Controlled Trial,Dental Caries in Children,NA,small_molecule
NCT06136585,"Comparison of Efficacy of Sugammadex Versus Neostigmine in Reversing Neuromuscular Blocks in Patients Having Outpatient Endoscopic Retrograde Cholangiopancreatography (ERCP). A Randomized, Double-Blinded Trial",Neuromuscular Blocks,PHASE3,small_molecule
NCT06371014,Comparative Study on the Efficacy and Safety of Ondansetron Oral Membrane for the Prevention of Vomiting During Moderate Hypoemetic Chemotherapy,To Analyze and Compare the Efficacy and Safety of Ondansetron and Tablet for the Prevention of Moderate and Hypoemetic Chemotherapy,NA,small_molecule
NCT05545384,Immediate Versus Delayed Treatment With Azathioprine or Rituximab in Anti-myelin Oligodendrocytes Glycoprotein (Anti-MOG) Antibodies Associated Acute Demyelinating Syndromes in Children: a Randomized Controlled Clinical Trial,Acute Demyelinating Syndrome,PHASE3,small_molecule
NCT07228104,Adjuvant STeRoid Outcomes in Idiopathic Subglottic Stenosis,Idiopathic Subglottic Stenosis,PHASE3,small_molecule
NCT06692192,"Role of Experience, Conscious Awareness, and Plasticity in Psilocybin's Behavioral Effects - Follow-Up Study (The RECAP 2 Study)",Psilocybin,PHASE1,small_molecule
NCT04550923,"Comparison of Rigid and Non-Rigid Interbody Fusion Device for Cervical Degenerative Disc Disease in Adults - A Randomized, Prospective, Multicenter Clinical Trial",Cervical Disc Degeneration,PHASE4,combination
NCT05696353,Adoption and Implementation of an Evidence-based Safe Driving Program for High-Risk Teen Drivers,"Drive | Recidivism | Communication | Feedback, Psychological",PHASE3,combination
NCT06177535,"The Effect of Oral Kavalactones on Cortisol, Measures of Burnout, and Motivation in Nurses",Stress,NA,other_drug
NCT06579820,Effect of Tubular Bandage Application on Peripheral Intravenous Catheter Usage Time and Infiltration in Children,"Child, Only",NA,combination
NCT06791525,"Single-arm, Open-label Study of Tirbanibulin 1% Ointment to Treat Warts on the Hands in Pediatric Patients",Warts Hand,PHASE4,small_molecule
NCT05912517,"A Phase 3 Randomized, Placebo-Controlled, Double-Blind, Multicenter Study to Evaluate the Efficacy and Safety of Nipocalimab in Pregnancies at Risk for Severe Hemolytic Disease of the Fetus and Newborn (HDFN)",Hemolytic Disease of the Fetus and Newborn,PHASE3,small_molecule
NCT05268120,MRSA Decolonization in Complicated Carriage - Cluster Randomized Trial,MRSA,NA,small_molecule
NCT07141589,"Fentanyl Versus Ketorolac as an Adjuvant to Peribulbar Block for Anterior Segment Surgeries, A Prospective Double-blinded Randomized Controlled Study",Fentanyl | Ketorolac | Adjuvant | Peribulbar Block | Anterior Segment Surgeries,NA,small_molecule
NCT07114055,Effect of Ebastine in Patients With Diarrhea Predominant Irritable Bowel Syndrome,Irritable Bowel Syndrome - Diarrhoea,PHASE2,small_molecule
NCT06561594,"A Multicenter, Randomized, Double-blind, Phase III Clinical Study to Evaluate the Efficacy and Safety of Recombinant Human Follicle-stimulating Hormone-CTP Fusion Protein Injection or Placebo Combined With Chorionic Gonadotropin for Injection in Idiopathic Hypogonadotropin Hypogonadism",Idiopathic Hypogonadotropic Hypogonadism,PHASE3,fusion_protein
NCT07125222,Use of Gocovri to Improve Disability Due to Radiation Encephalopathy,Radiation Encephalopathy,PHASE2,small_molecule
NCT05301608,Effects of Psilocybin on Electrophysiology and the Dynamic Content of Thought,Healthy,PHASE1,small_molecule
NCT06930235,Effectiveness of Midodrine as an Adjuvant to Norepinephrine in Weaning Critically Ill Patients From Vasopressors,Shock,NA,small_molecule
NCT07424378,Randomized Controlled Trial of Epoprostenol Versus Placebo in Addition to Standard Therapy for Severe Frostbite Injury,Frostbite,PHASE4,small_molecule
NCT04231266,"A Randomized, Double-Blind, Placebo-Controlled, Multi-Center Study to Evaluate the Efficacy of ManNAc in Subjects With GNE Myopathy",GNE Myopathy,PHASE2,small_molecule
NCT06984978,"AI-assisted, Village Doctors and Express Services-Involved, Community-Based Multicenter Cluster Randomized Controlled Trial for Fall Prevention Among Rural Older Adults",Falls | Falls Injury | Fall Prevention,NA,combination
NCT06952608,"The Effect of Ciprofol on Intraoperative Hypotension in Elderly Patients Receiving Renin-angiotensin System Inhibitors: a Prospective, Randomized Controlled Trial",Intraoperative Hypotension | Ciprofol | Renin-angiotensin System Inhibitors,PHASE4,small_molecule
NCT06752525,Opioid Sparing Effect of Sphenopalatine Ganglion Block in Functional Endoscopic Sinus Surgery: a Randomized Controlled Clinical Trial.,Sinus Surgery,PHASE4,small_molecule
NCT05638581,Trauma Resuscitation With Low-Titer Group O Whole Blood or Products,"Wounds and Injuries | Shock, Hemorrhagic",PHASE3,biologic
NCT06069687,A Phase 1 Open-label Intrathecal Administration of MELPIDA to Determine the Safety and Efficacy for Patients With Spastic Paraplegia Type 50 (SPG50) Caused by a Mutation in the AP4M1 Gene,Spastic Paraplegia Type 50,PHASE1,biologic
NCT06420167,DapagliFLOzin in Renal AL Amyloidosis (FLORAL),Renal AL Amyloidosis,PHASE2,small_molecule
NCT06253078,Ciprofol EC50 for Inducing Loss of Consciousness in Elderly Patients: an Exploratory Study Based on Dixon's Up-and-Down Method,Elderly Patients,PHASE4,small_molecule
NCT06091553,Comparison of the Efficacy and Safety of Duloxetine Augmented With Gabapentin and Duloxetine Augmented With Amitriptyline vs Duloxetine Alone in Chemotherapy -Induced Neuropathy: A Randomized Controlled Trial,Neuropathy in Cacer Patien,PHASE2,small_molecule
NCT06615206,"An Open-label, Multiple-dose Clinical Study to Evaluating the Safety, Tolerability and Preliminary Efficacy of a Single Intracerebroventricular Injection of HG204 for the Treatment of MECP2 Duplication Syndrome",MECP2 Duplication Syndrome,NA,gene_therapy
NCT07382167,"A 26-Week, Multi-Center, Randomized, Double-Blind, Placebo-Controlled Study to Assess the Safety and Efficacy of Tenapanor for the Treatment of Chronic Idiopathic Constipation (CIC) in Adults",Chronic Idiopathic Constipation (CIC),PHASE3,small_molecule
NCT06282211,"A Multicenter, Open-label, Randomized Controlled Clinical Study of the Efficacy and Safety of Ondansetron Oral Soluble Pellicles for the Prevention of Delayed Nausea and Vomiting Induced by Highly Emetogenic Chemotherapy",Nausea and Vomiting,PHASE3,small_molecule
NCT06828887,"Multicenter,Randomized,Double-blind,Placebo,Parallel-controlled,Dose-Finding Clinical Trial to Evaluate the Efficacy and Safety of LV232 Capsules in the Treatment of Major Depressive Disorder (MDD)",MDD,PHASE2,small_molecule
NCT07231965,Effects Of Cannabis Products On Blood Pressure Control,Blood Pressure,PHASE2,small_molecule
NCT06509451,Retention Rate of Giomer S-PRG Filler Containing Pit and Fissure Sealant Applied With or Without Etching by Using Split Mouth Technique: Randomized Clinical Trial,Caries Prevention,PHASE4,small_molecule
NCT05505110,MOdification Of THe Early-Life Respiratory Microbiome Through Vaginal SEEDing,C-section | Vaginal Seeding | Respiratory | Microbiome,EARLY_PHASE1,biologic
NCT06731361,Improving Medication Prescription in the contExt of Advance Care Planning for paTients Receiving Long Term nUrSing Home Care,Nursing Home Residents | Older People | Prescribing | Advance Care Planning | Medication Reviews | Decision Making | Prescribing Practices,NA,combination
NCT06527066,Effect of Aromatherapy for Facial Aesthetics in Alleviating Signs of Aging: Pilot Study,Aging Well,NA,combination
NCT07402252,"Effectiveness and Safety of a Type A Dissection Total Endovascular REconstruction System in Promoting Favorable Distal AOrtic ReModeling After Total Arch Replacement With Frozen Elephant Trunk for Type A Aortic Dissection: A Prospective, Multicenter, Randomized Controlled Trial",Residual Dissection After Repair for Type A Aortic Dissection,NA,small_molecule
NCT03880656,Autologous Bone Marrow Mononuclear Cell Administration for Lower Extremity Compartment Syndrome Injury,Compartment Syndrome Traumatic Lower Extremity,PHASE1,biologic
NCT06445959,Phase 1b/2 Study of Decitabine and Venetoclax in Combination With the Targeted Mutant IDH1 Inhibitor Olutasidenib,Mutant IDH1 Inhibitor Olutasidenib,PHASE1,oligonucleotide
NCT06067100,"Physiological Response to U-LABA/ICS With Emphasis on Exercise Performance, Indacaterol",Exercise Performance,NA,small_molecule
NCT03518099,Searching Biomarkers of Acute Intestinal Ischemic Injuries,Acute Mesenteric Ischemia,NA,biologic
NCT06186648,"A Phase 2 Study Evaluating the Bispecific CD3xCD20 Antibody GLOfitamab in Combination With Rituximab or Obinutuzumab Plus Cyclophosphamide, Doxorubicin, Vincristine and Prednisone (CHOP) in Patients With RIchter Syndrome as Frontline therapY. A FILO Study",Richter Syndrome,PHASE2,monoclonal_antibody
NCT06437808,Optimizing Football Training at Multan Sports Complex: Integrating Portable Force Plates for Advanced Performance Analysis,Injury;Sports,NA,combination
NCT06610760,"Efficacy and Safety of Ursodeoxycholic Acid in Reversing Gastric Intestinal Metaplasia: A Multicenter, Randomized, Placebo-Controlled Trial",Gastric Intestinal Metaplasia,PHASE4,small_molecule
NCT06152497,The Role of Histamine in Muscle Protein Synthesis Following Chronic Resistance Training,Histamine,NA,small_molecule
NCT07111247,Insights in Endocervical Mucus Secretion,Cervical Mucus,PHASE4,small_molecule
NCT04794101,Phase 3 Follow-up Study of AAV5-hRKp.RPGR for the Treatment of X-linked Retinitis Pigmentosa Associated With Variants in the RPGR Gene,X-Linked Retinitis Pigmentosa,PHASE3,biologic
NCT06187584,"Nonopioid Versus Opioid Outpatient Pain Management Following Surgical Fixation of Gartland Type III Supracondylar Humerus Fractures in Children: A Prospective, Randomized Study",Supracondylar Humerus Fracture,PHASE4,small_molecule
NCT07085806,Effect of Pentoxifylline on Liver Regeneration After Right Lobe Donor Hepatectomy: A Randomized Control Trial,Liver Regeneration,NA,small_molecule
NCT03675672,Prevention of Recurrent Ulcer Bleeding in Patients With Idiopathic Gastroduodenal Ulcer: a Double-blind Randomised Trial on Misoprostol Combined With Lansoprazole Versus Lansoprazole Alone (NRT_MISO Study),Active Peptic Ulcer Disease/GI Bleeding,PHASE4,small_molecule
NCT02019004,"Treatment of Forehead/Glabellar Rhytide Complex With Onabotulinum Toxin A Versus Incobotulinum Toxin A Injection: A Split-face, Double-blinded, Randomized Control Trial",Wrinkles,EARLY_PHASE1,biologic
NCT06435065,Histological and Radiographic Evaluation of the Effects of Direct Pulp Capping Agent on Human Pulp Tissue,Reversible Pulpitis,PHASE4,small_molecule
NCT06655012,The Muscle Anabolic Response to β2-adrenergic Stimulation,Healthy,NA,small_molecule
NCT06514209,Effect of Different Depths of Neuromuscular Blockade on Respiratory Mechanics in Patients With Moderate-severe Acute Respiratory Distress Syndrome,ARDS | Lung Protective Ventilation,NA,small_molecule
NCT03965988,Effect of Docosahexaenoic Acid on Breath Holding Spells in Children: A Randomized Controlled Trial,Breath Holding Attack,PHASE3,small_molecule
NCT06588036,A Comprehensive Analysis of the Comparative Efficacy of Multimodal Diarrhea Therapies,To Assess the Mean Time of Resolution of Diarrhea,EARLY_PHASE1,small_molecule
NCT07222176,"Synergistic Effects of P-TIOX and Tixel: A Split-Face, Prospective Study",Periocular Fine Wrinkles,NA,combination
NCT07102576,"A Phase 1, Open-Label Study to Assess Psychological and Biological Effects of MDMA Assisted Therapy When Administered to Mental Health Providers in Training to be MDMA-Assisted Therapists",Mental Wellbeing,PHASE1,small_molecule
NCT05517928,Exploratory Study of the Impact of Lactobacillus Rhamnosus GG on Proton Pump Inhibitor-Induced Gut Dysbiosis,Healthy,NA,small_molecule
NCT06836167,+ AGIL Barcelona: Integrated Care for Community-Dwelling Frail Older Adults,Frailty | Older Adults | Healthy Aging,NA,small_molecule
NCT06273111,A Pilot Study Using Topical Statins to Treat Children With Infantile Hemangioma,Hemangioma Skin,EARLY_PHASE1,small_molecule
NCT04927338,"Phase II, Placebo-controlled Study of BacoMind® Bacopa Monnieri Standardized Extract in Gulf War Illness",Gulf War Illness,PHASE2,other_drug
NCT07157657,Evaluation of the Efficacy of a Dermal Regeneration Matrix With Photosynthetic Microalgae for the Treatment of Patients With Full-Thickness Skin Wounds: Phase 2 Study,Cronic Full-thinkness Skin Wound | Acute Full-thickness Skin Wound,PHASE2,biologic
NCT06287905,A Comparative Study of Using Scorpion Antivenom Versus Scorpion Antivenom and Prazosin Drug for Scorpion Stings Management in Sohag University Hospitals,Morality,PHASE4,small_molecule
NCT07146594,Clinical Evaluation of a 14day Modified Bismuth Quadruple Therapy for the Eradication of H. Pylori in a High Clarithromycin and Metronidazole Resistance Area,Helicobacter Pylori Gastritis | Helicobacter Eradication,PHASE4,small_molecule
NCT05300477,Augmentation of Medical Readiness and Physical Performance at High Altitude Using Pharmacological Countermeasures,Hypobaric Hypoxia,PHASE4,biologic
NCT06100029,"The Effect of Lavender Essential Oil for Delirium in Elderly Intensive Care Unit Patients: Study Protocol for a Double Blind, Randomized, Placebo-controlled Trial",Delirium in Old Age,NA,small_molecule
NCT06224556,A Personalized Prevention Program (PPP) Based on the Comprehensive Geriatric Assessment (CGA) for the Prevention of Multidimensional Frailty Related to Non-communicable Chronic Diseases (NCDs) in Older People: a Practical Approach in Primary Care Setting,Older People | Non-Communicable Chronic Diseases,NA,combination
NCT07108777,Clinical Study to Evaluate the Possible Protective Effect of L-Carnitine Against Cisplatin-Induced Nephrotoxicity,Nephrotoxicity,PHASE2,small_molecule
NCT05538247,Effects of Saccharomyces Boulardii CNCM I-745 on Intestinal Barrier Function,Healthy,EARLY_PHASE1,small_molecule
NCT07266168,"Efficacy and Safety of Ivarmacitinib in the Treatment of Patients With Polymyalgia Rheumatica: A Multicenter, Randomized, Double-Blind, Placebo-Controlled Study",Polymyalgia Rheumatics (PMR),NA,small_molecule
NCT07174076,Prevention of Recurrence With Cordyceps Sinensis in Mycobacterium Avium Complex Pulmonary Disease,Mycobacterium Avium Complex Pulmonary Disease,PHASE4,small_molecule
NCT07061886,Drug Effects on Mood and Behavior - Expectancy,LSD,EARLY_PHASE1,small_molecule
NCT07285031,The Role of Histamines on Central Hemodynamics,Histamine | Exercise,NA,small_molecule
NCT06349486,"Efficacies of Bismuth-amoxicillin-vonoprazan Triple Therapy, Vonoprazan-amoxicillin Dual Therapy and Proton Pump Inhibitor-based Standard Triple Therapy in the First-line Anti-H. Pylori Treatment",Helicobacter Pylori Eradication,NA,small_molecule
NCT07055685,"Effects of Upper Limb Progressive Resistance Training Along With Core Stability Exercises on Pain, Core Strength and Upper Limb Balance in Cricket Fast Bowlers With Shoulder Injury",Shoulder Injuries,NA,combination
NCT07125066,"An Individual Patient, Open Label Study to Use ACER-001 to Treat Combined D,L-2-hydroxyglutaric Aciduria (C-2HGA)","Combined D,L-2-hydroxyglutaric Aciduria",PHASE1,small_molecule
NCT06841445,"A Multicenter, Randomized, Double-blind, Placebo- Parallel Controlled, Phase II Study to Evaluate the Efficacy and Safety of HRS9531 Tablet in Obese Subjects",Chronic Management of Body Weight,PHASE2,small_molecule
NCT06417645,the BIS Index Response is Poorly Described by Propofol Effect Site Eleveld's Model After Applying a Perturbation,Healthy | Surgery,PHASE4,small_molecule
NCT07212803,"Evaluation of Energy Drinks on Electrocardiographic Parameters: A Randomized, Double Blind, Controlled, Crossover, Proof-of-concept Study",Healthy Volunteers | Safety After Oral Intake,PHASE4,other_drug
NCT07112352,Healthy Ageing: a Feasibility Study to Evaluate Digitally-enabled Ways to Support Healthy Ageing,Frailty | Older Adults (65 Years and Older) | Digital Health Intervention | Feasibility Studies,PHASE2,combination
NCT06314334,"A Multicenter, Randomized, Controlled Phase II Screening Study of Combined Sequential Chemotherapy and Radiation Therapies for Early-stage Natural Killer/T-cell Lymphoma (IE/IIE)","Natural Killer/T-Cell Lymphoma, Nasal and Nasal-Type",PHASE2,small_molecule
NCT07350421,The Effectiveness of Inhaled Salbutamol in the Management of Transient Tachypnea of the Newborn(TTN),TTN,NA,small_molecule
NCT07271485,"Randomized, Placebo-Controlled Pilot Study of Propranolol for Treating Misophonia",Misophonia | Propanolol | Misophonia Treatment,EARLY_PHASE1,small_molecule
NCT07097844,A Comparison of the Efficacy of Sacral Erector Spinae Plane Block and Penile Block in Circumcision Surgery,Elective Circumcision Surgery,PHASE4,small_molecule
NCT06622239,"A Randomized, Double-Blinded Clinical Trial to Evaluate the Effects of Naltrexone in Improving Nonsuicidal Self-injurious Behavior",Nonsuicidal Self-Injury,PHASE2,small_molecule
NCT07102615,Intracervical Vasopressin for Completion of Hysteroscopic Removal of Retained Products of Conception,Retained Products of Conception,PHASE4,small_molecule
NCT06342258,Effects of Cured Bond On Sealant Retention In The Pediatric Population,Dental Sealant | Sealant Retention,PHASE1,small_molecule
NCT06919640,Psilocybin With Intracranial Neural Sensing,Chronic Pain,PHASE1,small_molecule
NCT04383912,Onabotulinum Toxin A to Improve Direct Brow Lift Outcomes,Direct Brow Lift | Scarring,NA,small_molecule
NCT03531255,"An Open Label, Non-Randomized, Multi-Center Extension Study to Evaluate the Long-Term Safety and Efficacy of Pegcetacoplan in the Treatment of Paroxysmal Nocturnal Hemoglobinuria (PNH)",PNH,PHASE3,small_molecule
NCT06419764,Combining Chinese Medicine and Nutrition to Enhance Weight Loss After Bariatric Surgery,Traditional Chinese Medicine Treatment | Weight Change,NA,small_molecule
NCT07041749,Comparison of the Efficacy of Microneedling Alone Versus Microneedling Coupled With Either Bleomycin or 5flourouracil in the Treatment of Plantar Warts,Warts of Foot,NA,biologic
NCT06612411,Purine Starvation Driven by Host-microbiota Maladaptation Contributes to the Pathogenesis of Irritable Bowel Syndrome,Irritable Bowel Syndrome with Diarrhea | Purine Metabolism Disorder,EARLY_PHASE1,small_molecule
NCT06830941,Efficacy and Safety of Iron Isomaltoside in the Treatment of Peritoneal Dialysis Patients with Renal Related Anemia: a Randomized Controlled Trial,Renal Anemia | Peritoneal Dialysis (PD),PHASE4,small_molecule
NCT06446310,"A Randomised, Double-Blind, Placebo-Controlled, Multicentre, Phase 3, Clinical Study of QLG2198 in Haemodialysis Adult Subjects With Moderate-to-Severe Pruritus",Uremic Pruritus,PHASE3,small_molecule
NCT06356415,"Infraclavicular Brachial Plexus Block Using Bupivacaine Alone or in Combination With Dexmedetomidine and Dexamethasone for Hand and Forearm Surgeries, A Randomized, Controlled Trial",Upper Extremity Injury,NA,small_molecule
NCT07352098,"Efficacy and Safety of Short-Term, High-Dose Vonoprazan-Based Dual Therapy Versus Standard-Dose Vonoprazan-Based Dual Therapy for Helicobacter Pylori Eradication: A Multicenter, Open-Label, Randomized Controlled Trial",Helicobacter,NA,small_molecule
NCT07250867,Safety and Efficacy of Lidocaine Versus Ketamine Infusion or Both Together as a Treatment Modality in Patient With Resistant Orofacial Pain; Double Blinded Randomized Study.,Orofacial Pain,PHASE2,small_molecule
NCT04603014,Initial Feasibility Pilot Study of Interdialytic Peritoneal Ultrafiltration to Manage Volume Status in Hemodialysis Patients,End Stage Renal Disease on Dialysis | Hemodialysis | Peritoneal Dialysis | Nonosmotic Sodium Storage,PHASE2,combination
NCT06794554,"A Phase 2, Multicentre, Open-label, Single Arm Study to Evaluate the Effectiveness and Safety of Rezafungin (as Acetate) in the Treatment of Chronic Pulmonary Aspergillosis (CPA) in Patients With Limited Treatment Options",Chronic Pulmonary Aspergillosis,PHASE2,small_molecule
NCT06234722,Modeling Tobacco Regulatory Impacts in Appalachia Using the Experimental Tobacco Marketplace,Tobacco Use | Cigarette Use,NA,small_molecule
NCT07263295,Evaluation of Diaphragmatic Function After Interscalene Brachial Plexus Block With Liposomal Bupivacaine: A Cohort Study,Diaphragmatic Function | Metacarpal Fracture | Radius Fracture | Peripheral Nerve Neurolysis | Chronic Ulcer | Upper Extremity Ligament Injury,NA,small_molecule
NCT04835480,"A Phase II, Multicenter, Randomized, Positive-Controlled, and Multi-Cohort Study of OsrHSA in Patients With Decompensated Cirrhotic Ascites",Cirrhotic Ascites,PHASE2,small_molecule
NCT05799391,"Efficacy of Soothing Cream Jel in Improving the Range of Motion and Chronic Pain at Shoulder and Elbow: A Double-blinded, Randomized, Placebo-Controlled Trial",Upper Extremity Problem,PHASE2,small_molecule
NCT06853327,Timing of Oral Ketorolac for Pain Reduction in IUD Insertion: A Double-Blind Randomized Controlled Trial,IUD Insertion Pain,PHASE2,small_molecule
NCT06569108,"A Randomized, Open-label Study to Evaluate the Efficacy and Safety of KN057 Injection Prophylaxis in Patients With Hemophilia A or B Without Inhibitors",Hemophilia A Without Inhibitor | Hemophilia B Without Inhibitor,PHASE3,small_molecule
NCT06345261,Role of Diphenhydramine in Prevention of Catheter Related Bladder Discomfort,Catheter Complications,NA,small_molecule
NCT06637189,Protocol with Progestin-primed Ovarian Stimulation (PPOS) from the Beginning of Stimulation Versus Protocol with GnRH Antagonists for Ovarian Stimulation in Patients Undergoing DUOSTIM with Embryo Accumulation for PGT-A.,Stimulation in the Ovary | Embryo | Oocyte | Oocyte Retrieval | Fertilization in Vitro | Blastocyst | PGT-A,PHASE4,small_molecule
NCT06400862,Treating Patients With Traumatic Chondral Lesions With Autologous Bone Marrow Cells Derived Engineered Tissues - Engineered Osteochondral Tissue,Traumatic Cartilage Injury,PHASE1,combination
NCT06877377,"A Pilot Randomized, Blinded, Placebo-controlled Study of the Safety and Efficacy of Natural Genome Reconstruction Technology of Hematopoietic Stem Cells in Adult Patients",Aging,NA,biologic
NCT04098003,INvestigation of the Gut microbiomE and STatin Response (INGEST),Healthy Volunteers,PHASE4,small_molecule
NCT05714072,A Phase I Study of Ruxolitinib Plus Abemaciclib for Patients With Primary or Post-polycythemia Vera/Essential Thrombocythemia Myelofibrosis,Myelofibrosis Due to and Following Polycythemia Vera,PHASE1,small_molecule
NCT06505187,Celecoxib Pain Management Following Superficial Parotidectomy: Opioid Sparing Protocol,Parotidectomy,PHASE2,small_molecule
NCT06014801,Low-Intensity Versus Medium-Intensity Continuous Kidney Replacement Therapy for Critically Ill Patients (LIMIT): a Multicenter Randomized Clinical Trial,Acute Kidney Injury Requiring Continuous Renal Replacement Therapy,PHASE2,small_molecule
NCT07424014,Optimizing Mind-Body Interactions in Respiratory Control During Operationally Relevant Environmental Stressors,Heliox | Auditory Distraction | Hot and Cold Environment,EARLY_PHASE1,small_molecule
NCT05203965,"Functional Neuroimaging of Alcoholism Vulnerability: Probing Glutamate and Reward, Using the mGluR5 Inhibitor Mavoglurant",Familial Alcoholism Vulnerability,EARLY_PHASE1,small_molecule
NCT06938347,"A Phase 3, Open-label, Multicenter, Randomized Crossover Trial Comparing the Safety and Efficacy of ASI-02 to Agitated Saline for Suspected Right-to-left Shunt",Right-To-Left Shunt,PHASE3,small_molecule
NCT04781036,The Study of Foot-skin Microbiome and Metabolomics of Thai Naval Cadets With Pitted Keratolysis,Microbial Disease | Metabolomics,NA,small_molecule
NCT05868499,Long Term Follow-up Study in Patients With Telomere Biology Disorders With Bone Marrow Failure Who Completed Study EXG-US-01,Telomere Biology Disorders With Bone Marrow Failure,PHASE1,biologic
NCT06696586,Comparison Between Effect of Systemic Fentanyl Infusion and Fentanyl Added as An Adjuvant to Lidocaine in Bier Block For Controlling Pain in Patients Undergoing Hand Surgeries,Bier Block | Hand Surgery,PHASE4,small_molecule
NCT06324396,IMProving DRug Dosing and Outcomes for Single VEntricle Patients With Fontan Associated Liver Disease,Fontan Circulation,PHASE1,small_molecule
NCT06351150,"A Multicenter, Randomized, Double-Blind, Placebo-Controlled, Phase III Trial to Evaluate the Efficacy and Safety of Angiotensin II Injection in the Background Treatment of Catecholamines and Other Vasopressors in Chinese Adult Patients With Refractory Distributive Shock",Vasodilatory Shock,PHASE3,small_molecule
NCT04980833,A Phase II Study to Evaluate the Long-term Safety and Efficacy of Alpelisib in Patients With PIK3CA-Related Overgrowth Spectrum (PROS) Who Previously Participated in Study CBYL719F12002 (EPIK-P1),PIK3CA-related Overgrowth Spectrum (PROS),PHASE2,small_molecule
NCT06999993,Efficacy and Safety of Sodium Hyaluronate Gel Combined With Sodium Bicarbonate Versus Sodium Bicarbonate Alone in Prevention of Failed Back Surgery Syndrome (FBSS),Postdiscectomy Epidural Fibrosis | Pain,PHASE2,small_molecule
NCT05820893,BCCMA: Targeting Gut-Microbiome in Veterans Deployment Related Gastrointestinal and Liver Diseases; CMA5- Functional Metagenomics in GWI-related Gut Dysfunction,Gulf War Illness,PHASE2,small_molecule
NCT06483074,Empagliflozin on Residual Kidney Function in Incident Peritoneal Dialysis Patients: a Pilot Randomized Controlled Trial,End Stage Renal Disease on Dialysis | Peritoneal Dialysis Complication | Sodium-glucose Cotransporter-2 Inhibitor | Residual Kidney Function,PHASE2,small_molecule
NCT05930613,Efficacy of Certolizumab in Women With Unexplained Recurrent Implantation Failure: a Double-blind Randomized Controlled Trial,Recurrent Unexplained Implantation Failure,PHASE3,monoclonal_antibody
NCT06570746,"""Comparison of the Effectiveness of Conventional Radiofrequency Thermocoagulation and Chemical Ablation With Phenol on Articular Branches of Femoral and Obturator Nerves in Chronic Hip Pain""",Chronic Pain,NA,small_molecule
NCT06985472,"Orelabrutinib Combined With Zuberitamab in the Initial Treatment of MZL Single-arm, Multicenter Phase II Clinical Study",Initial MZL | Untreated MZL | BTKi | CD20,PHASE2,small_molecule
NCT06997146,Identifying Biomarkers & Dysregulated Biological Pathways in Blood and Urine of Congenital Central Hypoventilation Syndrome (CCHS) Patients,Congenital Central Hypoventilation Syndrome (CCHS),NA,biologic
NCT04867837,"Study of Four-factor Prothrombin Complex Concentrate, OCTAPLEX, in Patients With Acute Major Bleeding on Direct Oral Anticoagulant (DOAC) Therapy With Factor Xa Inhibitor",Acute Major Bleeding,PHASE3,small_molecule
NCT05497401,A Controlled Study to Evaluate the Efficacy of Allogeneic MesenCure for the Treatment of Patients With ARDS,ARDS,PHASE3,biologic
NCT07035301,A Study on the Safety and Feasibility of Using Low-dose Muscle Relaxants in Bronchoscopy Interventional Surgery,Disease of Respiratory System,NA,small_molecule
NCT06902428,"A Multi-center, Randomised, Double-blind, Placebo-controlled Phase II Clinical Study Evaluating the Efficacy and Safety of HSK44459 Tablets in Patients With Behçet's Disease",Behcet&#39;s Disease,PHASE2,small_molecule
NCT06317220,Vedolizumab for the Treatment of Collagenous Gastritis,Collagenous Gastritis,PHASE2,biologic
NCT07236476,"A Multicentre, Open-label, Dose-finding, Phase 2 Study to Investigate the Efficacy, and Safety of Different Doses of LY01021 in Controlled Ovarian Hyperstimulation(COH) for Female Subjects Undergoing Assisted Reproductive Technology (ART)",Assisted Reproduction,PHASE2,small_molecule
NCT07066735,Comparison of the Efficacy and Safety of Combined Extracorporeal Shock- Wave Therapy (ESWT) With Phytotherapy Versus Each of Them Alone in Chronic Prostatitis Category ⅢB,Chronic Prostatitis (CP),NA,small_molecule
NCT06115551,"Cellular Effects of Fasting Mimicking Diet In Humans: An Interventional, Randomized, Open Label, Parallel Assignment Study",Diet | Autophagy,NA,combination
NCT05790720,Development of a Pharmacodynamic Model for Propofol in Older Adults (Development phaRmacodynamic mOdel Propofol oLdEr adulTs: DROPLET),Aged,NA,small_molecule
NCT06252025,The Effect of an Immersive VR Reminiscence System for Facilitating Memory Retrieval Among Nursing Home Older Adults,"Memory, Repressed | Emotional Regulation | Old Age",NA,combination
NCT06685978,"A Randomized, Double-blind, Placebo-controlled, Multi-center Phase III Clinical Trial of Efficacy and Safety of Xiangjurupining Capsule in the Treatment of Hyperplasia of Mammary Glands(Syndrome of Stagnation of Liver-qi and Phlegm)",Hyperplasia of Mammary Glands,PHASE3,small_molecule
NCT06493799,"A Multicenter, Randomized, Open-label, Active-controlled, Phase 3 Study to Evaluate the Efficacy and Safety of Intravenous Drop of 'LAENNEC INJ. (Human Placenta Hydrolysate) Compared With Subcutaneous Injection in Patients With Chronic Liver Disease",Chronic Liver Disease,PHASE3,small_molecule
NCT07010302,"A Comparative Clinical Effectiveness Trial of Rituximab Versus Ravulizumab, Inebilizumab, Satralizumab and Eculizumab To Prevent Relapses in Neuromyelitis Optica Spectrum Disorder",NMOSD,PHASE4,monoclonal_antibody
NCT07270549,"GAIN-CTNNB1: A Phase I/II Open-Label Trial To Evaluate the Safety, Tolerability, and Preliminary Efficacy of Intracerebroventricular Administration of an AAV9 Based Gene Replacement Therapy in Paediatric Patients With CTNNB1 Neurodevelopmental Syndrome",CTNNB1 Neurodevelopmental Syndrome,PHASE1,small_molecule
NCT05671991,Effect of Empagliflozin on Peritoneal and Kidney Function in End Stage Renal Disease,End Stage Renal Disease on Dialysis,PHASE4,small_molecule
NCT06351215,Use of Single-Dose Oral Methadone for Pain Management in Outpatient Arthroscopic Hip and Knee Procedures,Arthroscopic Knee Repair | Arthroscopic Hip Repair,PHASE3,small_molecule
NCT05721404,Icodextrin Postpones the Shift of Low Dose to Full Dose Dialysis in the First Year of Incremental Peritoneal Dialysis: A Randomized Controlled Trial,Peritoneal Dialysis,PHASE4,small_molecule
NCT06261684,Intralesional Acyclovir Versus Cryotherapy in the Treatment of Plantar Warts. A Randomized Controlled Trial.,Plantar Wart,PHASE2,small_molecule
NCT06811675,The Efficacy of Dexamethasone in Combination With N-acetylcysteine in Preventing Neurocognitive Sequelae Due to Carbon Monoxide Poisoning,Carbon Monoxide Poisoning | Delayed Neurocognitive Sequelae,PHASE4,small_molecule
NCT05868369,The Effectiveness of Immersive Virtual Reality as a Pain Control Modality After Hip Arthroscopy,Hip Pain Chronic,NA,small_molecule
NCT06959771,Base Editing Hematopoietic Stem Cell and BE T Cell Gene Therapy for CD40L-HyperIgM Syndrome-Single Patient Study,CD40L-HyperIgM Syndrome,PHASE1,monoclonal_antibody
NCT06412666,"A Phase 2/3 Multicenter, Randomized, Double-Blind, Placebo-Controlled and Open-Label Extension Trial to Evaluate the Efficacy and Safety of Aficamten in a Pediatric Population With Symptomatic Obstructive Hypertrophic Cardiomyopathy",Pediatric | Symptomatic Obstructive Hypertrophic Cardiomyopathy,PHASE2,small_molecule
NCT04047576,Prospective Study of Prednisone Versus Sirolimus in the Treatment of Idiopathic Retroperitoneal Fibrosis,Retroperitoneal Fibrosis,PHASE2,small_molecule
NCT07229456,Evaluation of the Role of N Acetyl Cysteine and Vitamin D in Improving Outcomes After Corrosive Ingestion,Corrosive Injury,PHASE3,small_molecule
NCT06410443,Efficacy and Safety of Local Glucocorticoids for the Treatment of Acute Radiation-Induced Intestinal Injury: A Randomized Controlled Trial,Radiation-Induced Intestinal Injury,NA,small_molecule
NCT07084402,Short-term Bactericidal Effect of Contezolid in Mycobacterium Avium Complex Pulmonary Disease,Mycobacterium Avium Complex Pulmonary Disease,PHASE4,small_molecule
NCT05874310,"An Open-label, Single-center, Dose-escalation Clinical Study to Evaluate the Safety, Tolerability, and Preliminary Efficacy of Intraocular Administration of FT-002 in Subjects With RPGR Mutation-associated X-linked Retinitis Pigmentosa.",X-Linked Retinitis Pigmentosa,EARLY_PHASE1,gene_therapy
NCT06276179,Epidural Oxycodone for Pain Management for Lower Limb Amputation: A Randomized Controlled Trial,Epidural | Oxycodone | Pain | Lower Limb Amputation,NA,small_molecule
NCT06753890,"A Randomized, Double-blind, Placebo-controlled, Multicenter Phase III Clinical Trial, Efficacy and Safety Study of Changkang Granules in the Treatment of Irritable Bowel Syndrome With Predominant Diarrhea ( Liver qi Affecting the Spleen Pattern)",Diarrhea-predominant Irritable Boewl Syndrome,PHASE3,small_molecule
NCT06686693,Intravenous Iron Prophylaxis for Rapid High Altitude Insertions,Hypoxia,PHASE4,small_molecule
NCT06201676,Low-Dose Short-Term Ketorolac to Reduce Chronic Opioid Use in Orthopaedic Polytrauma Patients,Orthopaedic Polytrauma | Chronic Opioid Use,PHASE4,small_molecule
NCT06261060,Low-Dose Sirolimus to Increase Hematopoietic Function in Patients With RUNX1 Familial Platelet Disorder,Familial Platelet Disorder | Hematopoietic,PHASE2,small_molecule
NCT06355960,Effect of Different Does of Dexmedetomidine on Oxygenation and Lung Mechanics,Drug Use | Dexmedetomidine,NA,small_molecule
NCT06627218,Liberal or Adhere to Recommendations for Prothrombin Complex Concentrate Management in Major Bleeding Following Trauma：A Multicenter Retrospective Study,Traumatic Bleeding,NA,small_molecule
NCT07148960,Does Staphylococcus Aureus Bacteremia Early Dual Therapy Improve Outcomes? (SABEDTIO) Clinical Trial,Staphylococcus Aureus Bacteremia,PHASE4,small_molecule
NCT06884813,"Clinical Evaluation of a Single-Shade, Color-Adjusting Composite Resin Following In-Office Dental Bleaching: A Randomized Clinical Trial",Composite Resins,NA,small_molecule
NCT06861738,Comaring the Effect of Paracetamol in Tratment of Headach,Headache,PHASE3,small_molecule
NCT06653842,"A Phase 2, Baseline-Controlled Study Evaluating the Safety and Efficacy of PTX-022 (Sirolimus) Topical Gel 3.9% in the Treatment of Cutaneous Venous Malformations",Cutaneous Venous Malformations,PHASE2,small_molecule
NCT03977493,"IncobotulinumtoxinA (Xeomin) to Treat Focal Hand Dystonia: a Double-blind Placebo-controlled Randomized Multicenter Study: The ""SwissHandSpasm"" Study",Focal Hand Dystonia,PHASE3,small_molecule
NCT06696261,"A Multicenter, Randomized, Double-blind, Placebo Parallel-controlled Phase III Clinical Trial on the Efficacy and Safety of Lianxiaxiaopi Granules in the Treatment of Postprandial Distress Syndrome (Intermingled Cold and Heat).",Postprandial Distress Syndrome,PHASE3,small_molecule
NCT06903975,The Effect of Injection of prabotulinumtoxinA-xvfs (Jeuveau) Into the Bilateral Sternocleidomastoid Muscles on Neck Circumference and Aesthetics,Neck Muscle Issue,PHASE4,small_molecule
NCT07029412,"A Phase 2a, Open-label, Exploratory Study to Evaluate Preliminary Efficacy of Subcutaneous MBX 1416 in Patients With Postbariatric Hypoglycemia (The STEADI Study)",Postbariatric Hypoglycemia,PHASE2,small_molecule
NCT03513770,Autonomic Control of the Circulation and the Venous Distension Reflex,Venous Distension Reflex | Blood Pressure,EARLY_PHASE1,small_molecule
NCT06759454,Comparison of Mean Pain Score Using LASER Therapy and Desensitizing Agents in Patients With Dentinal Hypersensitivity: A Randomized Controlled Trial,Dentinal Hypersensitivity,NA,small_molecule
NCT05302986,"Benefits on Post-operative Pain of Intravenous, Intraoperative, Tranexamic Acid Injection During Arthroscopic Shoulder Surgery.",Shoulder Disease,PHASE3,small_molecule
NCT07061678,The Effect of Dexamethasone Administration Route in Infraclavicular Brachial Plexus Block for Pediatric Arm and/or Hand Surgery,Arm,PHASE4,small_molecule
NCT04738422,Determining Airway pH by Compartmental Exhaled Nitric Oxide Levels During Alkaline Buffer Challenge,Airway Disease,PHASE2,small_molecule
NCT06919575,A Individualized Physical Function Improvement Program for Frailty Elderly Using Goal Attainment Scaling (GAS) as Evaluation Method: Protocol for a Randomized Controlled Trial,Elderly,NA,combination
NCT06516939,The Application of Bovine Basic Fibroblast Growth Factor Gel in the Treatment of Sensitive Skin,Sensitive Skin,NA,small_molecule
NCT06979791,Comparison Between the Effects of Adding Intranasal Dexmedetomidine to Two Different Doses of Midazolam as a Premedication in Pediatrics Undergoing Elective Surgery: A Randomized Controlled Trial,Preoperative Anxiety Experienced by the Pediatric Patient | Preoperative Anxiety,PHASE2,small_molecule
NCT06185829,Evaluating the Benefit of Hypnoanalgesia Versus Neuroleptanalgesia During Hand Surgery,Hand Surgery,NA,small_molecule
NCT06642753,Buccal Plate Augmentation Using Sticky Bone Versus Usage of Sticky Bone as a Jumping Gap Filling Material With Simultaneous Immediate Implant Placement in the Maxillary Esthetic Zone :A Randomized Controlled Clinical Trial,Immediate Implant,NA,biologic
NCT06931223,Efficacy of Gut-rain Neuromodulators in the Treatment of Functional Dyspepsia: a Randomized Controlled Study,Functioanl Dyspepsia,NA,small_molecule
NCT06978777,Effect of Caffeine on Cold-stimulated Brown Adipose Tissue Activity,Brown Adipose Tissue (BAT) Physiology | Cold Exposure,NA,small_molecule
NCT04441034,Integrating Pragmatic Comparative Effectiveness Research Into a Tertiary Pain Management Center,Chronic Pain,PHASE4,small_molecule
NCT07191457,"In Vivo Testing: A Two-Arm, Randomized, Controlled, Investigator/Assessor-Blinded, Comparative Study to Evaluate the Safety and Efficacy of a Head Lice Physically Acting Product: ELIMAX GREEN LOTION EMOGREEN (X92001752) vs Walgreens Lice Killing Shampoo (Piperonyl Butoxide (4%),Pyrethrum Extract (Equivalent to 0.33% Pyrethrins)) in Subjects With Head Lice.",Head Lice,NA,small_molecule
NCT03696953,The Efficacy of Probiotics to Reduce Antepartum Group B Streptococcus Colonization,Group B Streptococcus Carrier in Childbirth | Gastrointestinal Symptoms,PHASE2,biologic
NCT04999631,Neoadjuvant Squaric Acid Dibutylester Treatment of Melanocytes in Congenital Melanocytic Nevi,Congenital Melanocytic Nevus,EARLY_PHASE1,small_molecule
NCT05209841,Heparinization vs Salinization of the Peripheral Venous Catheter: a Randomized Clinical Trial,Catheter Complications,NA,small_molecule
NCT06656351,B-FREE Chronic Babesiosis Study: A Phase 2 Open Label Study of Tafenoquine for Treatment of Chronic Babesiosis Patients With Severe Fatigue,Chronic Babesiosis,PHASE2,small_molecule
NCT07118644,Microbiote's Evolution After Use of Nitrous Oxide on Pediatric Patient Needing Airway Samples,Respiratory Ilness | Children,PHASE3,small_molecule
NCT03984565,PAIN: a Project Assessing the Impact of a Novel Cannabinoid Product,Chronic Pain,PHASE2,small_molecule
NCT05928390,A Double-blind Randomized Placebo-controlled Dose-finding Phase II Study to Assess the Efficacy and Safety of Pasireotide s.c. in Patients With Post-Bariatric Hypoglycaemia,Post-Bariatric Hypoglycemia,PHASE2,small_molecule
NCT07378605,Effect of Intraoperative Salbutamol Administration on Mechanical Power and Respiratory Mechanics in Obese Patients Undergoing Laparoscopic Bariatric Surgery,Bariatric Surgery,NA,small_molecule
NCT06560294,Glue Embolization Versus Conservative Treatment for Pelvic Congestion Syndrome: A Randomized Trial,Glue Embolization | Pelvic Congestion Syndrome,NA,small_molecule
NCT06464146,Pain Reduction for Limb Injuries in Pediatric Emergency Departments: A Randomised Clinical Trial Comparing Intranasal Fentanyl or Intranasal Ketamine to Oral Morphine,Limb Injury,PHASE3,small_molecule
NCT06892171,The Study of the Phenotype of Hereditary Xerocytosis,Xerocytosis | Phenotype | Genotype,NA,biologic
NCT06816407,"The Effect of Different Doses of Prucalopride on Improving Gut Function Recovery Following Elective Colorectal Surgery: a Randomized, Double-blind Study",Post-Op Complication,PHASE3,small_molecule
NCT07138391,The Efficacy of Chamomile Gummies on Dental Anxiety in Children A Randomized Clinical Trial,Dental Anxiety,PHASE2,small_molecule
NCT06657547,Urinary Concentration After Salmeterol in Well-trained Men and Females,Healthy,NA,small_molecule
NCT06251999,"Efficacy and Safety of Fospropofol Disodium Sedation for Same-day Bidirectional Endoscopy in Elderly Patients: a Prospective, Single-center, Randomized, Double-blind, Non-inferiority Trial",Elderly Patients,PHASE4,small_molecule
NCT04949633,Oxytocine Versus Prostaglandines Pour le déclenchement du Travail Des Femmes Dont le Col Est défavorable après 24 Heures de Maturation Cervicale : Essai Multicentrique randomisé de Non infériorité,Cervical Ripening | Unfavorable Cervix,PHASE3,biologic
NCT06247046,"A Multicenter, Randomized, Double-blind, Placebo Controlled, Phase 3 Study to Evaluate the Efficacy and Safety of Live SK08 Powder (Bacteroidetes Fragilis) in the Treatment of Patients With Irritable Bowel Syndrome With Diarrhea (IBS-D)",Irritable Bowel Syndrome With Diarrhea,PHASE3,small_molecule
NCT07022366,Investigating the Neuropsychological Effects of 5-HT2a Antagonism,Healthy,NA,small_molecule
NCT06861478,In-Hospital Morbidity Associated With Proton Pump Inhibitors in Acute Variceal Bleeding and Chronic Liver Disease Treatment,Morbidity,PHASE2,small_molecule
NCT06277505,Efficacy and Safety Evaluation of Prebiotics Combined With Quadruple Probiotics in Improving Functional Constipation: a Prospective Randomized Controlled Open-label Study,Functional Constipation,NA,combination
NCT07317856,Efficacy of Microneedling With Hyaluronic Acid Injection for Gingival Augmentation in Thin Gingival Phenotype: A Split- Mouth Randomized Clinical Trial,Thin Gingival Biotype,NA,combination
NCT06539494,Luminal Fructose Kinetics (MARTINI) (2024),MASLD,PHASE2,small_molecule
NCT05176379,Endothelial Derived Hyperpolarization Factor and Regulation of Cerebral and Muscle Blood Flow,Healthy,PHASE4,small_molecule
NCT05878015,A Randomized Study Comparing Intravenous (IV) Acetaminophen to Usual Care for Pain Management for Small Bowel Obstruction - Feasibility Study,Small Bowel Obstruction,PHASE4,small_molecule
NCT06217861,"An Open-Label, Dose-Escalation and Dose-Expansion Phase I Clinical Study to Evaluate the Tolerability, Safety and Efficacy of VGM-R02b in Patients With Glutaric Acidemia Type I",Glutaric Acidemia Type I | Glutaric Aciduria Type I,PHASE1,biologic
NCT06654986,The Importance of Amino Acid Availability in Modulating the Muscle Anabolic Response to β2-adrenergic Stimulation.,Healthy,NA,small_molecule
NCT07300046,A Randomized Study to Assess the Tolerability Profile of Two Concentrations of Liquid Metformin (100 mg/mL and 250 mg/mL) Compared With Standard Metformin Tablets,Healthy Volunteers,PHASE1,small_molecule
NCT06465056,Use of Botulinum Toxin A in Direct Eyebrow Lift Scar: a Randomized Controlled Clinical Trial,Skin Scarring | Eyebrow Ptosis,PHASE2,small_molecule
NCT03128866,Reducing Blood Loss in Hemipelvectomy Surgery With the Use Tranexamic Acid (TXA),Pelvic Mass,EARLY_PHASE1,small_molecule
NCT06822088,Effects of Esketamine on Oxygenation and Quality of Recovery in Patients Undergoing Thoracoscopic Surgery,Esketamine | One-lung Ventilation | Oxygenation Indices,PHASE4,small_molecule
NCT06850454,"A Prospective Randomized, Double-blind Controlled Trial of Olanzapine Versus Placebo in Addition to Ondansetron Plus Dexamethasone As Antiemetic Prophylaxis in Patients Receiving Moderately Emetogenic Chemotherapy",Chemotherapy Induced Nausea and Vomiting,PHASE3,small_molecule
NCT06660329,Efficacy and Safety of Tofacitinib in Patients with Refractory Blau Syndrome: a Prospective Cohort Study,Blau Syndrome,PHASE4,small_molecule
NCT06926933,"An Open Label, Single-group, Multicenter Study on the Efficacy and Safety of Leuprolide Acetate 45 mg for Injectable Suspension-controlled Release in Subjects With Central (Gonadotropin-dependent) Precocious Puberty",CPP,PHASE4,small_molecule
NCT06783621,"US HARMONY in DIVERSITY: A Prospective, Open-label Study to Evaluate Subject Satisfaction With the Overall Face and Neck Appearance After Combined Treatment",Facial Contouring,PHASE4,small_molecule
NCT06091904,Effects of Sufentanil on the Intraoperative Hemodynamic Parameters in Patients Undergoing Extracranial-intracranial Bypass Surgery: a Prospective Randomized Controlled Trial,Intraoperative Hypotension,NA,small_molecule
NCT07116395,Outcomes of Tranexamic Acid With Anticoagulants in Orthopaedic Trauma Procedures: A Prospective Study,Patients Undergoing Operative Fixation of Long Bone Fractures Within the Community Medical Centers System,PHASE4,small_molecule
NCT06875752,"Is There a Need for Luteal Support in Modified Natural Cycle Frozen Embryo Transfer Cycles: a Prospective, Multicenter, Randomized Trial",Luteal Support | Frozen Embryo Transfer (FET),PHASE4,small_molecule
NCT05570708,The Role of Personal Experience for the Therapeutic Attitude in the Context of Substance-assisted Therapy Training,"Personal Experience of Substance-assisted Therapy Using Psilocybin, MDMA, and LSD",NA,small_molecule
NCT07235917,"A Phase 2, Double-Blind, Placebo-Controlled Study to Investigate the Safety and Efficacy of Mibavademab in Adult Women With Functional Hypothalamic Amenorrhea",Functional Hypothalamic Amenorrhea (FHA),PHASE2,small_molecule
NCT06737016,"Efficacy and Safety of Tamsulosin, a Selective Alpha-1 Adrenergic Blocker, for Children with Posterior Urethral Valve: a Randomized Controlled Trial",Posterior Urethral Valve,PHASE3,small_molecule
NCT07119918,"PCSK9 Inhibitor for Intracranial Atherosclerotic Symptomatic Stenosis (PICASSO): A Prospective, Multicenter, Randomized, Double-blind, Placebo-controlled Trial",Symptomatic Intracranial Atherosclerotic Stenosis,PHASE3,small_molecule
NCT04026776,"Uric Acid, Klotho and Salt Sensitivity in Young Adults Born Preterm",Salt; Excess | Blood Pressure Disorders,EARLY_PHASE1,small_molecule
NCT07042555,"Efficacy of Cognitive Behavior Therapy, Pelvic Floor Therapy and Pharmacotherapy in the Treatment of Chronic Pelvic Pain in Women: A Comparative Study",Chronic Pelvic Pain Syndrome,NA,small_molecule
NCT07130617,"A Phase Ib, Multicenter, Randomized, Double-blind, Placebo-controlled Parallel Group Clinical Study Evaluating the Efficacy and Safety of Megestrol Acetate Oral Suspension in Preventing Nausea and Vomiting Induced by Highly Emetogenic Chemotherapy",Efficacy | Safety | Megestrol Acetate | Adult Subject,PHASE1,small_molecule
NCT05816343,"Long Term Efficacy and Safety of Orlistat for Type 1 Hyperlipoproteinemia: a Randomized, Double-blind, Placebo-controlled Trial",Type 1 Hyperlipoprotenemia,PHASE2,small_molecule
NCT06735755,"A Phase 1/2, Dose-Exploration Study to Evaluate the Safety and Efficacy of BEAM-301 in Patients With Glycogen Storage Disease Type Ia (GSDIa) Homozygous or Compound Heterozygous for the G6PC1 c.247C>T (p.R83C) Variant",Glycogen Storage Disease Type Ia,PHASE1,small_molecule
NCT06948526,Clinical and Radiographic Evaluation of Moringa Oleifera Leaf Extract Versus Sodium Hypochlorite as Intracanal Irrigations in Pulpectomy of Nonvital Primary Molars: A Randomized Clinical Trial,Nonvital Primary Molars,NA,small_molecule
NCT07419815,"Intravenous Lidocaine Infusion Versus Placebo, for Post Operative Acute Pain Control in Patients Undergoing Staging Laparoscopy",Side Effects of Opoid Consumption,NA,small_molecule
NCT04769206,"Enhancing Parasympathetic Activity to Improve Endothelial Dysfunction, Vascular Oxidative Stress in African Americans",Endothelial Dysfunction,PHASE1,small_molecule
NCT06548334,The Effectiveness of Lumber Regression Technique on Disc Bulge Randomized Control Trial,Disc Disease,NA,combination
NCT07039578,"An Open-Label, Multi-Center, Phase II Clinical Study Evaluating the Efficacy and Safety of CM336 Injection in the Treatment of Relapsed or Refractory Primary Light-Chain Amyloidosis",Primary Light-Chain Amyloidosis,PHASE2,biologic
NCT04173949,Explorative Study for Treating Persistent Developmental Stuttering With Ramipril,Persistent Developmental Stuttering,PHASE3,small_molecule
NCT06513533,"Effect of Dimethyl Fumarate Administered to Patients With Adrenomyeloneuropathy: a Multicenter, Placebo Controlled, Phase IIb/III Trial",Adrenomyeloneuropathy Without Cerebral Involvement,PHASE2,small_molecule
NCT05206955,"A Phase III, Randomized, Double-Blind, Placebo-Controlled Study Evaluating the Efficacy of Tadalafil Versus Placebo in Improving Hemodynamics and End-Organ Dysfunction in Fontan Physiology (TRIUMPH Trial)",Fontan Palliation,PHASE3,small_molecule
NCT06697106,Can COX-2 Inhibitor Decrease Stricture Recurrence After Direct Vision Internal Urethrotomy?,COX-2 Inhibitor | Meloxicam | Stricture Recurrence | Direct Vision Internal Urethrotomy,NA,small_molecule
NCT07196618,Effect of Dimethyl Sulfoxide Pretreatment on Tensile Bond Strength and Nanoleakage of Resin Composite Bonded to Aged Dentin,Bonding,NA,small_molecule
NCT06723782,Surgical Release of Hand Tendons with Wrapping of the Released Tendon Using an Amniotic Membrane,Tendon Adhesion | Tenolysis,PHASE2,biologic
NCT04871269,The Effect of Dronabinol on the Acquisition and Consolidation of Trauma-Associated Memories,Intrusive Memories,NA,small_molecule
NCT06479655,Compare the Efficacy and Outcome Between Fentanyl and Morphine as Analgo-sedation in Mechanically Ventilated Patients,Effect of Drug,PHASE4,small_molecule
NCT07388810,Study of Different Doses of Ripertamab in Children With Frequent Relapses or Steroid-Dependent Nephrotic Syndrome：An Open-label Randomized Controlled Trial,FRNS/SDNS | Ripertamab,NA,small_molecule
NCT06414889,Protocol Title: Safety and Feasibility of Autologous CD34+ Hematopoietic Stem Cells Mobilization and Apheresis in Participants With RUNX1 Familial Platelet Disorder,RUNX1 Familial Platelet Disorder,PHASE1,small_molecule
NCT06819189,Role of Metal Ion Transporter ZIP8 in Alcohol Related Behaviors,Healthy Volunteer,PHASE1,small_molecule
NCT06099080,Open-Label Study of the Safety and Efficacy of SM-020 Gel 1.0% in Subjects With Dermatosis Papulosa Nigra,Dermatosis Papulosa Nigra,PHASE2,small_molecule
NCT06122389,"A Double-blinded, Randomized, Multi-center Phase III Clinical Study of SHR2554 Versus Chidamide in Patients With Relapsed/Refractory PTCL",Relapsed/Refractory PTCLT With at Least One Line of Prior Systemic Therapy,PHASE3,small_molecule
NCT06974123,A Phase I/II Clinical Study to Evaluate the Safety and Efficacy of Oral Teslanbaicin in Patients With Radiation Proctitis,Safety,PHASE1,small_molecule
NCT07213960,"A Sequential Phase 2/3, Single-Arm, Open-Label Study in Adults Followed by a Randomized, Placebo-Controlled, Double-Blind, Multicenter Study to Evaluate the Efficacy and Safety of APL2 in Adults and Adolescents With Focal Segmental Glomerulosclerosis",FSGS,PHASE2,small_molecule
NCT07275424,"Open-Label, Single-Arm Phase 2a Pilot Study to Evaluate the Safety and Tolerability of a Daily Subcutaneous Dose of Elamipretide in Older Adults","Aging, Healthy",PHASE2,small_molecule
NCT02703480,"Comparison of d-PTFE Membrane With Titanium-mesh in Vertical Ridge Augmentation: A Split Mouth, Randomized Controlled Clinical Trial",Vertical Alveolar Bone Loss,NA,biologic
NCT06617182,"Efficacy and Safety of Thalidomide Combined With Glutamine in the Treatment of Radiation Intestinal Injury: a Single-center, Open-label, Randomized Controlled Study",Radiation Enteritis,PHASE2,biologic
NCT06356974,"An Intervention Study to Evaluate the Impact of Treating gHAT Seropositive Subjects With Acoziborole on Transmission of T.b. Gambiense, and Obtain Further Safety Data on Acoziborole in gHAT Seropositive Individuals",Human African Trypanosomiasis,PHASE3,small_molecule
NCT07156656,"Assessment of the Efficacy of Sivelestat Sodium Treatment in Post-operative Organ Dysfunction in Patients With Acute Type A Aortic Dissection (STOP): a Multicenter, Double-blind RCT","Type A Aortic Dissection | Organ Failure, Multiple",PHASE4,small_molecule
NCT07179003,A Phase 2 Study of Methylene Blue Photodynamic Therapy for Treatment of Breast Abscesses,Breast Abscess,PHASE2,small_molecule
NCT06584799,Comparative Assessment of the Efficacy and Safety of Venoactive Drug Treatment of Pelvic Venous Disorders,Pelvic Venous Disorders,PHASE3,small_molecule
NCT07423923,Representation of Spatiotemporal Information in Human Episodic Memory and Navigation,Scopolamine or Placebo | Schema to Organize Memory or no Schema,EARLY_PHASE1,small_molecule
NCT06792019,A Phase IB/II Clinical Study to Assess the Safety and Preliminary Efficacy of CM313(SC) Injection in Subjects With Platelet Transfusion Refractoriness,Platelet Transfusion Refractoriness,PHASE1,biologic
NCT04935021,Clinical Study Protocol of Transthyroxine Protein Amyloidosis Cardiomyopathy and Its Gene Carriers,Transthyroxine Amyloidosis Cardiomyopathy,PHASE4,small_molecule
NCT05398289,Four-week Duration Versus 6-week Duration of Therapy for the Treatment of Enterococcal Endocarditis,Enterococcal Endocarditis,PHASE4,small_molecule
NCT07102524,A Phase 1/2 Open-Label Intrathecal Administration of TSHA-105 to Determine the Safety and Efficacy in 2 Subjects With SLC13A5 Citrate Transporter Disorder Caused by a Mutation in the SLC13A5 Gene,SLC13A5 Citrate Transporter Disorder,PHASE1,small_molecule
NCT04284397,Identification of Critical Thermal Environments for Aged Adults,Aging,EARLY_PHASE1,small_molecule
NCT05643534,"A 12-Week, Randomized, Double-Blind, Placebo-Controlled, Phase 3 Study to Assess the Safety and Efficacy of Tenapanor for the Treatment of Irritable Bowel Syndrome With Constipation (IBS-C) in Pediatric Patients 12 to Less Than 18 Years Old",Irritable Bowel Syndrome With Constipation (IBS-C),PHASE3,small_molecule
NCT03998735,Nornicotine in Smokeless Tobacco as a Precursor for Carcinogen Exposure,Smokeless Tobacco,PHASE1,small_molecule
NCT07251608,"Randomized, Open-Label, Safety Pilot Study of Multiple Subcutaneous and Intramuscular Injections of Niagen® Plus",Healthy Volunteer | Fatigue,PHASE1,small_molecule
NCT06435949,Effect of Propofol in Combination With Oxycodone on Anxiety State in Painless Abortion - A Multicenter Randomized Controlled Trial,Abortion Complication,EARLY_PHASE1,small_molecule
NCT06227585,Feasibility Study- REVEAL 475 System for Bevonescein-Assisted Intra-Operative Visualization of Nerves in Head and Neck Surgery,Head and Neck Surgery,PHASE2,small_molecule
NCT06007391,Pilot Study of Tolerance and Efficacy Nicotinamide (vitamin B3) in Dominant Optic Atrophy OPA1,Nicotinamide Adverse Reaction,PHASE2,small_molecule
NCT07031115,"Linperlisib in Acquired Pure Red Cell Aplasia: a Single-arm,Cphase II Prospective Clinical Study",Acquired Pure Red Cell Aplasia,PHASE2,small_molecule
NCT05707208,"A Randomized, Controlled Phase II Study of Repeat Dose ST-01 (Lidocaine Polymer Solution) vs Lidocaine for Spermatic Cord Block in Men With Chronic Scrotal Content Pain",Chronic Pain,PHASE2,small_molecule
NCT04181476,Efficacy Evaluation of Products Against Long Wavelength Ultraviolet A1 and Visible Light Induced Biological Effects,Sun Damaged Skin,PHASE2,small_molecule
NCT03660917,"Riluzole in Patients With Spinocerebellar Ataxia Type 7: a Randomized , Double-blind, Placebo-controlled Pilot Trial With a Lead in Phase",SCA7,PHASE2,small_molecule
NCT06357897,"Faculty of Medicine, Chulalongkorn University",Functional Constipation,NA,small_molecule
NCT03167203,A Safety Surveillance Study of Events of Special Interest Occurring in Subjects With Macular Degenerative Disease Treated With Human Embryonic Stem Cell-derived Retinal Pigment Epithelial Cell Therapy,Macular Degenerative Disease,PHASE1,biologic
NCT07050212,"A Comparative Study of the Application of Remimazolam, Dexmedetomidine, and Esketamine in Pediatric Preoperative Sedation",Remimazolam | Dexmedetomidine | Esketamine,NA,small_molecule
NCT06244745,"Clinical and Endocrinological Effects of Letrozole During the Luteal Phase After Controlled Ovarian Stimulation in Oocyte Donors: a Low Interventional, Randomized, Controlled Trial",Luteinised Follicular Cyst,PHASE3,small_molecule
NCT06489327,Comparing Two Doses of Oral Melatonin as Premedication in Children Undergoing Surgery: A Double-Blind Randomized Trial,Preoperative Anxiety,NA,small_molecule
NCT07198685,"6 Months of Bedaquiline, Delamanid, Linezolid and Levoffoxacin in RR-TB Patients in Hubei Province",Treat to Target | Treatment Duration,NA,small_molecule
NCT07199595,Effect of Dexmedetomidine Versus Magnesium Sulfate Infusion on Intracranial Pressure and Cerebral Perfusion Pressure in Craniotomy Using Lumbar Drain Catheter,Craniotomy Surgery,NA,small_molecule
NCT07371728,Effect of Aprepitant on Post-operative Nausea and Vomiting in Otologic Surgery: A Pilot Randomized-Controlled Trial,Otologic Disease,PHASE4,small_molecule
NCT06813469,Multi-Dimensional Genomic Dissection of Ring Chromosome 14 Syndrome,Ring 14,NA,gene_therapy
NCT05227742,"Exploratory Study of the Effects of Low-Dose Psilocybin on Sensory Processing, Neurophysiological Arousal, and Emotional Health",Demoralization,EARLY_PHASE1,small_molecule
NCT07342413,"A Single-center Prospective Double-Blind, Split-Body, Randomized Clinical Study Comparing Glycerin With 1% Lidocaine and Epinephrine Versus Glycerin With 1% Lidocaine Without Epinephrine for the Sclerotherapy of Leg Telangiectasias",Leg Veins,PHASE4,small_molecule
NCT06966856,Sublingual Versus Oral Vitamin B12 for Acute Hypovitaminosis B12 Secondary to Proton Pump Inhibitors: A Prospective Randomized Study,Hypovitaminosis b 12,PHASE3,small_molecule
NCT03720262,Prevention of Hernia After Loop Ileostomy Reversal,Loop Ileostomy,PHASE2,combination
NCT06081894,"A Phase 3, Multi-Center, Randomized, Double-Blind Trial to Evaluate the Efficacy and Safety of Aficamten Compared to Placebo in Adults With Symptomatic Non-Obstructive Hypertrophic Cardiomyopathy",Symptomatic Non-Obstructive Hypertrophic Cardiomyopathy,PHASE3,small_molecule
NCT04003805,Biomarkers of Exposure and Effect in Standardized Research E-cigarette (SREC) Users,"Smoking, Cigarette",PHASE1,small_molecule
NCT06985524,Clinical and Preparation Studies of Traditional Chinese Medicine Compound(Weipi Formula) in the Treatment of Epigastric Stuffiness Syndrome,Functional Dyspepsia(FD) Was Studied,NA,small_molecule
NCT05325580,Intravenous Magnesium Sulfate Vs Placebo to Treat Non-traumatic Acute Headaches in the Emergency Department,Head Pain,PHASE3,small_molecule
NCT07066527,"Efficacy and Safety Analysis of More Stable Foam and Ordinary Foam Based on Polylauricol in the Treatment of Head and Neck Venous Malformations: a Prospective, Randomized and Controlled Study",Venous Malformation,NA,combination
NCT06752603,"A Phase IIa, Randomized, Double-blind, Placebo Controlled, Parallel Group, Multi-center Trial to Evaluate the Efficacy and Safety of ONO-1110 in Patients With Hunner Type Interstitial Cystitis",Hunner Type Interstitial Cystitis,PHASE2,small_molecule
NCT05509127,Evaluation of Cervical Restorations Performance Using Modified Universal Adhesive Compared to Conventional Universal Adhesive: A Randomized Clinical Trial,Clinical Performance,PHASE1,small_molecule
NCT03415828,Intradiscal Gelified Ethanol Versus Intradiscal Steroid in Refractory Lumbar Discogenic Pain: a Randomized Single-blind Study,Lumbar Discogenic Pain (Disorder),NA,small_molecule
NCT07232095,7-Day Vonoprazan-High-Dose Amoxicillin-Bismuth Therapy for First-Line Eradication of Helicobacter Pylori: A Multicenter Randomized Controlled Trial,Helicobacter Pylori,PHASE4,small_molecule
NCT06873126,A Two-group Experimental Trial to Promote Sports and Exercise Among Female University Students in Saudi Arabia: the Relationship Between Mental Health and Adherence to Phyicsal Activity,Mental Health,PHASE3,combination
NCT06932328,"A Randomized, Double-Blind, Dose-Exploration, Multicenter Phase II Clinical Trial to Evaluate the Efficacy and Safety of Qin Qiao Yan Shu Granules in the Treatment of Acute Pharyngitis (Exterior Wind-Heat Syndrome)",Acute Pharyngitis,PHASE2,small_molecule
NCT06729034,A Single-center Blinded Crossover Study Investigating the Efficacy of Apixaban in Patients with Painful Venous Malformations with Localized Intravascular Coagulation,"Venous Malformation, Low Flow | Anticoagulants",PHASE2,small_molecule
NCT06217393,Randomized Multicentre Open-label Study to Investigate the Non-inferiority of Itopride Hydrochloride 150mg Once Daily Versus Itopride Hydrochloride 50 mg Thrice Daily in Subjects With Functional (Non-ulcer) Dyspepsia or Chronic Gastritis,Functional Dyspepsia,PHASE3,small_molecule
NCT07215000,Cleansing Options in Outpatient Setting to Improve Tolerance (COOP SIT) Trial,Colorectal Cancer Screening | Bowel Cleansing for Colonoscopy,PHASE4,small_molecule
NCT06839391,Effect of Hyaluronidase in Different Doses Added to Bupivacaine on TAB Block Quality During CS,Tab Block Qaulity,EARLY_PHASE1,small_molecule
NCT06919523,Clinical Study to Evaluate the Efficacy and Safety of Dapagliflozin in Patients With Refractory Cirrhotic Ascites,Refractory Ascites,PHASE2,small_molecule
NCT07242300,A Phase III Clinical Study to Evaluate the Efficacy and Safety of Recombinant Botulinum Toxin Type A (Eveotox) in Adult Patients With Upper Limb Spasticity,Upper Limb Spasticity (ULS),PHASE3,small_molecule
NCT04317664,Intervention to Improve Driving Practices Among High-Risk Teen Drivers,"Drive | Recidivism | Communication | Feedback, Psychological",PHASE3,combination
NCT04044820,Discharge Opioid Prescription for Ambulatory Hand and Forearm Surgery: A Randomized Controlled Trial,Opioid Use,NA,small_molecule
NCT04611880,A Trial of Crizanlizumab for the Treatment of Retinal Vasculopathy With Cerebral Leukoencephalopathy (RVCL),RVCL - Retinal Vasculopathy Cerebral Leukoencephalopathy,PHASE2,monoclonal_antibody
NCT05761080,"Evaluation of a Therapeutic Strategy to Shorten Hospital Stay in Complicated Pediatric Appendicitis: A Randomized, Parallel, Multicenter, Open-Label Clinical Trial",Laparoscopic Appendectomy | Complicated Appendicitis | Periappendicular Abscess,PHASE4,small_molecule
NCT05722860,Effect of Oral L-Citrulline on the Peripheral and Central Endothelial Function in Young and Older Adults,Aging,PHASE1,small_molecule
NCT06951191,Applying a New Method for Pain Control in Intrauterine Device Insertion,IUD Insertion Pain | IUD Insertion,PHASE4,small_molecule
NCT06175403,Niacin Regulation of Regional Adipose Tissue Lipolysis,Excessive Weight Gain,EARLY_PHASE1,small_molecule
NCT06413862,Efficacy and Safety of Ciprofol Versus Propofol in Patients Undergoing Painless Hysteroscopy,Painless Hysteroscopy,NA,small_molecule
NCT03947450,Autologous Volar Fibroblast Injection Into the Stump Site of Amputees,Amputation | Skin Wound | Stem Cell,PHASE2,biologic
NCT03004118,Therapeutic Effect of Ursodeoxycholic Acid on Duodenal Permeability and Meal Related Sensory Motor Function in Functional Dyspepsia Patients,Functional Dyspepsia,PHASE4,other_drug
NCT05282706,A Placebo-controlled Clinical Trial Investigating the Use of Aromatherapy in Conjunction With Physical/Occupational Therapy in an Acute Care Setting,"Suffering, Physical | Nausea",PHASE1,small_molecule
NCT07122024,Efficacy and Safety of Keverprazan-amoxicillin Dual Therapy for Helicobacter Pylori First-line Treatment,Helicobacter Pylori,PHASE4,small_molecule
NCT03995108,"A Phase 3, Randomized, Double-Blind, Placebo-Controlled, Multicenter Study of Mavorixafor in Patients With WHIM Syndrome With Open-Label Extension",WHIM Syndrome,PHASE3,small_molecule
NCT06544434,Laser Acupuncture for Meniere Disease: A Randomized Controlled Trial,Meniere Disease,PHASE2,small_molecule
NCT07073716,"TAC, SOD and MDA Responses to Aerobic Exercise Versus Phoenix Seed in Obese Sedentary Females","Aerobic Exercise Phoenix Seed, Antioxidant Potential",NA,other_drug
NCT07323446,"8-Week Double-Blind, Randomized Controlled Study of N-Acetylcysteine and Neuroimaging in Children Ages 6-12 With Emotional Dysregulation",Emotional Dysregulation,EARLY_PHASE1,small_molecule
NCT05024344,"Erector Spinae Plane Block Versus Control for Pain Control Following Percutaneous Nephrolithotomy: A Randomized, Double-Blind, Placebo Controlled Study","Nephrolithotomy, Percutaneous",NA,small_molecule
NCT04903002,"Evaluating the Efficacy of Intranasal Oxytocin on Pain and Function Among Individuals Who Experience Chronic Pain: A Multisite, Placebo-controlled, Blinded, Sequential, Within-subjects Crossover Trial",Chronic Pain,PHASE2,small_molecule
NCT06533865,Romosozumab as an Adjunct to Physiologic Estrogen Replacement in Adolescents and Young Adults With Functional Hypothalamic Amenorrhea,FHA (Functional Hypothalamic Amenorrhea),PHASE3,monoclonal_antibody
NCT06804980,The DEterminig Statin Intolerance for Rosuvastatin Trial,Statin Therapy | Statin Adverse Reaction | Statin,PHASE4,small_molecule
NCT07057414,"Phase IIa, Randomized, Double-Blind, Placebo-Controlled, Single-Center Clinical Study to Evaluate the Safety and Efficacy of GMDTC for Injection in Subjects With Elevated Cadmium Levels",Cadmium Exceeds the Standard,PHASE2,small_molecule
NCT06274333,"The Effect of Adding Dexmedetomidine or Tramadol to Paracetamol- An Effort to Attenuate Catheter Related Bladder Discomfort: A Randomized, Triple-Blind Clinical Trial",Percutaneous Nephrolithotripsy (PCNL),PHASE3,small_molecule
NCT06312475,"A Randomized, Open-label Study to Evaluate the Efficacy and Safety of KN057 Injection Prophylaxis in Patients With Hemophilia A or B With Inhibitors",Hemophilia A With Inhibitor | Hemophilia B With Inhibitor,PHASE3,small_molecule
NCT07115667,A Prospective Single-Arm Clinical Trial of Radiation Combined With BCMA/CD3 Bispecific Antibody Therapy for Solitary Bone Plasmacytoma With Mild Bone Marrow Infiltration,Solitary Bone Plasmacytoma | Plasmacytoma of Bone | Plasma Cell Disorders,PHASE2,monoclonal_antibody
NCT06680882,The Second Hospital Affiliated Anhui University of Chinese Medicine,Slow Transmission Constipation,PHASE2,small_molecule
NCT03275584,Sûreté de la Perfusion Myocardique Par la Tomographie d'émission Par Positron Avec l'Ammoniaque marqué au N-13 du Centre de Recherche du Centre Hospitalier de l'Université de Montréal,N-13 Ammonia Safety,PHASE4,small_molecule
NCT06884657,Propofol Level at TCI During Mannitol,Mannitol Adverse Reaction,PHASE4,small_molecule
NCT05968937,"Baclofen in Chronic Pelvic Pain, a Randomized, Double-Blind, Placebo Controlled Trial",Chronic Pelvic Pain Syndrome,PHASE2,small_molecule
NCT06504446,"A Phase 2b, Randomized, Double-Blind, Placebo-Controlled Study to Assess the Efficacy, Safety, and Tolerability of Taplucainium Inhalation Powder (NOC-110) in Adults With Refractory or Unexplained Chronic Cough",Refractory or Unexplained Chronic Cough,PHASE2,small_molecule
NCT06395038,"A Phase I Clinical Trial, Using Interleukin-2 (IL-2) and Abatacept in Patients with Frontotemporal Disorders",Frontotemporal Degeneration,PHASE1,small_molecule
NCT03588754,"Does Propranolol, a Beta Blocker, Attenuate Stress-Induced Drinking?",Alcohol Drinking,PHASE2,small_molecule
NCT02615184,"A Phase 2, Double-Blind, 36-Week, Multicenter Study to Assess the Safety and Effectiveness of Daily Oral Administration of Dexlansoprazole Delayed-Release Capsules for Healing of Erosive Esophagitis (EE) and Maintenance of Healed EE in Pediatric Subjects Aged 2 to 11 Years With EE",Erosive Esophagitis,PHASE2,small_molecule
NCT06977841,"Efficacy and Safety of Tegoprazan-Amoxicillin and Tegoprazan-Tetracycline Dual Therapy for Helicobacter Pylori Eradication: A Prospective, Randomized Controlled Study",Helicobacter Pylori Eradication | High-dose Dual Therapy,NA,small_molecule
NCT04376216,"Prednisolon Behandling Ved Akut Interstitiel Nefritis - et Randomiseret, Prospektivt Studie",Acute Tubulo-Interstitial Nephritis,PHASE4,small_molecule
NCT06232473,"Efficacy of Patient Education and Duloxetine, Alone or in Combination, for Patients With Multisystem Functional Somatic Disorder",Functional Disorder,PHASE4,small_molecule
NCT06596057,Head of Hematology，Vice President and Secretary-General of Shandong Stem Cell Society,Safety and Efficacy,EARLY_PHASE1,biologic
NCT07401394,BAR-TAX - Tranexamic Acid in Bariatric Surgery. Use of Tranexamic Acid and Bleeding Management in Bariatric Surgery: A Prospective Study in a High-Volume Center.,Bariatric Surgery | Bariatric Patients | Bariatric Surgery Complications | Bleeding | Tranexamic Acid,NA,small_molecule
NCT06976411,Prospective Evaluation for Healing of Iatrogenic Perforation After Repair With Different Materials,Root Perforation at the Bifurcation Area,PHASE4,small_molecule
NCT06365632,"A Prospective, Randomized, Parallel, Single-blind Clinical Study of the Effectiveness, Tolerability and Safety of the Drug ""Anti-spike, Gel, 100 g in Bottles in Package No. 1"" Produced by the Republican Unitary Enterprise ""Unitekhprom BSU"", Belarus, With a Single Intraperitoneal Use After Surgical Interventions in Adult Patients With Acute Phlegmonous Appendicitis",Abdominal Adhesions,PHASE2,small_molecule
NCT07145034,"Evaluation Of Efficacy And Safety Of Prosman™ (Prunus Domestica Extract) On Prostate Function, Serum Testosterone Levels And Quality Of Life",Healthy,NA,small_molecule
NCT05396144,Evaluation of Nitrous Oxide Use in GI Endoscopy Procedures: Potential for Optimizing Sedation and Minimizing Side-Effects During Recovery,Endoscopy | Colonoscopy,PHASE4,small_molecule
NCT05736744,Effect of Magnesium Sulphate Pretreatment on the Onset and Duration of Intense and Deep Neuromuscular Block of Rocuronium Versus Cis-Atracurium in Pediatric Abdominal Surgery,Muscle Relaxation,PHASE2,small_molecule
NCT06817551,Comparison of Outcomes of Management of Bowel Obstruction (COMBO) Pilot,Adhesive Small Bowel Obstruction,PHASE4,small_molecule
NCT04501016,A Stepped Care Approach to Treating Tobacco Use in Rural Veterans,Tobacco Cessation,PHASE2,small_molecule
NCT05703672,4th Generation E-cigarettes: Reducing Harm and Quitting Combustible Cigarettes in Dual Users,Smoking Reduction,PHASE3,small_molecule
NCT07378657,Systematic Management Approach for Children and Adolescents With Orbital Lymphatic Malformation,Orbital Lymphatic Malformation,PHASE3,small_molecule
NCT07174856,The Misoprostol-Only Regimen Evidence (MORE) Study: A Randomized Controlled Trial Comparing the Misoprostol-only Regimen Versus the Combined Mifepristone and Misoprostol Regimen for Medication Abortion,"Abortion, Medical",PHASE4,small_molecule
NCT06645275,"Point-of-Care Testing (POCT) for Guided Precision Anticoagulation With Warfarin: A Multicenter, Non-concurrent Controlled Study",Anticoagulation,PHASE4,gene_therapy
NCT05112081,Evaluation of Botox Treatment in Patients With Chronic Scrotal Pain: a Randomized Double Blinded Control Trial,Scrotum Disease | Chronic Pain,PHASE4,small_molecule
NCT07257055,Phase 2 Study of BTKi-Rituximab Induction Followed by Glofitamab Consolidation in High Risk Untreated MCL Patients - WINDOW-4 Study,Phase 2 Study | MCL | BTKi | Rituximab | Glofitamab,PHASE2,monoclonal_antibody
NCT05424263,The Short-chain Fatty Acid Acetate for Improving Age-associated Arterial Dysfunction,Aging | Vascular Stiffness | Vascular Dilation,PHASE2,small_molecule
NCT06745336,Clinical Study of CS-001 As a Treatment for Canities (Grey Hair),Canities | Grey Hair,PHASE3,small_molecule
NCT04778644,Hippocampal Response to Acute Oral Doses of CBD During an fMRI Memory Task,CBD,PHASE1,small_molecule
NCT06497647,Outcome of Treatment of Monosymptomatic Nocturnal Enuresis in Children Using Imipramine Alone Versus Sulbutiamine Alone Versus Imipramine Plus Sulbutiamine : Prospective Comparative Study,Nocturnal Enuresis in Children,NA,small_molecule
NCT05858944,Home Blood Pressure Intervention in the Community Trial,Home Blood Pressure,NA,small_molecule
NCT06820931,Indicators and Evaluation of Efficacy of Yin-nourishing and Fire-reducing Chinese Medicine for Girls With Rapid Progression of Early Puberty,Puberty Changes,PHASE4,small_molecule
NCT05995535,Pregabalin Plus Lofexidine for the Outpatient Treatment of Opioid Withdrawal,Opiate Withdrawal Syndrome | Opioid Use,PHASE2,small_molecule
NCT01464606,International Pleuropulmonary Blastoma (PPB) Treatment and Biology Registry Protocol,Pleuropulmonary Blastoma,NA,small_molecule
NCT06159608,Sex Differences in the Vascular Effects of E-cigarette Use,E-cigarette Use,EARLY_PHASE1,small_molecule
NCT04685304,Pharmacogenomics Applied to Chronic Pain Treatment in Primary Care,Chronic Pain,NA,gene_therapy
NCT03289949,The Neurobiological Effect of 5-HT2AR Modulation,Basic Science,PHASE1,small_molecule
NCT06813963,"A Randomized, Double-Blind, Multicenter, Placebo-Controlled Study to Evaluate the Efficacy and Safety of Minoxidil in the Repigmentation of White Hair in Adults",Grey Hair,PHASE4,small_molecule
NCT07284693,Clinical Study Evaluating the Efficacy of Phenolic Complex k110-42 Therapy on Cognitive Functions of Children With Down Syndrome,Cognitive Functions,PHASE3,small_molecule
NCT04938765,Randomized and Placebo Controlled Study to Evaluate the Effect of Magnesium Sulfate on Intraoperative Neuromonitoring.,Intraoperative Neurophysiological Monitoring | Magnesium Sulfate,PHASE4,small_molecule
NCT05521828,Luteal Phase Ovarian Stimulation With Follitropin Delta and Dydrogesterone: a Randomized Cross Over Pilot Trial,Oocyte Donors | Oocyte Donation,NA,small_molecule
NCT07328100,"A Randomized, Double-blind, Parallel Controlled Clinical Trial to Evaluate the Efficacy of Coenzyme I for Injection in the Treatment of Vascular Aging（Pilot Stydy）",Vascular Aging | NAD,NA,small_molecule
NCT05757999,Effect of Magnesium Sulphate Pretreatment on Cis-Atracurium Induced Neuromuscular Block and Recovery Characteristics: A Randomized Controlled Trial.,Muscle Relaxation,PHASE2,small_molecule
NCT06804993,Rectocele Repair with or Without Internal Sphincter Botulinum Toxin Injection: a Prospective Randomized Trial,Obstructed Defaecation Syndrome | Anterior Rectocele,PHASE4,small_molecule
NCT06482671,A Randomized Controlled Trial of Rikkunshito (TJ-43) in Functional Dyspepsia Patients Recruited From Primary Care,Dyspepsia and Other Specified Disorders of Function of Stomach | Postprandial Distress Syndrome,PHASE3,small_molecule
NCT06731348,Patient Satisfaction With Opioid Restriction After Urogynecologic Surgery: A Randomized Non-Inferiority Trial,Patient Satisfaction | Opioid Use After Surgery | Urogynecologic Surgery,PHASE4,small_molecule
NCT05345197,"Emicizumab in Patients With Acquired Hemophilia A: Multicenter, Single-arm, Open-label Clinical Trial",Acquired Hemophilia A,PHASE2,monoclonal_antibody
NCT07224490,Kisspeptin to Quantify GnRH Neuronal Function in Health and Disease,Reproductive Disorder | Neurodegeneration | SARS-CoV 2,PHASE1,small_molecule
NCT06310538,Clinical Study on the Treatment of Breast Hyperplasia With Kou Sha Therapy Based on,Breast Hyperplasia,NA,small_molecule
NCT06977750,"A Multicenter, Randomized, Double-blind, Positive Controlled Clinical Study on the Efficacy and Safety of Succinylated Gelatin Electrolyte Sodium Acetate Injection for Acute Isovolumetric Hemodilution (ANH) in Elective Surgery",Acute Normovolemic Hemodilution,NA,small_molecule
NCT07161726,Cocoa to Maximize Exercise Training in Older Adults - The COMET Trial,Mobility Disability,PHASE1,combination
NCT06905444,Effects of Multimodal Therapy Versus Myofascial Release Techniques in Patient With Upper Cross Syndrome,Upper Extremity Dysfunction,NA,combination
NCT05528926,"Parent Training for the Treatment of Irritability in Children and Adolescents: a Multisite Randomized Controlled, 3-parallel-group, Evaluator-blinded, Superiority Trial",Irritable Mood,NA,small_molecule
NCT06070532,"A Patient Sponsored Ongoing Open-label Single-arm, Safety and Efficacy, Phase I/IIa Clinical Study of Cellcolabs' Human Allogeneic Bone-marrow-derived Mesenchymal Stromal Cell Product (StromaForte) in Patients With Aging Frailty",Frailty,PHASE1,biologic
NCT06041048,Investigation of Locus Coeruleus Function in Sustained Attention,Attention - no Condition is Being Assessed - Healthy Adults,PHASE4,small_molecule
NCT06793748,"An Adaptive Two-Part, Phase 1/2, Multi-Center, Double-Blinded, Randomized, Controlled Study of the Safety and Efficacy of Topically Applied PEP-TISSEEL in Participants With Chronic Radiation Ulcer",Chronic Radiation Ulcer,PHASE1,combination
NCT04591574,Anaemia Management With Red Blood Cell Transfusion to Improve Post-intensive Care Disability: a Randomised Controlled Trial (The ABC Post-intensive Care Trial),Anemia Acute | Fatigue | Physical Disability | Quality of Life,NA,biologic
NCT04517149,"An Open-label, Phase 1/2 Trial of Gene Therapy 4D-125 in Males With X-linked Retinitis Pigmentosa (XLRP) Caused by Mutations in the RPGR Gene",X-Linked Retinitis Pigmentosa,PHASE1,gene_therapy
NCT06826443,A Comparative Evaluation of Mosapride Versus Metoclopramide for Enteral Feeding Intolerance in Critically Ill Patients,Enteral Feeding Intolerance,PHASE3,small_molecule
NCT06981741,Phase I/IIa Study to Test the Safety and Efficacy of MSC From Umbilical Cord Tissue (UC-MSC) for the Treatment of Cartilage Damage in the Knee Joint,Cartilage Damage,PHASE1,biologic
NCT06678451,Effect of Sugammadex on Quality of Recovery Following Laparoscopic Bariatric Surgery,Laparoscopic Bariatric Surgery | Sugammadex,NA,small_molecule
NCT04490031,Randomized Control Study Evaluating Ketamine as Sedative Agent in Endoscopic Retrograde Cholangiopancreatography (ERCP),Ketamine Adverse Reaction,PHASE4,small_molecule
NCT06237751,Preoperative Sildenafil Administration for Hepatectomy,Central Venous Pressure | Hepatectomy | Hemodynamics Instability | Sildenafil,NA,small_molecule
NCT07271303,"A Prospective, Randomized, Double-Blind, Placebo-Controlled Clinical Study to Evaluate the Efficacy and Safety of Hyoscine Butylbromide Capsules for Preoperative Preparation in Painless Gastrointestinal Endoscopy Procedures",Painless Gastrointestinal Endoscopy,NA,small_molecule
NCT07300670,The Effect of Losartan on Cephalexin,Possible Interaction Between Losartan and Cephalexin | Healthy,PHASE1,small_molecule
NCT06621680,Effect of Connective Tissue Massage on Premenstrual Syndrome,Premenstrual Syndrome,NA,small_molecule
NCT05697328,Pseudoephedrine Prophylaxis for Prevention of Middle Ear Barotrauma in Hyperbaric Oxygen Therapy,Barotrauma,NA,small_molecule
NCT07023952,Effect of Phenol Addition to Laser Treatment on Epithelialization and Healing Process in Pilonidal Sinus: A Prospective Randomized Controlled Clinical Trial,Pilonidal Sinus Disease | Laser Therapy,NA,small_molecule
NCT06890533,"A Phase Ⅲ, Randomized, Double-Blind, Placebo- and Active-controlled Study of YZJ-4729 Tartrate Injection for the Treatment of Moderate to Severe Pain After Abdominal Surgery",Pain,PHASE3,small_molecule
NCT04271332,"An Exploratory, Randomized, Double-Blind, Placebo-Controlled and Open-label Extension Study of the Safety, Tolerability, and Efficacy of Arbaclofen in Subjects With 16p11.2 Deletion",16P11.2 Deletion Syndrome,PHASE2,small_molecule
NCT05905926,An Open-Label Long-Term Safety Study of Tenapanor for the Treatment of Irritable Bowel Syndrome With Constipation (IBS-C) in Pediatric Patients 6 to Less Than 18 Years Old,Irritable Bowel Syndrome With Constipation (IBS-C),PHASE3,small_molecule
NCT06527131,Pulsed Electromagnetic Field Stimulation and Charcot Foot Ulcer: a Randomized Controlled Trial,Charcot Foot Ulcer,NA,biologic
NCT04856982,"A Phase 3 Randomized, Placebo-Controlled Trial With a Longitudinal Natural History Run-In and Open-Label Extension to Evaluate BIIB067 Initiated in Clinically Presymptomatic Adults With a Confirmed Superoxide Dismutase 1 Mutation",Amyotrophic Lateral Sclerosis Associated With a SOD1 Gene Mutation,PHASE3,oligonucleotide
NCT06603857,"A Prospective, Placebo-controlled, Double-blinded, Randomized Clinical Trial Evaluating the Efficacy and Tolerability of Pre and Post Care Skincare Regimen Paired With 1927nm Diode Fractional Laser for Photodamage on the Face",Improve Photoaging Signs,PHASE2,small_molecule
NCT06620939,The Effect of Levonorgestrel Intrauterine System in Preventing Endometrial Polyps Recurrence After Hysteroscopic Polypectomy: Protocol of a Multi-center Randomised Controlled Trial,Endometrial Polyp,NA,small_molecule
NCT04989257,24-month Ticagrelor-based Dual-antiplatelet Therapy Versus Clopidogrel-based Dual-antiplatelet theRapy aftEr 12 Months of DrUg-eluting Stent Implantation in High isChEmic Risk Patients: P-REDUCE Trial,High Ischemic Risk,NA,small_molecule
NCT06212492,Effects on Biotrauma of Combining Routine CURArization With Prone Positioning During Adult Acute Respiratory Distress Syndrome,Moderate to Severe Acute Respiratory Distress Syndrome,NA,small_molecule
NCT06772753,Investigation of Psychedelic Effects in Psychoactive Substances,Psychedelic Effects in Healthy Volunteers,PHASE1,small_molecule
NCT06714695,Evaluation of the Effective Concentration of Chitosan Mouthwash on the Recurrence of Black Stains in Pediatric Patients. a Crossover Controlled Clinical Trial,Black Stains,NA,small_molecule
NCT06756191,Evaluation on Efficacy and Safety of Liposomal Amphotericin B(AmBisome® ) Combination with Isavuconazole Versus AmBisome® Alone for Treatment of Patients with Pulmonary Mucormycosis,Pulmonary Mucormycosis,PHASE4,small_molecule
NCT06237231,"Phase III, Multicenter, Double-blind, Triple-dummy, Randomized, Parallel Clinical Trial to Evaluate the Efficacy and Safety of DIT112 in the Treatment of Moderate to Severe Pain After Dental Surgery for the Extraction of Impacted Third Molars",Moderate Pain | Severe Pain,PHASE3,small_molecule
NCT05678647,Randomized Open Comparative Trial of Oral Sucrosomial Iron (SiderAl Forte®) and Oral Iron Sulphate (Duroferon®) to Blood Donors.,Blood Donation,NA,small_molecule
NCT06492850,A Phase I/II Dose-escalation and Dose-expansion Study to Evaluate the Safety and Efficacy of FT-002 Subretinal Injection in Subjects With RPGR Gene Mutation-associated X-linked Retinitis Pigmentosa.,X-Linked Retinitis Pigmentosa (XLRP),PHASE1,gene_therapy
NCT05696691,A Randomized Pilot Trial of Intramuscular Ketamine and Crisis Response Planning for Suicide Prevention in the Emergency Department,Suicide,PHASE2,small_molecule
NCT07180563,Randomized Controlled Trial of Berberine in Combination With Doxycycline in the Treatment of Chronic Endometritis,Chronic Endometritis,PHASE1,small_molecule
NCT06382155,"A Phase 2, Randomized, Controlled, Multicenter Study of Vosoritide in Children with Idiopathic Short Stature",Idiopathic Short Stature,PHASE2,biologic
NCT07145060,A Randomized Controlled Study of Yiqi Yangyin Formula in the Treatment of Primary Sjogren's Syndrome,Primary Sjögren's Syndrome (pSS),NA,small_molecule
NCT06896617,Impact of the Presence of the Corpus Luteum on Pregnancies Obtained Through Frozen Embryo Transfer(FET): a Prospective Randomized Controlled Study,Infertilities | Embryo Transfer,PHASE4,small_molecule
NCT07317700,"A Randomized, Open-label, Positive-controlled, Parallel-grouped, Multicenter Phase III Clinical Trial on the Efficacy and Safety of Flonoltinib Maleate Tablets in Patients With Intermediate- or High-risk Myelofibrosis",MF,PHASE3,small_molecule
NCT05852171,A Prospective Open-label Single-arm Clinical Study of the Efficacy of Baricitinib for Idiopathic Granulomatous Mastitis in a Single Institution,Mastitis Chronic | Idiopathic Granulomatous Mastitis,PHASE2,small_molecule
NCT04585893,"LCCC 1950 - Rituximab for Multicentric Castleman Disease in Malawi, A Single-Arm Phase II Safety/Efficacy Trial",Multicentric Castleman Disease,PHASE2,monoclonal_antibody
NCT06763172,Measure Striatal Adenosine-dopamine Receptors Interactions: from Molecule to Behaviors,Healthy | Caffeine | Adenosine | Dopamine D2/3 Receptor Availability,PHASE4,small_molecule
NCT06569628,"Validation Study of the Implementation of Narrative Care Methodology, Life Stories and Biographies in Long-Term Care Centres for Old-Adults",Long-term Care Centres for Old Adults Users | Relatives of Long-term Care Centres for Old Adults Users | Long-term Care Centres for Old Adults Professionals,NA,combination
NCT06765564,Clinical Study of Human Induced Pluripotent Stem Cells Derived Motor Neuron Precursor(iPSC-MNP) Cells for the Treatment of Amyotrophic Lateral Sclerosis (ALS),ALS,NA,small_molecule
NCT04781634,Study Evaluating Safety and Efficacy of CD19 and CD22 Targeted Prime CAR-T Cell in Patients With Relapsed/Refractory B-ALL,B-ALL,PHASE1,biologic
NCT06952699,"A Randomized, Double-Blinded, Placebo-Controlled, Dose-Finding, Adaptive Trial to Evaluate the Safety, Tolerability, and Efficacy of TAK-360 in Participants With Narcolepsy Without Cataplexy (NT2)",Narcolepsy Type 2,PHASE2,small_molecule
NCT05866471,Activating Neuroplasticity to ENHANCE the Perception Box Expanding Effects of Psilocybin,Healthy | Psychedelic Experiences | Vagus Nerve Stimulation,PHASE1,small_molecule
NCT06848764,A Randomized Double-Blind Trial Comparing Lidocaine and Dexmedetomidine Infusions for Intraoperative Bleeding in Patients Undergoing Functional Endoscopic Sinus Surgery,Lidocaine | Dexmedetomidine | Infusion | Intraoperative Bleeding | Functional Endoscopic Sinus Surgery,NA,small_molecule
NCT06248645,Oxygen Therapy As an Acute Treatment for Dystonic And/or Plegic Attacks in Alternating Hemiplegia of Childhood,Alternating Hemiplegia of Childhood,PHASE2,small_molecule
NCT06259565,Non-invasive Ventilation and Dexmedetomidine in Critically Ill Adults: An International Pragmatic Randomized Controlled Trial (inDEX Trial),Non-Invasive Ventilation,PHASE3,small_molecule
NCT07265791,"Multicenter, Randomized, Subject & Independent Evaluator-blind, Matched Pairs, Active-controlled, Non-inferiority, Pivotal Study to Evaluate the Efficacy and Safety of Injection With JTM104 as Compared to Juvederm® ULTRA PLUS XC in Temporary Correction of Moderate to Severe Nasolabial Folds","Nasolabial Folds, Wrinkles",NA,biologic
NCT07378865,"A Phase 1, Open-label, Single-dose Study Evaluating the Excretion of Suzetrigine Into Breast Milk in Healthy Lactating Female Subjects",Pain,PHASE1,small_molecule
NCT07223840,"A Phase 2, Multicenter, Randomized, Double-Blind Study to Investigate the Efficacy and Safety of Brenipatide Compared With Placebo for Reduction in Risk of Relapse to Cigarette Smoking in Adults (RENEW-Smk-1)",Smoking,PHASE2,small_molecule
NCT07297381,Neuromuscular Electrical Stimulation and Action Observation for Healthy Aging: a Home-based Approach to Promote Sensorimotor Adaptation,"Aging, Healthy",NA,combination
NCT07175207,Study on the Safety and Efficacy of Umbilical Cord Blood Mononuclear Cells in the Treatment of Chronic Radiation Enteritis,Chronic Radiation Induced Intestinal Injury | Chronic Radiation Enteritis,EARLY_PHASE1,biologic
NCT06778421,Pilot Study to Identify the Impact of OnabotulinumtoxinA (BOTOX®) on Patient Perceived Stress.,"Stress (Psychology) | Stress | Healthy Adult Female Participants | Stress, Psychologic | Stress, Psychological Cumulative | Stress, Physiological | Stress Response | Stress Levels | Stress Perception",PHASE1,small_molecule
NCT07051070,Efficacy and Safety of Rituximab in the Treatment of Anti-Vimentin Antibody-associated Diseases,Anti-Vimentin Antibody-associated Diseases | Meningoencephalomyelitis Associated With Vimentin IgG Autoantibodies,PHASE4,monoclonal_antibody
NCT07285629,"Evaluating the Safety and Efficacy of Injectable Combination Klotho and Follistatin Plasmid Gene Therapy in Humans -- An Interventional, Non-Placebo Controlled Pilot Phase Study",Healthy Adults,EARLY_PHASE1,gene_therapy
NCT06526728,Hyperbaric Oxygen Therapy in HAMstring Injury (HOTHAM) Trial,Hamstring Injury,PHASE3,small_molecule
NCT07096921,"The Effect of Two Prokinetics in Patients With Functional Dyspepsia : A Prospective, Double Blinded, Multicenter Study",Functional Dyspepsia,NA,small_molecule
NCT06456073,"An Open-Label, Single-Center, Investigator Initiated Phase 1B Trial of E-CEL UVEC Cell Therapy for the Treatment of Chronic Anal Fissure",Chronic Anal Fissure,PHASE1,biologic
NCT07277907,"Efficacy and Safety of Lubiprostone in the Treatment of Slow Transit Constipation: A Multicenter, Randomized Controlled Trial",Slow Transit Constipation | Pharmacotherapy,PHASE3,small_molecule
NCT06729307,Ondansetron Combined with Dyclonine Hydrochloride to Improve Patient Experience in Unsedated Esophagogastro-duodenoscopy,Esophagogastroduodensocopy (EGD) Procedure,PHASE4,small_molecule
NCT06133114,Psychopharmacological Treatment of Emotional Distress: A Randomized Controlled Trial,Suicide Crisis Syndrome | Psychological Distress,PHASE4,small_molecule
NCT06565572,"An Open-label Single Center, Single Participant Study of an Experimental Antisense Oligonucleotide Treatment for PCARP (Posterior Column Ataxia with Retinitis Pigmentosa) Disease Due to Mutations in FLVCR1",Posterior Column Ataxia with Retinitis Pigmentosa,EARLY_PHASE1,oligonucleotide
NCT05467033,Safety Outcomes Post Kidney Biopsy - Randomized Clinical Evaluation of Efficacy of Desmopressin,Kidney Biopsy,PHASE3,small_molecule
NCT06002217,"Echo-guided Transverse Abdominal Plane Block (TAP) in Anterior Lumbar Arthrodesis (ALIF): Randomized, Double-blind, Controlled Trial.","Fusion of Spine, Lumbar Region",NA,small_molecule
NCT06471959,Assessing the Feasibility of a Custom Psychedelic-assisted Group Program on Mental and Physical Health in First Responders,"Psilocybin | Psychotherapy, Group",PHASE1,small_molecule
NCT06044350,A Phase II/III Study to Evaluate the Efficacy and Safety of BAT4406F Injection in Patients With Neuromyelitis Optica Lineage Disease,Optic Neuromyelitis Spectrum Disease,PHASE2,small_molecule
NCT05360615,The Effects of Empagliflozin on Renal Outcomes in Post Severe Acute Kidney Injury Survivors,Empagliflozin in Post AKI Stage 2-3,PHASE1,small_molecule
NCT07104318,"Randomized Clinical Trial of Personalized vs Standard of Care Treatment for Helicobacter Pylori Eradication Among Veterans: ""VA Eradicate HP""",Helicobacter Pylori,PHASE3,small_molecule
NCT06666010,"A Registered Clinical Trial of PEX010-Assisted Therapy for Stimulant Use Disorder: A Safety, Feasibility and Efficacy Study",Stimulant Use Disorder,PHASE2,small_molecule
NCT07410039,Eculizumab Add-On Therapy in the Acute Phase of Neuromyelitis Optica Spectrum Disorder: A Multicenter Prospective Real-World Study,Neuromyelitis Optica Spectrum Disorder Attack,PHASE4,small_molecule
NCT06610266,"Efficacy and Safety of Weifuchun Tablet in Reversing Gastric Intestinal Metaplasia: A Multi-center, Open-label, Randomized Controlled Trial",Gastric Intestinal Metaplasia,PHASE4,small_molecule
NCT06680466,"A Multicenter, Ramdomized, Double-Blind, Dose-Regimen Finding, Placebo and Active-Controlled Phase Ⅱ Study to Evaluate the Efficacy and Safety of YZJ-4729 in Patients With Moderate to Severe Acute Pain After Abdominal Surgery",Pain,PHASE2,small_molecule
NCT07084116,Evaluation of Tretinoin Cream on the Integrity of Aged Forearm Skin: an Open-label Within-subject Randomized Study,Skin Tear | Solar Purpura | Dermatoporosis,PHASE2,small_molecule
NCT05245591,"A Randomized, Controlled, Phase II/III Trial to Evaluate the Efficacy and Safety of U101 Oral Capsules in Radiation-induced Cystitis",Radiation Cystitis,PHASE2,small_molecule
NCT04002440,Directed Use of REmote Patient Management System AMia to Achieve Prescribed Dry Weight,Efficacy | Safety Issues,NA,combination
NCT06459310,A Phase II Exploratory Clinical Study Investigating the Geroprotective Effect of Metformin in Middle-aged and Elderly People,Metformin | Aging,PHASE2,small_molecule
NCT04042844,"A Phase 2, Double-Blind, Controlled, Randomized Study to Evaluate the Safety and Preliminary Efficacy of a Single Dose Intradiscal Injection of BRTX-100 for Patients With Chronic Lumbar Disc Disease (cLDD)",Lumbar Disc Disease,PHASE2,biologic
NCT07133763,"A Multicenter, Single-Arm, Prospective Study to Evaluate the Efficacy and Safety of PD-1 Inhibitor Combined With Tenofovir, Chidamide, and Lenalidomide in the Treatment of Relapsed or Refractory EBV-Associated Lymphoproliferative Disorders.",EBV-Associated Lymphoproliferative Disorders | PD-1 Inhibitor | Tenofovir | Chidamide | Lenalidomide,PHASE1,small_molecule
NCT06676475,Comparison of the Effectiveness of Botulinum Toxin and Magnesium Sulfate Injections in the Treatment of Myofascial Trigger Points in the Masseter Muscle Randomized Controlled Clinical Trial,"Myofacial Pain | Trigger Points, Myofascial",PHASE2,small_molecule
NCT07131592,The Effect of Tranexamic Acid on Drainage Volume and Time to Drain Removal in Reduction Mammaplasty Patients,Drain Output After Breast Reduction Surgery | Breast Reductions,PHASE4,small_molecule
NCT05483465,Effects of NAD Restoration on Neurovascular Coupling in Community Dwelling Older Adults,Aging,PHASE4,small_molecule
NCT04156893,RH Genotype Matched Red Cell Transfusions for Patients With Sickle Cell Disease,Sickle Cells Disease,PHASE1,biologic
NCT05203835,A Pilot Placebo-Controlled Trial of Acebilustat (CTX-4430) for the Treatment of Human Upper Extremity Lymphedema,Lymphedema of Upper Arm,PHASE2,small_molecule
NCT04233749,The Efficacy of Tranexamic Acid in the Treatment of Lichen Planus Pigmentosus and Erythema Dyschromicum Perstans,Lichen Planus Pigmentosus | Erythema Dyschromicum Perstans | Ashy Dermatosis of Ramirez,PHASE2,small_molecule
NCT06091085,Acetazolamide as a Means to Mitigate Falling Ventilatory Drive and Drive-dependent OSA,OSA,PHASE1,small_molecule
NCT02370199,Peripheral Blood Flow Responses to Electromagnetic Energy,Exposure to Man-made Visible Light,NA,small_molecule
NCT06705101,GABAPENTIN ATTENUATES THE PRESSOR RESPONSE TO DIRECT LARYNGOSCOPY AND TRACHEAL INTUBATION,Elective Surgical Patients | Blood Pressure,PHASE1,small_molecule
NCT06491992,Effect of Chitosan Phonophresis on Cervical Pain and Disability in Smartphone Addicted Users,Cervical Pain,NA,small_molecule
NCT06142656,Efficacy of Vildagliptin Versus Metformin in Poly Cystic Ovary Syndrome: A Randomized Clinical Trial,Poly Cystic Ovary Syndrome,PHASE2,small_molecule
NCT04555785,Enhancement of the Haemostatic Effect of Platelets in the Presence of High Normal Concentrations of Von Willebrand Factor,Bleeding,PHASE4,small_molecule
NCT05285566,"A Phase IV Randomized, Single-Blind Trial of Liposomal Bupivacaine (Exparel®) for Pain Control in Costal Cartilage Harvest",Nasal Surgery,PHASE4,small_molecule
NCT07270042,Evaluation of the Efficacy of Zinc on the Duration and Effictiveness of Botulinum Toxin A Injection in the Context of Hyperactive Masseter Muscle (A Prospective Clinical Study),Hyperactive Masseter Muscle,NA,small_molecule
NCT05578586,A Pilot Study for Optimizing Meropenem Administration in the Intensive Care Unit - Short Six Times vs Prolonged Three Times Courses Daily,Drug Effect,NA,small_molecule
NCT06988319,Psilocybin for Chronic Pelvic Pain (CPP) in Women: A Pilot Feasibility Study,Chronic Pelvic Pain,PHASE1,small_molecule
NCT06279039,Clinical Observation of Exosomes in Patients After Q-switched Laser Surgery,Exosome | Skin Regeneration | Laser,NA,small_molecule
NCT04183595,"A Double-blinded, Randomized Controlled Trial to Evaluate the Efficacy, Safety, and Tolerability of N1, N3-bis-(2-Mercaptoethyl) Isophthalamide (NBMI) in the Reduction of Mercury Levels, in Subjects Exposed to Mercury in Colombia",Mercury Poisoning,PHASE2,small_molecule
NCT06447402,A Randomized Controlled Trial to Compare Nebulized Amphotericin B and Nebulized Normal Saline as Maintenance in Increasing Time to Relapse in Patients With Chronic Pulmonary Aspergillosis Treated With 12 Months of Oral Itraconazole,Chronic Pulmonary Aspergillosis | CPA | Aspergilloma,PHASE3,small_molecule
NCT06717438,"A Phase 2 Randomized, Double-blind, Placebo-controlled, Study of Zatolmilast (BPN14770) in Subjects With PPP2R5D Neurodevelopmental Disorder (Jordan's Syndrome)",Jordan's Syndrome | PPP2R5D Neurodevelopmental Disorder,PHASE2,small_molecule
NCT06499324,Surgical Treatment of Large Incisional Hernia with Botulinum Toxin a Injection: a Double-blind Randomized Controlled Trial,Incisional Hernia,PHASE3,small_molecule
NCT06393972,"The Efficacy and Safety of Tofacitinib in Patients With Glucocorticoid Resistant ICIs-related Myocarditis: a Single-arm, Prospective, Phase 2 Trial",Glucocorticoid Resistant ICIs-related Myocarditis,PHASE2,small_molecule
NCT04716712,Mortalite Infantile Reduite Par l'Administration de Masse de l'Azitromycine,Child Mortality,PHASE4,small_molecule
NCT06159777,Pre- and Post-operative Compared to Post-operative Only Polyethylene Glycol 3350 for Minimally Invasive Urogynecologic Surgery,"Constipation | Surgical Procedure, Unspecified | Prolapse; Female",PHASE4,small_molecule
NCT07269769,"A Phase III , Randomized, Double-blind, Placebo-Controlled, Ranibizumab Injection Loading, Multicenter Clinical Trial Comparing the Efficacy and Safety of Sanhuang Jingshiming Pills in Subjects With nAMD",AMD,PHASE3,monoclonal_antibody
NCT07084441,Comparison of Outcomes of Management of Bowel Obstruction,Adhesive Small Bowel Obstruction,PHASE4,small_molecule
NCT06433050,Sodium Glucose Co-transporter (SGLT) Inhibitors in Nonobstructive Hypertrophic Cardiomyopathy,Hypertrophic Cardiomyopathy Without Obstruction,EARLY_PHASE1,small_molecule
NCT05746650,Regulation of Protein Turnover in Connective Tissue From Muscle and Tendon Following Muscle Tissue Injury,Muscle Injury,NA,small_molecule
NCT05974462,"Single-blind, Investigator-initiated, Randomized, Controlled Trial to Assess the Safety and Efficacy of Intravenous Corticosteroid Therapy to Treat Patients With Acute Myocarditis With Mildly Reduced Left Ventricular Ejection Fraction",Acute Myocarditis,PHASE3,small_molecule
NCT06816251,"A Multicenter, Randomized, Double-blind, Placebo-Controlled Phase II Clinical Study to Evaluate the Efficacy and Safety of HRS-1893 in Non-Obstructive Hypertrophic Cardiomyopathy",Non-obstructive Hypertrophic Cardiomyopathy,PHASE2,small_molecule
NCT06933056,Comparison of Antiplatelet Effects of Sotagliflozin to FDA-approved Antiplatelet Drugs: an Interventional Study,Platelet Function and Reactivity Tests,EARLY_PHASE1,small_molecule
NCT07037173,Effect of K-Taping and Yoga Therapy in Postural Correction for Sacroiliac Jointamong Weightlifters,Sacroiliac Joint Dysfunction,NA,combination
NCT06739213,"SYHA1813 vs Investigators' Choice as Treatment for Recurrent or Progressive High-Grade Meningioma: A Randomized, Controlled, Multicenter, Phase II Study",Recurrent or Progressive High Grade Meningioma,PHASE2,small_molecule
NCT06977763,"A Multicenter, Randomized, Double-blind, Positive Controlled Clinical Study on the Efficacy and Safety of Succinylated Gelatin Injection for Acute Isovolumetric Hemodilution (ANH) in Elective Surgery",Acute Normovolemic Hemodilution,NA,small_molecule
NCT06652906,"A Prospective, Multicenter, Randomized Controlled Clinical Trial on the Safety and Efficacy of Sodium Phosphate Powder for Intestinal Preparation in the Population Aged 50 to 70 Years Old",Physical Examination,PHASE2,small_molecule
NCT06112262,Comparison of the Effecta and Drawbacks of Heparin Versus Hirudin Drugs in Haemodialysis Patients in Assiut University Hospitals,Haemodialysis,EARLY_PHASE1,small_molecule
NCT06729788,Evaluation of Resin Infiltrate As Pit and Fissure Sealant in Permanent Molars (In Vivo& in Vitro),Resin Infiltration | Pit and Fissure Sealant | Permanent Molars,PHASE4,small_molecule
NCT07425262,A Pilot Randomized Waitlist-controlled Trial of a Zheng-based Chinese Medicine Intervention for Patients With Dialytic Hypotension in Taiwan,End Stage Renal Disease on Dialysis | Intradialytic Hypotension,PHASE2,small_molecule
NCT06901830,"A PhaseⅡ, Randomized, Double-Blind, Placebo- and Active- Controlled Study of YZJ-4729 Tartrate Injection for the Treatment of Moderate to Severe Pain After Orthopedic Surgery",Pain,PHASE2,small_molecule
NCT07140939,"A Phase 3, Randomized, Double-blinded, Placebo-Controlled Study to Evaluate the Efficacy, Safety, and Tolerability of CBL-514 Injection for Reducing Abdominal Subcutaneous Fat.",Subcutaneous Fat,PHASE3,small_molecule
NCT02866071,Intranasal Ketamine as an Adjunct to Fentanyl for the Prehospital Treatment of Acute Traumatic Pain,Acute Traumatic Pain,PHASE3,small_molecule
NCT06928844,Role of Low Dose Injectable Progesterone in Triggering Ovulation: A Randomized Controlled Trial,Low Dose | Progesterone | Triggering Ovulation,NA,small_molecule
NCT06376942,"A Randomized, Double-blind, Placebo-controlled Trial to Compare the Effectiveness of Nebulized Anticholinergics for Cough Suppression During Flexible Bronchoscopy",Subjects Undergoing Flexible Bronchoscopy,PHASE2,small_molecule
NCT07398989,"A Clinical Study to Assess Efficacy and Tolerability of a Topical Skincare Product on Adults With Mature, Crepey Skin",Crepey Skin | Aging Skin | Photo-aged Skin,PHASE4,small_molecule
NCT05285683,The Role of Dopamine in the Central Neural Signature of Chronic Pain,Chronic Pain,PHASE2,small_molecule
NCT07144072,"A Phase I, Open-Label, Dose-Escalation Study to Evaluate the Safety and Tolerability of HeXell-2020 Administered Intravenously in Elderly Subjects With Mild to Moderate Frailty Syndrome",Frailty in Older Adults,PHASE1,small_molecule
NCT04839497,A Phase 2 Multicenter Randomized Single Arm Crossover Trial Evaluating the Safety and Efficacy of Autologous Volar Fibroblast Injection Into the Terminal Limb of Amputees,Amputation,PHASE2,combination
NCT04464070,Novel Pathways of Eicosanoid Metabolism,Metabolism of Prostaglandin D2,EARLY_PHASE1,small_molecule
NCT06440473,Visualization of Topical Zoryve vs. Vehicle Using Line Field Optical Coherence Tomography in Healthy Skin,Healthy Skin,PHASE4,small_molecule
NCT07285304,A Phase 3 Long-term Study of TS-172 in Hyperphosphatemia Patients on Hemodialysis With Phosphate Binders,Hyperphosphatemia Patients on Hemodialysis,PHASE3,small_molecule
NCT06531915,"Comparison of Efficacy and Safety Between Ciprofol and Remimazolam During Fiberoptic Bronchoscopy: a Study Protocol for a Single-center, Double-blind, Randomized Controlled Trial",Fiberoptic Bronchoscopy,NA,small_molecule
NCT06577493,Effectiveness of Phenazopyridine for Pain Following Urodynamics,Pain After Urodynamic Testing,PHASE4,small_molecule
NCT07303868,The Use of High Bile-Binding Foods to Reduce Upper Gastrointestinal Bile Acid Concentrations: A Novel Intervention for Children at Risk for Aspiration-Associated Complications (Aim 2),Feeding Difficulties | Gastrostomy | Aspiration,PHASE4,small_molecule
NCT06258356,Exploring the Use of Remimazolam (BYFAVO®) in Patients at High Risk for ERCP to Reduce Intraoperative Hypotension and Assess Safety and Efficacy: A Randomized Controlled Trial,the Severity and Duration of Intraoperative Hypotension,NA,small_molecule
NCT03054896,Venetoclax Plus Dose-adjusted R-EPOCH or R-CHOP for Richter's Syndrome,Richter Syndrome,PHASE2,small_molecule
NCT04273880,Differences by Sex and Genotype in the Effects of Stress on Executive Functions,Stress,PHASE1,small_molecule
NCT06398977,Dapagliflozin Delays the Loss of Residual Renal Function in Patients Undergoing Peritoneal Dialysis: A Single-Center Randomized Open-Label Study,Peritoneal Dialysis Complication | Renal Function Aggravated | Sodium-glucose Co-transporter-2 Inhibitors,NA,small_molecule
NCT06547892,Use of Vasopressin in Patients at High Risk of Acute Kidney Injury Admitted to the ICU: a Feasibility Randomized Clinical Trial,Critical Illness,PHASE2,small_molecule
NCT05609877,NON-pharmacological Approach Less Invasive Surfactant Administration (NONA-LISA) Trial: Protocol for a Randomised Controlled Trial,Respiratory Distress Syndrome in Premature Infant,NA,small_molecule
NCT07360301,Consciousness and Psilocybin Effects on Well-Being: The CoPEWell Study,"Well-Being, Psychological | Psychedelic Experiences",PHASE1,small_molecule
NCT02318654,Comparing the Efficacy of Ice Pack Versus Topical EMLA for Pain Control in Laser Axillary Hair Removal: A Randomized Control Trial,Hair Removal,PHASE4,small_molecule
NCT06794866,"A Phase 3, Multicenter, Randomized, Double-Blinded, Placebo-Controlled Study to Evaluate the Safety and Efficacy of OnabotulinumtoxinA Purified Neurotoxin Complex for the Treatment of Moderate to Severe Forehead Lines in Japan",Forehead Lines,PHASE3,small_molecule
NCT06581458,Home Transcranial Direct-Current Stimulation for Motoric Cognitive Risk Syndrome,Motoric Cognitive Risk Syndrome,NA,small_molecule
NCT07061184,"The Efficacy of Fengliao Changweikang Keli for Patients With Diarrhea-predominant Irritable Bowel Syndrome: Study Protocol for a Multicenter, Randomized, Placebo-controlled N-of-1 Trial",Irritable Bowel Syndrome - Diarrhoea | Traditional Chinese Medicine (TCM) | N of 1 Study Design | Efficacy and Safety,PHASE4,small_molecule
NCT07198711,Comparison of Ketamine Versus Saline During Sedation in Patients With Major Depressive Disorder: a Double-blind Trial,Healthy Volunteers,PHASE1,small_molecule
NCT03437005,Alterations in the Human Microbiome With Commonly Used Topical Medications,Healthy,PHASE1,small_molecule
NCT05091879,Implementation and Evaluation of Preemptive Pharmacogenomics Testing in an Aging Population,Polypharmacy | Pharmacogenomic Testing,NA,gene_therapy
NCT07241169,A Preliminary Clinical Study on the Safety and Efficacy of the Gene Replacement Drug ZVS106e in the Treatment of Hereditary Retinal Degeneration (IRDs) Caused by ABCA4 Biallelic Mutations,Stargardt,EARLY_PHASE1,small_molecule
NCT07132177,Targeted Naltrexone to Support Individuals Participating in Dry January,Alcohol Misuse,PHASE2,small_molecule
NCT06369103,Comparison of the Sedative Effects of Dexmedetomidine and Propofol During Peribulbar Anaesthesia in Patients Undergoing Vitrectomy Surgery: A Prospective Randomized Clinical Trial,Patient | Satisfaction,PHASE4,small_molecule
NCT06617247,Effects of Cannabidiol on Burnout Syndrome and Empathy of Paid and Unpaid Caregivers of Older Adults,Burnout Syndrome,EARLY_PHASE1,small_molecule
NCT06981988,A Study to Explore the Dosage and Efficacy of Linperlisib in Combination With Rituximab and to Validate the Efficacy of Linperlisib in Patients With Relapsed/Refractory Indolent NHL,Relapsed/Refractory Indolent NHL,PHASE1,small_molecule
NCT05076110,Nonopioid Pain Control Regimen After Arthroscopic Hip Procedures,Hip Arthroscopy,PHASE4,small_molecule
NCT06450210,Safety for Home Administration of Microdose Psilocybin Use,Psychedelic Experiences,PHASE1,small_molecule
NCT06837597,"Jianzhong Qushi Formula for Treating Chronic Radiation Induced Proctitis : a Multicenter, Prospective, Randomized Controlled Clinical Trial",Chronic Radiation Proctitis,PHASE3,small_molecule
NCT07227909,NeuroGuard: Psilocybin Trial for Preventing Chemo-induced Neuropathy,Psilocybin | Neuropathy,PHASE2,small_molecule
NCT07015528,Assessment of Drug Liking In Peri-procedural Clinical Settings,Drug Liking,EARLY_PHASE1,small_molecule
NCT06477887,Evaluation Of Post Extraction Hard Tissue Alteration Following Ridge Preservation in The Esthetic Zone Using Allogeneic Dentin Matrix Versus Autogenous Partially Demineralized Dentine Matrix: A Randomized Controlled Clinical Trial,Socket Preservation,NA,biologic
NCT06708481,Clinical Outcome of Resin Infiltration Vs Self-Assembling Peptide (P11-4) in Treating White Spot Lesion - a Randomized Clinical Trial,White Spot Lesion,EARLY_PHASE1,small_molecule
NCT07138625,Nebulized 3% Hypertonic Saline Versus Normal Saline in Managing Children With Acute Bronchiolitis: A Randomized Controlled Trial,Acute Bronchiolitis,NA,biologic
NCT06927310,"A Multicenter, Randomized, Open-Label, Active-Controlled Phase III Clinical Study to Evaluate the Efficacy and Safety of Inpegsomatropin Injection, s.c Once a Week, Compared With Recombinant Human Growth Hormone (rhGH) Injection in Children With Idiopathic Short Stature (ISS).",Idiopathic Short Stature,PHASE3,small_molecule
NCT06662097,Multicenter Open-Label Feasibility Study of Intraoperative Nerve and Ureter Visualization With Bevonescein in Patients Undergoing Minimally Invasive Abdominopelvic Surgery,Surgery | Nerve Injury | Imaging,PHASE2,small_molecule
NCT05402384,"Evaluation of Efficacy and Safety of D-galactose Supplementation in SLC35A2-CDG, a Disorder of Hypogalactosylation",SLC35A2-CDG - Solute Carrier Family 35 Member A2 Congenital Disorder of Glycosylation,PHASE2,small_molecule
NCT06329050,The Effects of Losartan on Attention Control: An Eye-tracking Study,Healthy,NA,small_molecule
NCT04082429,Efficacy and Safety of Concizumab Prophylaxis in Patients With Haemophilia A or B Without Inhibitors,Haemophilia A Without Inhibitors | Haemophilia B Without Inhibitors,PHASE3,monoclonal_antibody
NCT03590821,Modulating Celecoxib Induced Blood Pressure Changes by Timed Administration of Aspirin and the Human Chronobiome,Healthy,EARLY_PHASE1,small_molecule
NCT07413367,"A Phase 1, Open-Label, Parallel-Group, Single-Dose Study To Compare The Pharmakokinetics Of TNX-102 SL (Cyclobenzaprine Hydrochloride Sublingual Tablet) In Non-Elderly Versus Elderly Participants",Pharmakokinetic | Open Label | Phase 1,PHASE1,small_molecule
NCT07042165,"Treatment of Bile Acid Diarrhoea With Atorvastatin (BASTA): A Randomised, Double-Blind, Placebo-Controlled, Crossover, Investigator-Initiated Trial",Bile Acid Diarrhea | Bile Acid Malabsorption,PHASE4,small_molecule
NCT07004972,"A Phase 4, Single-Arm, Open-Label Study to Evaluate Safety, Tolerability, and Efficacy of Mavacamten in Adults With Symptomatic Obstructive Hypertrophic Cardiomyopathy in India",Symptomatic Obstructive Hypertrophic Cardiomyopathy,PHASE4,small_molecule
NCT06194201,"A Multi-centre, Randomized, Double-blind, Active Controlled, Parallel Groups, Phase II Study to Evaluate the Efficacy and Safety of Intravenous HRS9432 in the Treatment of Subjects With Candidemia and/or Invasive Candidiasis",Patients With Candidemia and/or Invasive Candidiasis,PHASE2,small_molecule
NCT06514612,"A Randomised, Double-Masked, Placebo-Controlled Phase 3 Study on the Efficacy and Safety of STN1013800 (Oxymetazoline HCl 0.1% Eye Drops) Used Twice Daily (BID) in the Treatment of Acquired Blepharoptosis",Acquired Blepharophimosis,PHASE3,small_molecule
NCT06935045,Evaluating How Alcohol Impacts Physiological Responses and Perception During Heat Exposure,Alcohol Consumption | Heat Stress | Age,NA,small_molecule
NCT05856136,Investigation of the Effects of Opioid Exposure on the Ability of the Diaphragm Muscle to Generate Higher Force Behaviors,Respiratory Function Loss | Respiratory Complication,PHASE4,small_molecule
NCT06633198,"Heat, Microvascular Function and Aging",Aging,EARLY_PHASE1,small_molecule
NCT06958367,"Effect of Dexmedetomidine on Acute Kidney Injury After Ascending Aortic Surgeries: Placebo-controlled, Randomised Controlled Trial",Aki After Ascending Aortic Surgeries,PHASE1,small_molecule
NCT06874192,Safety and Efficacy of LOw DOse COlchicine in Patients With STatin INTolerance: the LODOCO STINT Pilot Study,Statin Adverse Reaction,PHASE1,small_molecule
NCT07285291,"A Phase 3, Randomized, Placebo-controlled, Double-blind, Phosphate Binder-combination Study of TS-172 in Hyperphosphatemia Patients on Hemodialysis",Hyperphosphatemia Patients on Hemodialysis,PHASE3,small_molecule
NCT07180108,PRoMiSS: Psilocybin and the Role of Music in Set and Setting,Psilocybin | Music Intervention,PHASE1,small_molecule
NCT06589258,Study of the Passage of (CBD) Into Breast Milk and Its Biological Impact on Breast-fed Children,Breast Feeding,NA,biologic
NCT06966843,Dantrolene in Statin-induced Myopathy,Statins Induced Myopathy,PHASE2,small_molecule
NCT07348640,"A Prospective, Multi-National, Randomized, Double-Blind, Crossover Study to Evaluate the Efficacy and Safety of Gadopiclenol-enhanced MRA Compared to Gadoterate Meglumine-enhanced MRA in the Assessment of Steno-occlusive Disease in Adult Patients With Suspected Vascular Disease",Steno-occlusive Disease,PHASE3,small_molecule
NCT06942689,Determination of the Optimal Volume of Liposomal Bupivacaine in Single-Shot Adductor Canal Block for Knee Joint Surgery-A Phase I/II Trial,Optimal Volume of Liposomal Bupivacaine,PHASE4,small_molecule
NCT05035108,A Clinical Study of hiHep Cells for Bioartificial Liver After Extensive Hepatectomy,Hepatoma Resectable,EARLY_PHASE1,biologic
NCT05677282,A Randomized Controlled Trial Evaluating Single-dose Rifaximin Versus Azithromycin With Loperamide Adjunct for Treatment of Acute Watery Diarrhea,Diarrhoea;Acute | Diarrhea Travelers,PHASE4,small_molecule
NCT06756594,Efficacy of Dexmedetomidine-Propofol Versus Ketamine-Propofol for Sedation During Gastrointestinal Endoscopy,Propofol,NA,small_molecule
NCT06335537,Impact of Sodium Bicarbonate on 24-hour Urine Parameters in Hypocitriuric and Uric Acid Stone Formers,Uric Acid Stones,PHASE1,small_molecule
NCT07196631,A Comparison of Liposomal Bupivacaine Versus Ropivacaine for Interscalene Brachial Plexus Block in Alleviating Rebound Pain Following Shoulder Arthroscopy,Rebound Pain | Liposomal Bupivacaine,PHASE4,small_molecule
NCT06399679,"Rivastigmine to Prevent Recurrence of Antimuscarinic Delirium After Initial Control With Physostigmine (RIVA-AP): a Randomized, Placebo-controlled Trial",Anticholinergic Toxicity,PHASE2,small_molecule
NCT05523596,A Phase 1 Non-Randomized Open Label Study of ICM20,Safety Issues,PHASE1,small_molecule
NCT06949059,"Intravenous Acetaminophen Versus Intravenous Hydromorphone for the Treatment of Acute Pain: A Single-Center, Prospective, Single-Arm Study",Acute Chest Pain,PHASE1,small_molecule
NCT06836024,Actazin (Kiwifruit Extract) Versus Polyethylene Glycol 3350 for Maintenance Therapy in Children With Constipation: a Feasibility Randomized Control Trial,Constipation - Functional | Constipation | Constipation Aggravated,PHASE2,other_drug
NCT06164613,Use of Cinnamomum Verum Extract Versus Placebo for Induction of Labor and Reduction of Physiological Phase 2-3 of Labor. Double-blind Randomized Clinical Trial. CINNALAB TRIAL,Labor Onset and Length Abnormalities | First Birth,PHASE2,small_molecule
NCT03817970,Drug Disposition and Nephrotoxicity,Nephrotoxicity,PHASE3,small_molecule
NCT07385430,Phase 1 Study of LGW16-03 To Identify Nerves,Adults | Open-field Surgery | Major Nerve,PHASE1,small_molecule
NCT06499844,Comparing Approaches to Assess Nitric Oxide-dependent Cutaneous Vasodilation,Endothelial Function,EARLY_PHASE1,small_molecule
NCT06969404,Prognostic Value of Capillary Lactatemia in Potentially Severe Polytrauma in Pre-hospital Care,Polytrauma,NA,biologic
NCT05627648,"A Multicenter, Randomized, Placebo-Controlled, Double-Blind, Parallel-Group Confirmatory Study For Intracordal Administration Of KP-100LI In Patients With Vocal Fold Scar",Vocal Fold Scar,PHASE3,small_molecule
NCT06927258,Application of Changyanning Granule in Endoscopic Resection of Colorectal Polyps,Colorectal Polyps,NA,small_molecule
NCT06964971,Treatment of Transfusion-dependent Nonsevere Aplastic Anemia With Luspatercept: a Multicenter Prospective Clinical Study,Transfusion-dependent Non-severe Aplastic Anemia,NA,fusion_protein
NCT06012487,Correlates and Control of Blood Pressure Variability,Blood Pressure Variability,PHASE1,small_molecule
NCT07008755,"Clinical Trial of Different Doses of Pegylated Interferon α-2b Injection Nebulization Therapy for Common Hand, Foot, and Mouth Disease (HFMD).",HFMD,NA,small_molecule
NCT07295938,A Study to Assess the Traditional Chinese Medicine as Adjunctive Therapy to Improve Cure Rates During the Continuation Phase in Mycobacterium Abscessus Pulmonary Disease,Mycobacterium Abscessus Pulmonary Disease,PHASE2,small_molecule
NCT06670534,"A Multicenter,Randomized,Open-label,Positive-controlled Study to Evaluate the Efficacy and Safety of JMKX003142 in Renal Edema Patients",Edema Secondary | Edema Leg,PHASE2,small_molecule
NCT06783114,A Clinical Study to Evaluate the Efficacy and Safety of Recombinant Botulinum Toxin Type A (YY001) for Injection in The Treatment of Upper Limb Spasticity in Adults (REHAB-1),Upper Limb Spasticity,PHASE2,biologic
NCT06128447,"A Phase 3, Multi-center, Prospective, Randomized, Double-blind, Placebo- Controlled Study to Evaluate the Effectiveness and Safety of ZP5-9676 for the Treatment of Hookworm (Ancylostoma Duodenale and Necator Americanus), Ascaris Lumbricoides, and Trichuris Trichiura in Pediatric and Adult Participants",Soil-Transmitted Helminthiasis (STH),PHASE3,small_molecule
NCT06950372,"Rebound Pain After Volar Plate Surgery in Infraclavicular Brachial Plexus Block With Ropivacaine 3.75 mg/ml Compared With 7.5 mg/ml. A Prospective, Parallelgroup, 2-arm, Triple Blinded Randomised Controlled Trial",Radius Fracture Distal | Rebound Pain,PHASE4,small_molecule
NCT06121466,Effect of Abdominal Wall Injections on Abdominal Pain,Anterior Cutaneous Nerve Entrapment Syndrome,PHASE4,small_molecule
NCT07030426,"A Multi-center, Randomized, Open-label, Parallel-group, Feasibility-controlled Trial of Vaginal Estrogen for Improvement of Outcomes Following Pelvic Organ Prolapse Surgery",Pelvic Organ Prolapse (POP),PHASE3,small_molecule
NCT06924619,"A Prospective, Randomized, Controlled Phase Ⅱ Clinical Trial of Neoadjuvant Radiotherapy for Locally Advanced Unresectable Thymoma",Locally Advanced Thymoma,PHASE2,radiopharmaceutical
NCT04961710,Extension Study of Hetrombopag Olamine in Patients With Treatment-naive Severe Aplastic Anemia,Treatment-naive Severe Aplastic Anemia,PHASE3,small_molecule
NCT07284485,A Phase 2 Trial of Nadunolimab for Current or Former Smokers With High-risk Lung Nodules.,High-risk Lung Nodules,PHASE2,biologic
NCT07226440,Assessing the Impact of a Bile Acid Sequestrant on Serum PFAS Levels in Highly Exposed Individuals,Toxicant Exposure | Firefighter | Occupational Exposure to Chemicals,PHASE1,small_molecule
NCT07037147,To Compare the Efficacy of Instrument Assisted Soft Tissue Mobilization vs Bowen Therapy in Alleviating Pain and Tightness of Trapezius Muscle,Trapezius Muscle Strain,NA,combination
NCT07086755,Vadadustat for the Treatment of Nonintubated Acute Respiratory Distress Syndrome Due to Pathogen-Associated Lung Injury,Nonintubated Acute Respiratory Distress Syndrome (ARDS) | Pathogen-associated Lung Injury,PHASE2,small_molecule
NCT06839586,"The Efficacy and Safety of CMTS4520 for Chronic Diarrhoea in Adults： A Randomized, Double-Blind, Placebo-Controlled Trial.",Diarrhoea,PHASE1,small_molecule
NCT07382427,"A Phase 2, Randomized, Single-blind, Active- and Vehicle-controlled Study to Assess the Safety, Tolerability, and Efficacy of 2.4% Terbinafine Hydrochloride Topical Solution (AP4500) in Participants With Mild to Moderate Onychomycosis of the Toenails",Onychomycosis of Toenail,PHASE2,small_molecule
NCT07239726,CLINICAL INVESTIGATION TO EVALUATE THE EFFICACY AND SAFETY OF EPILADY PROTOTYPE DEVICE FOLLOWED BY APPLICATION OF A TOPICAL FORMULA ON DEPIGMENTATION OF LENTIGO SPOTS IN HEALTHY WOMEN PARTICIPANTS - STUDY UNDER DERMATOLOGICAL CONTROL,Solar Lentigo,NA,combination
NCT06534996,A Single Arm Pilot Study of the Chinese Herbal Medicine Formula (SCD-2101) for the Functional Constipation in the Elderly,Functional Constipation,NA,small_molecule
NCT06821594,Role of Intralesional Combined Injection of Furosemide and Digoxin in Cutaneous Warts.,Cutaneous Warts,EARLY_PHASE1,small_molecule
NCT06640439,LED Therapy Using 830 Nm in the Mandibular Third Molar Surgery: Double-blind Randomized Clinical Trial.,"Molar, Third | Photobiomodulation | Photobiomodulation Therapy | Third Molar Surgery",EARLY_PHASE1,small_molecule
NCT06256783,The Efficacy and Safety of Chinese Herbal Compound Baozhu Keli in the Treatment of Ovarian Aging: A Multicenter and Prospective Study.,Ovarian Aging,EARLY_PHASE1,small_molecule
NCT06450392,"The Effect of Local and Systemic Tranexamic Acid on Edema and Ecchymosis in Orbital Surgery - a Prospective, Multicenter, Randomized, Double-blinded, Control Trial",Orbital Edema | Orbital Ecchymosis,PHASE4,small_molecule
NCT04083781,Efficacy and Safety of Concizumab Prophylaxis in Patients With Haemophilia A or B With Inhibitors,Haemophilia A With Inhibitors | Haemophilia B With Inhibitors,PHASE3,monoclonal_antibody
NCT04589819,Fracture Recovery for Returning to Duty (Teriparatide STRONG),Stress Fracture of Tibia or Fibula,PHASE4,biologic
NCT06878482,Effect of Increasing Blood Flow by Botulinum Toxin Local Injection for Severe Peripheral Artery Occlusive Disease: Preliminary Report,"Chronic Ulcer of Lower Extremity | Wound | Botulinum Toxins, Type A | Blood Circulation",PHASE4,small_molecule
NCT04059172,Efficacy of Combined Ibuprofen and Acetaminophen Therapy Versus Ibuprofen Alone Versus Placebo Alone for Pain of Initial Orthodontic Wire Insertion: a Randomized Controlled Trial,"Pain, Orofacial",EARLY_PHASE1,small_molecule
NCT06024057,An Expanded Clinical Study Evaluating the AAV2-RPE65 Gene Therapy (LX101) in Patients With Leber's Congenital Amaurosis (LCA),To Evaluate the Scaling Clinical Study of AAV2-RPE65 Gene Therapy Agent (LX101) in Patients With Congenital Amaurosis (LCA),NA,gene_therapy
NCT05949502,Evaluation of Performance and Occlusal Wear of Low Shrinkage Giomer Compared to Nanohybrid Resin Composite in Proximal Restorations After Two Years: A Randomized Clinical Trial.,Caries Class II,NA,small_molecule
NCT06502158,Mifepristone Versus Misoprostol for Cervical Preparation Prior to Procedural Abortion at 12 to 16 Weeks' Gestation in an Academic Medical Center: a Randomized Controlled Pilot Trial,Cervical Preparation,PHASE1,biologic
NCT07281508,Transtympanic Sodium Thiosulfate to Prevent Cisplatin-related Hearing Loss A Randomized Controlled Multicenter Phase III Trial; The SOUND Trial,Cisplatin-related Hearing Loss,PHASE3,small_molecule
NCT07257120,"A Phase IV, Open-label, Single-group Study Evaluating KarXT Concentrations in the Breast Milk and Plasma of Healthy Lactating Female Participants",Healthy Volunteers,PHASE4,small_molecule
NCT05593666,"A Phase II, Multicentre, Randomized, Two-arm Blinded Study to Assess the Efficacy and Safety of Two LXE408 Regimens for Treatment of Patients With Primary Visceral Leishmaniasis",Primary Visceral Leishmaniasis,PHASE2,small_molecule
NCT07303738,The Use of High Bile-Binding Foods to Reduce Upper Gastrointestinal Bile Acid Concentrations: A Novel Intervention for Children at Risk for Aspiration-Associated Complications (Aim 1),Feeding Difficulties | Aspiration | Gastrostomy,PHASE4,small_molecule
NCT06400355,"Effect of Mannitol on Recovery Pattern After Orthognathic Surgery, a Prospective Randomized Double Blind Controlled Study.",Orthognathic Surgery,NA,small_molecule
NCT07317232,"Effects of a Single Dose of Ayahuasca or Esketamine on the Menstrual Cycle and Premenstrual Symptoms: a Randomized, Double-Blind Study",Healthy Women Volunteers,NA,small_molecule
NCT07317219,"Effects of a Single Dose of Ayahuasca or Esketamine on Body Image Perception in Women: a Randomized, Double-blind Study",Healthy Women Volunteers,NA,small_molecule
NCT07239791,Role of the Noradrenergic System in the Regulation of Learning Dynamics: Evaluation of the Effect of a Low-dose Selective Noradrenaline Reuptake Inhibitor (NOISYXETINE),Role of the Noradrenergic System in the Regulation of Learning Dynamics | No Disease or Condition is Being Studied,NA,small_molecule
NCT06107504,Prevention of Post-sphincterotomy Bleeding by Endoscopic Tranexamic Acid and Sucralfate Administration: A Randomized Controlled Trial,Post-ERCP Bleeding,NA,small_molecule
NCT05463471,Effect of Balanced Saline Solution and Albumin on Volume Expansion in Shock Patients: a Prospective Randomized Controlled Study,Shock,PHASE4,small_molecule
NCT06834087,Comparative Evaluation of Methylene Blue and Methylene Blue Nanoparticles Assisted Photodynamic Therapy As Adjunctive to Laser Treatment of Physiological Gingival Pigmentation: a Randomized Controlled Clinical Trial,Physiological Gingival Pigmentation,NA,small_molecule
NCT06810843,"Sedation of Remazolam in Combination With Afentanil in Non-intubated Thoracoscopic Pulmonary Surgery: a Single-blind, Randomized, Controlled Trial",Pulmonary Nodule Cm,NA,small_molecule
NCT06566794,KF2022#4-tutkimus:Beetasalpaajan ja tulehduskipulääkkeen Vaikutus CYP-entsyymivälitteiseen lääkeainemetaboliaan,Drug Interaction,NA,small_molecule
NCT04025359,The Effects of Dronabinol in Opioid-Related Outcomes,Pain,EARLY_PHASE1,small_molecule
NCT07118332,Psilocybin as a Treatment for Chronic Pain in Smokers,Smokers With Chronic Pain,EARLY_PHASE1,small_molecule
NCT07299877,"Perineural Dexamethasone, Dexmedetomidine or Their Combination: an Effort to Reduces Rebound Pain After Supraclavicular Brachial Plexus Block: A Triple-Blind Randomized Controlled Trial",Brachial Plexus Blocks,PHASE4,small_molecule
NCT06473740,Multicenter Randomized Prospective Controlled Trial of the Clinical Effectiveness of a Best Endovascular Treatment Versus a Best Endovascular Treatment in Combination With Gene Therapy for Severe Limb Ischemia,Severe Lower Limb Ischemia,PHASE4,gene_therapy
NCT07334496,"A Randomized, Double-blind, Single-dose, Parallel Comparison Study to Evaluate the Biosimilarity of GLR1044 Injection and Dupilumab Injection (Dupixent®) in Healthy Chinese Adult Male Subjects",Biosimilarity,PHASE1,small_molecule
NCT05816382,A Long-term Extension Study to Evaluate the Safety and Tolerability of TAK-861 in Participants With Selected Central Hypersomnia Conditions,Narcolepsy Type 1,PHASE2,small_molecule
NCT06463691,"An Open-label, Multi-center, Single-arm Study to Evaluate the Efficacy and Safety of Sonrotoclax, Zanubrutinib and CD20mab in Untreated MCL Patients",MCL,PHASE2,small_molecule
NCT06880094,Study of Congenital Orofacial Clefts by Implementing Optical Genome Mapping,Orofacial Clefts | Next Generation Sequencing (NGS) | Optical Genome Mapping,NA,gene_therapy
NCT06851468,"The Efficacy and Safety of Keverprazan in Treating H. Pylori：A Randomized Controlled, Multicenter,prospective Clinical Study",Helicobacter Pylori,NA,small_molecule
NCT05885568,"Validation of the Conditions of Transport of Biological Material by Drone Within the ""Groupement Hospitalier de Territoire Somme Littoral Sud""",Drone Transport | Biological Samples | Unmanned Aerial System,NA,biologic
NCT05494723,A Phase 1 Study of the Safety and Efficacy of YB-1113 in Treatment of Premature Ovarian Insufficiency (POI) Via Intravenous Infusion,POI,PHASE1,small_molecule
NCT07101484,A Study of GD007 (Human iPSC-Exosome Liquid Dressing) for Safety and Dose-Finding in Moderate-Severe Intrauterine Adhesion,Moderate-Severe Intrauterine Adhesions,NA,small_molecule
NCT06999733,"A Phase 1/2, Multicenter, Double-Masked, Placebo-Controlled Study of KB801 in Subjects With Stage 2 or 3 Neurotrophic Keratitis",Neurotrophic Keratitis,PHASE1,biologic
NCT07264504,Experimentation of Formaldehyde Purification by Plants in the Anatomy and Cytology Department,Formaldehyde | Pathological Anatomy and Cytology,NA,biologic
NCT07404397,Comparing Adjuvant Treatments for High Tone Pelvic Floor Dysfunction: a Pilot Randomized Controlled Trial,High Tone Pelvic Floor Dysfunction,PHASE2,small_molecule
NCT04297085,Prospective Cohort Study on the Determinants of Venous THromboembolic Recurrence. BREIZH-Cohorte,Thromboembolic Venous Disease,NA,biologic
NCT06329076,Losartan Modulates Neural Responses to Looming Visual Stimuli: An Eye-tracking Study,Healthy,NA,small_molecule
NCT07293884,Efficacy of Nebulized Versus Intravenous N- Acetylcysteine in Airway Clearance in Broncheictasis,Broncheictasis,NA,small_molecule
NCT06404177,Dexketoprofen ® IV Versus Piroxicam® IM in Emergency Pain Management,Traumatic Injury,PHASE3,small_molecule
NCT05018117,Effects of Nicotine and Attention on Frequency Tuning in Auditory Cortex,Aging,EARLY_PHASE1,small_molecule
NCT07065175,"KANGFUPEN (Liquid Dressing) for the Treatment of Chronic Radiation-Induced Rectal Injury: A Prospective, Single-Arm, Multicenter Study",Chronic Radiation-induced Proctitis,PHASE2,small_molecule
NCT07398261,Efficacy of Mirabegron for Treatment of Non-monosymptomatic Nocturnal Enuresis in Children,Treatment of Non-monosymptomatic Nocturnal Enuresis,PHASE3,small_molecule
NCT07300527,Cognitive Behavior Therapy for Dysfunctional Cognitive and Behavioral Patterns and Functional Outcomes Among Patients With Major Depressive Disorder-Multiples Episodes: Randomized Control Trial.,Patients With Major Depressive Disorder,NA,small_molecule
NCT07050095,Randomized Clinical Trial for Comparison Between the Anxiolytic Effect of Virtual Reality Immersion Versus Midazolam Premedication in Patients Undergoing Dacryocystorhinostomy Surgery,Anxiolytic Effect | Virtual Reality Immersion | Midazolam | Premedication | Dacryocystorhinostomy,NA,small_molecule
NCT06818058,"A Phase II Multicentric, Randomized, Double-blind, Placebo-controlled Study of TAR-0520 Gel in EGFR Inhibitor-induced Folliculitis.",EGFR Inhibitor-associated Rash,PHASE2,small_molecule
NCT06836960,The Clinical Efficacy of Gegen Qinlian Tang Combined with Bifidobacterium Triple Viable Capsules in the Prevention and Treatment of Radiation Enteritis,Acute Radiation Enteritis,PHASE1,small_molecule
NCT07349407,"The Effect of Dilute Epinephrine Saline Irrigation on Field Clarity in Ankle Arthroscopic Surgery Compared to a Tourniquet: a Double-blind, Randomized Controlled Trial",Chronic Ankle Instability | Ankle Ligament Injury | Ankle Arthroscopy,NA,small_molecule
NCT06422286,Efficacy of Low-level Laser Acupuncture and Microcurrent Electrical Stimulation on Gag Reflex on Children During Taking Dental Impression,Gagging,NA,biologic
NCT07177456,Study on the Safety and Efficacy of Umbilical Cord Blood Mononuclear Cells in the Treatment of Radiation-induced Lung Injury,Radiation-induced Lung Injury,EARLY_PHASE1,biologic
NCT05895305,Prospective Trial of Paclitaxel-Coated Pulmonary Balloon for the Treatment of Benign Airway Obstruction (OXYGEN-1 Trial),Central Airway Obstruction,EARLY_PHASE1,combination
NCT05136976,Rituximab Therapy in Anti-Myelin Associated Glycoprotein Patients With Characteristics of Good Responders:,Anti-MAG Neuropathy,PHASE3,monoclonal_antibody
NCT07152223,A Single-center Clinical Study to Evaluate the Safety and Efficacy of CD19-BCMA CAR-T Cell Therapy for Connective Tissue Diseases,Connective Tissue Diseases,NA,biologic
NCT07172360,"A Multicenter, Randomized, Double-blind, Controlled Phase III Clinical Study to Evaluate the Efficacy and Safety of VC005 Tablets in Subjects With Active Ankylosing Spondylitis",Active Ankylosing Spondylitis,PHASE3,small_molecule
NCT07197268,"An Open-Label Single Center, Single Participant Study of an Experimental Antisense Oligonucleotide Treatment for Bainbridge-Ropers Syndrome Due to ASXL3 Gene Variant",Bainbridge-Ropers Syndrome,PHASE1,oligonucleotide
NCT05297786,Prevention of Dialysis-Induced Hypotension by Inhibiting Plasma Kallikrein,Hemodialysis Complication | Hypotension of Hemodialysis,PHASE2,small_molecule
NCT04747041,Evaluation of a Phyto Aromatherapy Treatment in the Management of Recurrent Cystitis Preliminary Study,Cystitis Recurrent,NA,combination
NCT07210697,Orthodontic Pain Alleviation With Chewing Gum,Orthodontic Appliances,PHASE3,small_molecule
NCT03583710,A Randomized Registry Trial of Adjuvant Mitotane vs. Mitotane With Cisplatin/Etoposide After Primary Surgical Resection of Localized Adrenocortical Carcinoma With High Risk of Recurrence (ADIUVO-2 Trial),ENSAT Stage I Adrenal Cortex Carcinoma | ENSAT Stage II Adrenal Cortex Carcinoma | ENSAT Stage III Adrenal Cortex Carcinoma,PHASE3,small_molecule
NCT06271928,The Efficacy and Safety of Chinese Herbal Compound Yijing Keli in the Treatment of Ovarian Aging: A Multicenter and Prospective Study.,Ovarian Aging,EARLY_PHASE1,small_molecule
NCT07264738,Oral Ondansetron to Improve Patient Experience of Unsedated Esophagogastroduodenoscopy: A Pilot Study,Esophagogastroduodensocopy (EGD) Procedure,PHASE4,small_molecule
NCT07066605,"The Effect of Dexmedetomidine on Agitation During Weaning From Mechanical Ventilation in Critically Ill Patients""",Dexmedetomidine,NA,small_molecule
NCT07166354,Clinical Study of mTOR Inhibitor as a Treatment for Grey Hair (Canities),Canities | Grey Hair,PHASE1,small_molecule
NCT05289661,Descemet Endothelial Thickness Comparison Trials (DETECT I & II),Fuchs,PHASE3,small_molecule
NCT05528328,"Post-surgical Scars After the Use of CACIPLIQ20: A Randomized, Double-blind, Placebo -Controlled Trial",Scars,PHASE3,small_molecule
NCT07120477,Esketamine Versus Crisis Response Planning Versus Optimized Treatment as Usual for Suicide Prevention: A Pragmatic Controlled Trial in Two Brazilian Cities,Suicide Prevention | Ketamine | Crisis Response Plan,PHASE4,small_molecule
NCT07196670,Intralesional Vitamin D Versus Intralesional Acyclovir in Plantar Warts: a Single-blinded Randomized Clinical Trial With Clinico-dermoscopic Evaluation,Plantar Warts Treatment,PHASE4,small_molecule
NCT05272254,Povidone Iodine Efficacy Study,Early Childhood Caries,PHASE2,small_molecule
NCT04747301,The Effectiveness and Safety of Double-balloon Versus Vaginal Prostaglandin for Cervical Ripening in Women With Low-risk Pregnancies: A Randomized Controlled Trial (DOBA-PRO),Induction of Labor,NA,small_molecule
NCT07110181,A Randomized Controlled Trial Evaluating the Efficacy of a Blended Unified Protocol for Transdiagnostic Treatment of Emotional Disorders in Chinese Adolescents With Non-Suicidal Self-Injury,Non-suicidal Self-injury (NSSI),NA,small_molecule
NCT07210281,The Use of Ossein-hydroxyapatite Complex as an Adjunctive Treatment in Orthopedics and Traumatology,Patients With Fractures,PHASE4,small_molecule
NCT07155343,Comparison of the Brackets Bonded With Bulk Fill Composite and Conventional Composite in Patients Undergoing Fixed Orthodontic Treatment - A Split-mouth Randomized Controlled Trial,Survival Rate of Bonded Brackets,EARLY_PHASE1,combination
NCT07213037,Magnesium Sulfate Versus Lidocaine as Additives to Dexmedetomidine for Cough Suppression After Functional Endoscopic Sinus Surgery,Cough Suppression,PHASE3,small_molecule
NCT06556030,Botulinum Toxin in Open Abdomen Closure,Botulinum Toxin Type A | Open Abdomen | Abdominal Wall | Clinical Trial,PHASE4,small_molecule
NCT06329167,Clinical Trial of Daphnetin Capsules for Lower Limb Lymphoedema Following Gynaecological Surgery,Lower Extremity Lymphedema,PHASE4,small_molecule
NCT03661645,Post-operative Methylprednisolone Taper Course for Orthopedic Surgery,Orthopedic Surgeries,PHASE4,small_molecule
NCT06465602,Nicotinamide Supplementation Improves Physical Performance in Older Adults at Risk of Falls: a Pilot Randomized Clinical Trial,Frailty | Fall | Frailty Syndrome | Falls,PHASE2,small_molecule
NCT05873465,Effects of Cannabis Use on Sedation Requirements for Oral Surgery Procedures,Cannabis Use,PHASE4,small_molecule
NCT07245628,A Single-Blind Randomized Placebo Controlled Trial of Self-Adjusted Nitrous Oxide During Office Vasectomy,Vasectomy,EARLY_PHASE1,small_molecule
NCT06842771,Pain with Differing Intraperitoneal Washes At the End of Laparoscopic Gynecologic Surgery,Laparoscopic Adnexal Surgery,PHASE4,small_molecule
NCT05933200,"A Randomized, Double-blind, Multicenter Study to Determine the Effect of Triheptanoin Compared With Even-chain, Medium-chain Triglycerides (MCT) on Major Clinical Events (MCEs) in Pediatric Patients With Long-chain Fatty Acid Oxidation Disorders (LC-FAOD)",Long-chain Fatty Acid Oxidation Disorders (LC-FAOD),PHASE3,small_molecule
NCT03897998,Neural Correlates of Hypoalgesia Driven by Observation,Pain | Virtual Reality | Placebo,PHASE2,small_molecule
NCT07288580,"A Phase Ⅰ/Ⅱ, Multicenter, Single-arm, Open-label Clinical Trial to Evaluate the Safety, Tolerability and Preliminary Efficacy of EHT102 Injection in Pediatric Patients With Biallelic hOTOF Mutations",Treatment of Congenital Hearing Loss Secondary to Biallelic Mutations of the Otoferlin Gene (OTOF),PHASE1,small_molecule
NCT06089395,A Randomized and Double-blind Clinical Trial of Jiajian Guishen Granules on the Modulation of Ovarian Function in Patients With Poor Ovarian Response,Poor Ovarian Response,EARLY_PHASE1,small_molecule
NCT07367672,The Power of Belief: Expectation-driven and Placebo Modulation of Empathic Pain,Healthy Participants,NA,small_molecule
NCT07216781,"Evaluating the Safety and Efficacy of Injectable Klotho Plasmid Gene Therapy in Humans: An Interventional, Non-Placebo-Controlled Pilot Phase Study",Healthy Adults,PHASE1,gene_therapy
NCT05553132,Hip RECLAIM: A Phase I Safety and Feasibility Trial of REcycled CartiLage Auto/Allo IMplantation for the Treatment and Repair of Focal Hip Cartilage Defects,Cartilage Defect,PHASE1,combination
NCT06690164,Study on the Effect of Atorvastatin Co-administered With Omeprazole on Statin Lactone (SEACOL),Metabolite,PHASE4,small_molecule
NCT07092098,The Effects of Transcranial Direct Current Stimulation Combined With Resistance Training on Motor Learning in Healthy Young Adults,Healthy Adults,NA,combination
NCT06168214,"Standard or Short-course Vonoprazan Non-bismuth Triple Therapy or High-dose Dual Therapy Versus Rabeprazole-bismuth Quadruple Therapy for Primary Helicobacter Pylori Eradication: A Single-center, Randomised, Controlled Trial.",the Eradication Rates of Helicobacter Pylori,PHASE4,small_molecule
NCT06793267,Ultrasonoraphic Asessment of Metoclopramide Effect on Gastric Volume in Urgent Surgical Trauma Pediateric Patients. Randomozed Controlled Double Blind Study.,Gastric Volume,PHASE3,small_molecule
NCT06732648,"The Efficacy and Safety of Intravenous HRS8179 for the Prevention and Treatment of Severe Cerebral Edema Following Large Hemispheric Infarction: a Multicenter, Randomized, Double-blind, Placebo-controlled, Phase II/III Clinical Trial",Severe Cerebral Edema Following Large Hemispheric Infarction,PHASE2,small_molecule
NCT03406338,Surgical Fasciectomy Versus Collagenase Injection in Treating Recurrent Dupuytren Disease: a Randomized Controlled Trial,Dupuytren Disease of Finger,PHASE4,small_molecule
NCT07231588,Feasibility of an Oral 5 Strain Probiotic (PGC) for GI Toxicity Mitigation During Pelvic Radiation,Radiation Injuries,EARLY_PHASE1,biologic
NCT06777966,Effect of Preoperative Nebulized Versus Intravenous Tranexamic Acid on Surgical Field Quality in Patients Undergoing Endoscopic Sinus Surgeries: a Randomized Controlled Comparative Study,Nebulization | Intravenous | Surgical Field | Endoscopic Sinus Surgeries,PHASE4,small_molecule
NCT06138613,Motion Delos: An Open Label Study to Investigate the Safety and Efficacy of Tradipitant in Participants Affected by Motion Sickness During Travel,Motion Sickness,PHASE3,small_molecule
NCT05991037,Consequence of Plasma Concentrations of Psychoactive Drugs Located Beyond Therapeutic Ranges on Severity of Falls in Patients Over 75 Years Old,Fall,NA,biologic
NCT06138236,Comparison of ESWT and Collagen Hydrolyzed Peptides in the Treatment of Plantar Fascitiis,Plantar Fascitis,EARLY_PHASE1,small_molecule
NCT06988527,Treatment Outcomes and Patient Satisfaction of Oral Lichen Planus Treatment,Erosive Oral Lichen Planus | Atrophic Lichen Planus,PHASE2,small_molecule
NCT04903470,Understanding Defecation Patterns Using a Novel Device (Fecobionics) to Improve Treatment of Constipation,Constipation by Outlet Obstruction,NA,small_molecule
NCT05734794,Study of Rituximab Monotherapy VS Steroid Therapy on Children With New-onset Nephrotic Syndrome: A Randomized Controlled Trial,Nephrotic Syndrome in Children | Rituximab,PHASE3,monoclonal_antibody
NCT06565494,A Pilot Study of Midomafetamine (MDMA-Assisted) Therapy for the Treatment of Pathological Narcissism,Narcissism,EARLY_PHASE1,small_molecule
NCT05857930,"A Randomized, Placebo-Controlled, Double-Blind, Multicenter, Phase 2 Study to Assess the Efficacy and Safety of Daily OM-85 Treatment vs. Placebo Given in Children Aged 6 Months to 5 Years With Recurrent Wheezing",Recurrent Wheezing | Wheezing Lower Respiratory Illness,PHASE2,small_molecule
NCT07009860,"RESTORE TRIAL: A Phase 2, Multicenter, Randomized, Double-blind, Placebo-controlled Study Evaluating the Efficacy and Safety of Pemvidutide in the Treatment of Alcohol-Associated Liver Disease (ALD)",Alcohol Liver Disease,PHASE2,small_molecule
NCT05964257,"A Double-blind, Randomized, Placebo-controlled, Multi-center, Phase III Study to Evaluate the Efficacy and Safety of LIZTOX in Subjects with Benign Masseteric Hypertrophy.",Benign Masseteric Hypertrophy,PHASE3,small_molecule
NCT06966349,Quantifying Ocular Surface Aberrations After Tear Film Interventions,Tear Film Characteristics,PHASE4,small_molecule
NCT05378113,Ondansetron As a Strategy for Reducing Propofol Injection Pain in Pediatrics: a Randomized Controlled Trial,Injection Site Irritation,PHASE2,small_molecule
NCT07136935,A Multicenter Observational Study of an Integrated Traditional Chinese and Western Medicine Care Model in Post-Acute Treatment of Frail Elderly Patients,Frail Elderly Patients,NA,small_molecule
NCT07197541,A Self-controlled Study of Bleomycin and Pingyangmycin Injection in the Treatment of Plantar Warts,Plantar Wart,PHASE4,small_molecule
NCT05935202,Safety and Efficacy of Mitapivat Sulfate in Adult Patients With Erythrocyte Membranopathies,Hereditary Red Blood Cell Disorder (Disorder),PHASE2,small_molecule
NCT06796946,Intervention for Antidepressant Deprescription in Primary Care: a Randomized Community Clinical Trial,Deprescription | Antidepressants,EARLY_PHASE1,small_molecule
NCT07031479,Efficacy of Enteral Itopride Versus Intravenous Metoclopramide in Hospitalized Medicine Patients With Feeding Intolerance Causing by High Gastric Residual Volume: a Prospective Randomized Controlled Trial,Feeding Intolerance,PHASE4,small_molecule
NCT07009028,"The Effect of Storigami Method on Pain, Fear and Anxiety Levels Associated With Peripheral Intravenous Catheterisation in Children",Pain,NA,combination
NCT06840470,Investigating the Effect of Topical Imiquimod on Sebaceous Hyperplasia,Sebaceous Hyperplasia,PHASE4,small_molecule
NCT07053761,A Randomized Controlled Trial of Five - Flavor Sophora Flavescens Enteric - Coated Capsules for Radiation - Induced Proctitis After Pelvic Radiotherapy,Radiation - Induced Proctitis,PHASE2,small_molecule
NCT06295770,A Single-Center Phase 2 Open-Label Trial Evaluating the Efficacy and Safety of Obinutuzumab in Treatment of Fibrillary Glomerulonephritis,Fibrillary Glomerulonephritis,PHASE2,monoclonal_antibody
NCT06979531,"A Phase 2b, Multicenter, Randomized, Double-Blind, Placebo-Controlled, Parallel-Group Study to Assess the Efficacy, Safety, and Tolerability of IMVT-1402 in Adult Participants With Primary Sjogren's Disease With Moderate to Severe Systemic Disease Activity",Primary Sjögren's Syndrome,PHASE2,small_molecule
NCT06537999,"A Phase 2, Randomized, Double-Blinded, Placebo-Controlled, Study to Evaluate Safety, Tolerability, Pharmacometrics, and Efficacy of DNTH103 in Adults With Multifocal Motor Neuropathy (MOMENTUM)",Multifocal Motor Neuropathy,PHASE2,small_molecule
NCT05237687,Sirolimus in Older Adults- Randomized Trial Assessing the Improvement in Phenotypic/Functional Biomarkers of Aging,Aging,PHASE2,small_molecule
NCT06529497,Efficacy of Racecadotril in Addition to Standard Treatment i in Decreasing the Duration of Acute Diarrhoea in Children as Compared to Standard of Treatment Alone,Diarrhoea,PHASE1,small_molecule
NCT06765031,The Role of Furosemide Stress Test in Predicting Acute Kidney Injury Progression and Need for Renal Replacement Therapy in Patients Followed in the Intensive Care Clinic,Akut Kidney Injury,NA,small_molecule
NCT05830630,The Preventive Value of Continuous Perineural Methylene Blue Infusion in Patients Undergoing Lower Limb Amputation Surgery,Perineural | Methylene Blue | Lower Limb Amputation,NA,small_molecule
NCT07408011,Interest of Cryotherapy in Reducing Pain During Radial Arterial Blood Sampling,Chronic Respiratory Diseases,PHASE3,small_molecule
NCT06228365,Efficacy of Digital Sedation Compared With Neuroleptanalgesia in Percutaneous Outpatient Surgery for Superficial Venous Insufficiency,Superficial Venous Insufficiency,NA,small_molecule
NCT07369232,Cerebral Hemodynamic Effects of Oxygen and Antioxidants,Oxygen | Hyperoxemia | Antioxidant | Cerebral Autoregulation | Oxidative Stress,NA,small_molecule
NCT03734731,Clinical Trial Policy Study for the Objective Comparison of Cannabis Vs Opioids (CVO) Pain Management and Therapy Types for Circulatory and Chronic Pain Issues,Chronic Pain | Circulatory Disorders,NA,small_molecule
NCT05418244,"Inhaled Isopropyl Alcohol for the Treatment of Nausea in a Pediatric Emergency Department: A Open Label, Randomized Controlled Clinical Trial","Vomiting | Nausea | Children, Only",PHASE2,small_molecule
NCT06722664,"A Phase 2 , Randomized, Placebo-Controlled, Double-Blind Study to Evaluate the Safety and Efficacy of Using Premedication With OsrhCT and Dimethicone Emulsion During Upper Gastrointestinal Endoscopy Examination.",Gastric Mucosal Lesion,PHASE2,small_molecule
NCT04882202,Effect of Acetaminophen on the Incidence of Acute Kidney Injury in Patients Undergoing Aortic Surgery With Moderate Hypothermic Circulatory Arrest,Aortic Surgery,NA,small_molecule
NCT06112028,Clinical Study of Tongxinluo Capsule in Preventing and Treating Restenosis After Intracranial and External Arterial Stenting,Stent Restenosis,PHASE4,small_molecule
NCT05936528,The Effect of Lactoferrin in Improving Clinical Outcomes in ICU Patients,Critical Illness,PHASE4,biologic
NCT06999057,Quadriceps Motor Unit Adaptation to Simulated Knee Injury,Muscle Inhibition | Knee Injury Simulation,NA,small_molecule
NCT05774704,Curcumin and Retinal Amyloid-beta Pilot Study,Bioavailability | Gut Microbiome | Safety,PHASE1,small_molecule
NCT07070739,"A Multicenter, Open-label Study to Evaluate the Long-term Safety and Efficacy of HSK44459 Tablets for the Treatment of Patients With Bechet's Disease",Bechet's Disease,PHASE2,small_molecule
NCT06197763,Impact of Therapy Using Colesevelam Treatment Reducing Bile Acids in Patients With Fontan Circulation (MYSTIC) Pilot Study.,Fontan Circulation,PHASE1,small_molecule
NCT04962776,A Randomised Controlled Study of Preoperative Coadministration of Low-concentration Carbohydrate and Nitrates Loading vs Low- Concentration Carbohydrate Loading Alone in Patients Undergoing Open Gynecological Surgeries,Length of Hospital Stay,PHASE4,small_molecule
NCT06961747,"An Open-Label, Repeated-Dose Assessment of Zilucoplan Concentration in Breast Milk of Healthy Lactating Women",Healthy Participants,PHASE1,small_molecule
NCT05874674,The Safety of Nafamostat Mesylate for Patients With High Risk Bleeding Diathesis Undergoing Hemodialysis: A Pilot Study,Dialysis; Complications | Bleeding,NA,small_molecule
NCT06524518,Xuanwu Hospital Capital Medical University,DFS,PHASE2,small_molecule
NCT06100510,PFA 100 Evaluation and Reference Interval HOACNY,Effect of Drug,PHASE4,small_molecule
NCT06066606,"Physiological Response to U-LABA/ICS With Emphasis on Exercise Performance, Vilanterol",Exercise Performance,NA,small_molecule
NCT07116304,Comparative Efficacy of Intravenous Parecoxib Versus Lidocaine in Reducing Propofol Injection Pain: A Randomized Controlled Trial,Preventing Propofol Pain on Injection,NA,small_molecule
NCT05157126,"A Masked, Randomized Controlled Trial Evaluating Locally-applied Gentamicin Versus Saline in Open Tibia Fractures",Fracture Open Tibia,PHASE4,small_molecule
NCT06678685,An Exploratory Study of Spironolactone Tablets for the Treatment of Children With NCOR Mutations,NCOR Gene Mutations | Spironolactone | ASD,PHASE2,small_molecule
NCT07028710,Evolution of Luteal Progesteronemia in a Modified Natural Cycle (Ovulation Triggered by hCG): Pilot Study,Luteal Phase Insufficiency,NA,small_molecule
NCT07063680,"Efficacy of Early Argipressin (Arginine Vasopressin) in the Management of Intensive Care Patients With Norepinephrine-refractory Vasoplegic Shock: a Multicentric Randomized, Double-blind Placebo-controlled Superiority Trial",Patients With Norepinephrine-refractory Vasoplegic Shock,PHASE3,small_molecule
NCT07392229,"Zanubrutinib, a Second Generation BTK Inhibitor, in Anti-MAG Antibody Neuropathy: a Phase II Italian Multicenter Clinical Trial (MAZINGA)",Anti-MAG IgM-associated Demyelinating Polyneuropathy,PHASE2,monoclonal_antibody
NCT05007561,Understanding How Opioids Affect the Experiential and Neural Signatures of Social Experiences,Naltrexone | Placebo,EARLY_PHASE1,small_molecule
NCT04750122,Neoadjuvant Therapy Study Guided by Drug Screening in Vitro Patient-derived Tumor-like Cell Clusters for HER2 Positive Early Breast Cancer Patients,HER2-positive Early Breast Cancer,PHASE1,monoclonal_antibody
NCT06508710,Early Efficacy of Ketamine Compared With Placebo as Adjunctive Therapy With Venlafaxine in Severely Unipolar Depressed Inpatients,Major Depressive Episode,PHASE3,small_molecule
NCT07070024,Efficacy of Microneedling With Vitamin C in Performing Gingival Depigmentation Compared With Conventional Scalpel and Diode Laser: A Randomized Controlled Trial,Gingival Pigmentation,PHASE1,small_molecule
NCT05874505,"""Multicenter, Randomized, Prospective Trial Comparing the Efficacy and Safety of Adalimumab to That of Tocilizumab in Severe Uveitis of Behçet's Disease"" (UVB) : Treatment of UVeitis in Behçet's Diseases With Biologics",Behcet's Uveitis,PHASE2,monoclonal_antibody
NCT07348172,Characterizing Drug Liking During Drug Administration in Peri-procedural Clinical Settings,Drug Liking,EARLY_PHASE1,small_molecule
NCT07253688,Adjunctive Rifampin for the Treatment of Prosthetic Valve Endocarditis Due to S. Aureus (RIFA-SNAP),Staphylococcus Aureus Endocarditis | Prosthetic Valve Endocarditis,PHASE3,small_molecule
NCT06520982,Early Neurovascular Adaptations in Aging Women,Women | Sympathetic Nervous System | Aging | Blood Flow,EARLY_PHASE1,small_molecule
NCT06997796,Sprayed-In Medicated Powder for Less-Invasive Epistaxis Treatment Using Tranexamic Acid: The Bloody SIMPLE Treatment Pilot Study,Epistaxis Nosebleed,PHASE1,small_molecule
NCT07057973,The Effectiveness of Preoperative Iron Therapy in Improving Anemia After Multi-level Lumbar Fusion in the Elderly,Ferric Carboxymaltose,NA,small_molecule
