nct_id,old_modality,matched_signal,file
NCT04207190,monoclonal_antibody,ozogamicin,master_DB_2019_Q4.json
NCT04209855,small_molecule,mirvetuximab soravtansine,master_DB_2019_Q4.json
NCT04205630,monoclonal_antibody,antibody-drug conjugate,master_DB_2019_Q4.json
NCT04202705,antibody_protein,antibody-drug conjugate,master_DB_2019_Q4.json
NCT04197687,monoclonal_antibody,trastuzumab emtansine,master_DB_2019_Q4.json
NCT04189614,small_molecule,antibody drug conjugate,master_DB_2019_Q4.json
NCT04182204,monoclonal_antibody,polatuzumab vedotin,master_DB_2019_Q4.json
NCT04177823,monoclonal_antibody,antibody drug conjugate,master_DB_2019_Q4.json
NCT04173585,monoclonal_antibody,ozogamicin,master_DB_2019_Q4.json
NCT04168502,monoclonal_antibody,ozogamicin,master_DB_2019_Q4.json
NCT04158947,monoclonal_antibody,t-dm1,master_DB_2019_Q4.json
NCT04152499,small_molecule,antibody drug conjugate,master_DB_2019_Q4.json
NCT04146610,antibody_protein,antibody drug conjugate,master_DB_2019_Q4.json
NCT04138875,monoclonal_antibody,brentuximab vedotin,master_DB_2019_Q4.json
NCT04132960,small_molecule,antibody drug conjugate,master_DB_2019_Q4.json
NCT04093505,monoclonal_antibody,ozogamicin,master_DB_2019_Q4.json
NCT04073602,monoclonal_antibody,mmae,master_DB_2019_Q4.json
NCT04070768,monoclonal_antibody,ozogamicin,master_DB_2019_Q4.json
NCT04064359,antibody_protein,antibody-drug conjugate,master_DB_2019_Q4.json
NCT04052997,monoclonal_antibody,tesirine,master_DB_2019_Q4.json
NCT04050280,monoclonal_antibody,ozogamicin,master_DB_2019_Q4.json
NCT04042701,monoclonal_antibody,trastuzumab deruxtecan,master_DB_2019_Q4.json
NCT04042051,monoclonal_antibody,trastuzumab emtansine,master_DB_2019_Q4.json
NCT04039230,small_molecule,antibody-drug conjugate,master_DB_2019_Q4.json
NCT04036461,antibody_protein,antibody-drug conjugate,master_DB_2019_Q4.json
NCT04032704,monoclonal_antibody,vedotin,master_DB_2019_Q4.json
NCT04014075,monoclonal_antibody,trastuzumab deruxtecan,master_DB_2019_Q4.json
NCT03995706,small_molecule,sacituzumab govitecan,master_DB_2019_Q4.json
NCT03992131,small_molecule,sacituzumab govitecan,master_DB_2019_Q4.json
NCT03991884,monoclonal_antibody,ozogamicin,master_DB_2019_Q4.json
NCT03975647,monoclonal_antibody,ado-trastuzumab,master_DB_2019_Q4.json
NCT03964727,small_molecule,sacituzumab govitecan,master_DB_2019_Q4.json
NCT03962465,monoclonal_antibody,ozogamicin,master_DB_2019_Q4.json
NCT03959085,monoclonal_antibody,ozogamicin,master_DB_2019_Q4.json
NCT03947255,monoclonal_antibody,brentuximab vedotin,master_DB_2019_Q4.json
NCT03926143,small_molecule,ravtansine,master_DB_2019_Q4.json
NCT03913741,monoclonal_antibody,tisotumab vedotin,master_DB_2019_Q4.json
NCT03913559,monoclonal_antibody,ozogamicin,master_DB_2019_Q4.json
NCT03907488,monoclonal_antibody,brentuximab vedotin,master_DB_2019_Q4.json
NCT03904251,monoclonal_antibody,ozogamicin,master_DB_2019_Q4.json
NCT03901339,small_molecule,sacituzumab govitecan,master_DB_2019_Q4.json
NCT03900949,monoclonal_antibody,ozogamicin,master_DB_2019_Q4.json
NCT03894007,monoclonal_antibody,trastuzumab emtansine,master_DB_2019_Q4.json
NCT03891173,small_molecule,immunoconjugate,master_DB_2019_Q4.json
NCT03878927,monoclonal_antibody,ozogamicin,master_DB_2019_Q4.json
NCT03869190,monoclonal_antibody,enfortumab vedotin,master_DB_2019_Q4.json
NCT03859752,antibody_protein,antibody drug conjugate,master_DB_2019_Q4.json
NCT03856216,monoclonal_antibody,ozogamicin,master_DB_2019_Q4.json
NCT03851081,monoclonal_antibody,ozogamicin,master_DB_2019_Q4.json
NCT03848754,monoclonal_antibody,ozogamicin,master_DB_2019_Q4.json
NCT03839446,monoclonal_antibody,ozogamicin,master_DB_2019_Q4.json
NCT03832361,small_molecule,mirvetuximab soravtansine,master_DB_2019_Q4.json
NCT03835819,monoclonal_antibody,mirvetuximab soravtansine,master_DB_2019_Q4.json
NCT03828292,small_molecule,antibody drug conjugate,master_DB_2019_Q4.json
NCT03816358,monoclonal_antibody,ravtansine,master_DB_2019_Q4.json
NCT03786081,monoclonal_antibody,tisotumab vedotin,master_DB_2019_Q4.json
NCT03784599,monoclonal_antibody,emtansine,master_DB_2019_Q4.json
NCT03755804,biologic,brentuximab vedotin,master_DB_2019_Q4.json
NCT03748186,antibody_protein,antibody drug conjugate,master_DB_2019_Q4.json
NCT03737955,monoclonal_antibody,ozogamicin,master_DB_2019_Q4.json
NCT03734029,monoclonal_antibody,antibody drug conjugate,master_DB_2019_Q4.json
NCT03729596,antibody_protein,antibody drug conjugate,master_DB_2019_Q4.json
NCT03727750,monoclonal_antibody,ozogamicin,master_DB_2019_Q4.json
NCT03725761,small_molecule,sacituzumab govitecan,master_DB_2019_Q4.json
NCT03726879,monoclonal_antibody,trastuzumab emtansine,master_DB_2019_Q4.json
NCT03719105,monoclonal_antibody,brentuximab vedotin,master_DB_2019_Q4.json
NCT03709082,monoclonal_antibody,t-dm1,master_DB_2019_Q4.json
NCT03712202,monoclonal_antibody,brentuximab vedotin,master_DB_2019_Q4.json
NCT03685344,monoclonal_antibody,loncastuximab tesirine,master_DB_2019_Q4.json
NCT03682796,small_molecule,antibody-drug conjugate,master_DB_2019_Q4.json
NCT03684694,monoclonal_antibody,loncastuximab tesirine,master_DB_2019_Q4.json
NCT03677596,monoclonal_antibody,ozogamicin,master_DB_2019_Q4.json
NCT03677141,monoclonal_antibody,polatuzumab vedotin,master_DB_2019_Q4.json
NCT03671018,monoclonal_antibody,polatuzumab vedotin,master_DB_2019_Q4.json
NCT03672539,monoclonal_antibody,ozogamicin,master_DB_2019_Q4.json
NCT03657043,monoclonal_antibody,tisotumab vedotin,master_DB_2019_Q4.json
NCT03650491,small_molecule,antibody-drug conjugate,master_DB_2019_Q4.json
NCT03652441,monoclonal_antibody,brentuximab vedotin,master_DB_2019_Q4.json
NCT03646123,monoclonal_antibody,brentuximab vedotin,master_DB_2019_Q4.json
NCT03628053,monoclonal_antibody,antibody-drug conjugate,master_DB_2019_Q4.json
NCT03621982,monoclonal_antibody,tesirine,master_DB_2019_Q4.json
NCT03610438,monoclonal_antibody,ozogamicin,master_DB_2019_Q4.json
NCT03602079,small_molecule,antibody drug conjugate,master_DB_2019_Q4.json
NCT03589469,monoclonal_antibody,loncastuximab tesirine,master_DB_2019_Q4.json
NCT03587844,monoclonal_antibody,brentuximab vedotin,master_DB_2019_Q4.json
NCT03589729,monoclonal_antibody,ozogamicin,master_DB_2019_Q4.json
NCT03587740,monoclonal_antibody,ado-trastuzumab,master_DB_2019_Q4.json
NCT03587311,monoclonal_antibody,ravtansine,master_DB_2019_Q4.json
NCT03576378,small_molecule,vedotin,master_DB_2019_Q4.json
NCT03575819,small_molecule,antibody-drug conjugate,master_DB_2019_Q4.json
NCT03568994,monoclonal_antibody,ozogamicin,master_DB_2019_Q4.json
NCT03564678,monoclonal_antibody,ozogamicin,master_DB_2019_Q4.json
NCT03556345,monoclonal_antibody,mmae,master_DB_2019_Q4.json
NCT03552471,small_molecule,mirvetuximab soravtansine,master_DB_2019_Q4.json
NCT03547973,small_molecule,sacituzumab govitecan,master_DB_2019_Q4.json
NCT03544281,antibody_protein,antibody-drug conjugate,master_DB_2019_Q4.json
NCT03540849,monoclonal_antibody,brentuximab vedotin,master_DB_2019_Q4.json
NCT03533283,monoclonal_antibody,polatuzumab vedotin,master_DB_2019_Q4.json
NCT03539536,monoclonal_antibody,telisotuzumab vedotin,master_DB_2019_Q4.json
NCT03530696,monoclonal_antibody,t-dm1,master_DB_2019_Q4.json
NCT03527628,monoclonal_antibody,vedotin,master_DB_2019_Q4.json
NCT03525678,antibody_protein,antibody drug conjugate,master_DB_2019_Q4.json
NCT03531918,monoclonal_antibody,ozogamicin,master_DB_2019_Q4.json
NCT03523585,monoclonal_antibody,trastuzumab deruxtecan,master_DB_2019_Q4.json
NCT03523572,monoclonal_antibody,trastuzumab deruxtecan,master_DB_2019_Q4.json
NCT03517137,monoclonal_antibody,brentuximab vedotin,master_DB_2019_Q4.json
NCT03529110,monoclonal_antibody,trastuzumab deruxtecan,master_DB_2019_Q4.json
NCT03505710,monoclonal_antibody,trastuzumab deruxtecan,master_DB_2019_Q4.json
NCT03504488,biologic,antibody drug conjugate,master_DB_2019_Q4.json
NCT03500380,oligonucleotide,mmae,master_DB_2019_Q4.json
NCT03496779,monoclonal_antibody,brentuximab vedotin,master_DB_2019_Q4.json
NCT03489525,antibody_protein,antibody drug conjugate,master_DB_2019_Q4.json
NCT03488225,monoclonal_antibody,ozogamicin,master_DB_2019_Q4.json
NCT03485209,monoclonal_antibody,tisotumab vedotin,master_DB_2019_Q4.json
NCT03474133,monoclonal_antibody,brentuximab vedotin,master_DB_2019_Q4.json
NCT03474107,small_molecule,enfortumab vedotin,master_DB_2019_Q4.json
NCT03460522,monoclonal_antibody,ozogamicin,master_DB_2019_Q4.json
NCT03455556,monoclonal_antibody,antibody drug conjugate,master_DB_2019_Q4.json
NCT03449030,monoclonal_antibody,antibody-drug conjugate,master_DB_2019_Q4.json
NCT03438396,monoclonal_antibody,tisotumab vedotin,master_DB_2019_Q4.json
NCT03441061,monoclonal_antibody,ozogamicin,master_DB_2019_Q4.json
NCT03441048,oligonucleotide,immunoconjugate,master_DB_2019_Q4.json
NCT03429101,monoclonal_antibody,t-dm1,master_DB_2019_Q4.json
NCT03425279,biologic,antibody drug conjugate,master_DB_2019_Q4.json
NCT03424603,antibody_protein,antibody drug conjugate,master_DB_2019_Q4.json
NCT03418558,monoclonal_antibody,trastuzumab emtansine,master_DB_2019_Q4.json
NCT03409432,monoclonal_antibody,brentuximab vedotin,master_DB_2019_Q4.json
NCT03403725,antibody_protein,antibody-drug conjugate,master_DB_2019_Q4.json
NCT03390296,monoclonal_antibody,ozogamicin,master_DB_2019_Q4.json
NCT03368196,small_molecule,antibody drug conjugate,master_DB_2019_Q4.json
NCT03374332,monoclonal_antibody,ozogamicin,master_DB_2019_Q4.json
NCT03356054,monoclonal_antibody,brentuximab vedotin,master_DB_2019_Q4.json
NCT03364348,monoclonal_antibody,emtansine,master_DB_2019_Q4.json
NCT03316638,monoclonal_antibody,antibody-drug conjugate,master_DB_2019_Q4.json
NCT03302728,monoclonal_antibody,brentuximab vedotin,master_DB_2019_Q4.json
NCT03288545,monoclonal_antibody,enfortumab vedotin,master_DB_2019_Q4.json
NCT03281824,monoclonal_antibody,mmae,master_DB_2019_Q4.json
NCT03274492,monoclonal_antibody,polatuzumab vedotin,master_DB_2019_Q4.json
NCT03264131,monoclonal_antibody,brentuximab vedotin,master_DB_2019_Q4.json
NCT03262935,monoclonal_antibody,antibody-drug conjugate,master_DB_2019_Q4.json
NCT03255070,small_molecule,antibody drug conjugate,master_DB_2019_Q4.json
NCT03249870,monoclonal_antibody,ozogamicin,master_DB_2019_Q4.json
NCT03248492,monoclonal_antibody,antibody drug conjugate,master_DB_2019_Q4.json
NCT03246750,small_molecule,brentuximab vedotin,master_DB_2019_Q4.json
NCT03233347,monoclonal_antibody,brentuximab vedotin,master_DB_2019_Q4.json
NCT03225937,monoclonal_antibody,emtansine,master_DB_2019_Q4.json
NCT03219333,monoclonal_antibody,enfortumab vedotin,master_DB_2019_Q4.json
NCT03222492,monoclonal_antibody,brentuximab vedotin,master_DB_2019_Q4.json
NCT03217643,monoclonal_antibody,brentuximab vedotin,master_DB_2019_Q4.json
NCT03198689,monoclonal_antibody,adcetris,master_DB_2019_Q4.json
NCT03190967,small_molecule,t-dm1,master_DB_2019_Q4.json
NCT03187210,monoclonal_antibody,brentuximab vedotin,master_DB_2019_Q4.json
NCT03152565,monoclonal_antibody,adc (weak),master_DB_2019_Q4.json
NCT03150693,monoclonal_antibody,ozogamicin,master_DB_2019_Q4.json
NCT03138499,monoclonal_antibody,brentuximab vedotin,master_DB_2019_Q4.json
NCT03113500,monoclonal_antibody,brentuximab vedotin,master_DB_2019_Q4.json
NCT03106077,monoclonal_antibody,mirvetuximab soravtansine,master_DB_2019_Q4.json
NCT03126630,monoclonal_antibody,ravtansine,master_DB_2019_Q4.json
NCT03104491,monoclonal_antibody,ozogamicin,master_DB_2019_Q4.json
NCT03094611,monoclonal_antibody,ozogamicin,master_DB_2019_Q4.json
NCT03102320,small_molecule,ravtansine,master_DB_2019_Q4.json
NCT03084939,monoclonal_antibody,trastuzumab emtansine,master_DB_2019_Q4.json
NCT03061812,small_molecule,tesirine,master_DB_2019_Q4.json
NCT03057795,monoclonal_antibody,brentuximab vedotin,master_DB_2019_Q4.json
NCT03032107,monoclonal_antibody,t-dm1,master_DB_2019_Q4.json
NCT03023722,small_molecule,ravtansine,master_DB_2019_Q4.json
NCT03013933,monoclonal_antibody,brentuximab vedotin,master_DB_2019_Q4.json
NCT03007030,monoclonal_antibody,adcetris,master_DB_2019_Q4.json
NCT03000257,small_molecule,tesirine,master_DB_2019_Q4.json
NCT02998047,monoclonal_antibody,immunoconjugate,master_DB_2019_Q4.json
NCT02988817,monoclonal_antibody,antibody-drug conjugate,master_DB_2019_Q4.json
NCT02979522,monoclonal_antibody,brentuximab vedotin,master_DB_2019_Q4.json
NCT02996825,small_molecule,mirvetuximab soravtansine,master_DB_2019_Q4.json
NCT02939014,monoclonal_antibody,brentuximab vedotin,master_DB_2019_Q4.json
NCT02927769,monoclonal_antibody,brentuximab vedotin,master_DB_2019_Q4.json
NCT02924883,monoclonal_antibody,trastuzumab emtansine,master_DB_2019_Q4.json
NCT02908451,small_molecule,antibody drug conjugate,master_DB_2019_Q4.json
NCT02758717,monoclonal_antibody,brentuximab vedotin,master_DB_2019_Q4.json
NCT02744612,monoclonal_antibody,brentuximab vedotin,master_DB_2019_Q4.json
NCT02734771,monoclonal_antibody,brentuximab vedotin,master_DB_2019_Q4.json
NCT02729896,monoclonal_antibody,polatuzumab vedotin,master_DB_2019_Q4.json
NCT02724163,monoclonal_antibody,ozogamicin,master_DB_2019_Q4.json
NCT02686346,monoclonal_antibody,brentuximab vedotin,master_DB_2019_Q4.json
NCT02684292,monoclonal_antibody,brentuximab vedotin,master_DB_2019_Q4.json
NCT02675829,monoclonal_antibody,ado-trastuzumab,master_DB_2019_Q4.json
NCT02658734,monoclonal_antibody,trastuzumab emtansine,master_DB_2019_Q4.json
NCT02657343,monoclonal_antibody,t-dm1,master_DB_2019_Q4.json
NCT02661503,biologic,brentuximab vedotin,master_DB_2019_Q4.json
NCT02631876,antibody_protein,mirvetuximab soravtansine,master_DB_2019_Q4.json
NCT02611323,monoclonal_antibody,polatuzumab vedotin,master_DB_2019_Q4.json
NCT02606305,monoclonal_antibody,mirvetuximab soravtansine,master_DB_2019_Q4.json
NCT02605915,monoclonal_antibody,trastuzumab emtansine,master_DB_2019_Q4.json
NCT02600897,monoclonal_antibody,polatuzumab vedotin,master_DB_2019_Q4.json
NCT02616965,monoclonal_antibody,brentuximab vedotin,master_DB_2019_Q4.json
NCT02588651,monoclonal_antibody,brentuximab vedotin,master_DB_2019_Q4.json
NCT02581631,monoclonal_antibody,brentuximab vedotin,master_DB_2019_Q4.json
NCT02574455,oligonucleotide,sacituzumab govitecan,master_DB_2019_Q4.json
NCT02572167,monoclonal_antibody,brentuximab vedotin,master_DB_2019_Q4.json
NCT02568839,monoclonal_antibody,trastuzumab emtansine,master_DB_2019_Q4.json
NCT02505269,monoclonal_antibody,brentuximab vedotin,master_DB_2019_Q4.json
NCT02499627,monoclonal_antibody,brentuximab vedotin,master_DB_2019_Q4.json
NCT02497131,monoclonal_antibody,brentuximab vedotin,master_DB_2019_Q4.json
NCT02473146,monoclonal_antibody,ozogamicin,master_DB_2019_Q4.json
NCT02467946,monoclonal_antibody,adcetris,master_DB_2019_Q4.json
NCT02462538,monoclonal_antibody,brentuximab vedotin,master_DB_2019_Q4.json
NCT02452554,monoclonal_antibody,mertansine,master_DB_2019_Q4.json
NCT02465060,monoclonal_antibody,trastuzumab emtansine,master_DB_2019_Q4.json
NCT02429375,monoclonal_antibody,brentuximab vedotin,master_DB_2019_Q4.json
NCT02448420,monoclonal_antibody,antibody-drug conjugate,master_DB_2019_Q4.json
NCT02398240,monoclonal_antibody,brentuximab vedotin,master_DB_2019_Q4.json
NCT02390427,monoclonal_antibody,trastuzumab emtansine,master_DB_2019_Q4.json
NCT02341625,monoclonal_antibody,antibody drug conjugate,master_DB_2019_Q4.json
NCT02314481,monoclonal_antibody,trastuzumab emtansine,master_DB_2019_Q4.json
NCT02311998,monoclonal_antibody,ozogamicin,master_DB_2019_Q4.json
NCT02309892,small_molecule,immunoconjugate,master_DB_2019_Q4.json
NCT02326974,monoclonal_antibody,t-dm1,master_DB_2019_Q4.json
NCT02298283,monoclonal_antibody,brentuximab vedotin,master_DB_2019_Q4.json
NCT02298257,monoclonal_antibody,brentuximab vedotin,master_DB_2019_Q4.json
NCT02292979,monoclonal_antibody,brentuximab vedotin,master_DB_2019_Q4.json
NCT02257567,monoclonal_antibody,polatuzumab vedotin,master_DB_2019_Q4.json
NCT02280993,monoclonal_antibody,brentuximab vedotin,master_DB_2019_Q4.json
NCT02227433,monoclonal_antibody,brentuximab vedotin,master_DB_2019_Q4.json
NCT02227199,monoclonal_antibody,brentuximab vedotin,master_DB_2019_Q4.json
NCT02226276,monoclonal_antibody,antibody drug conjugate,master_DB_2019_Q4.json
NCT02191930,monoclonal_antibody,brentuximab vedotin,master_DB_2019_Q4.json
NCT02236000,monoclonal_antibody,trastuzumab emtansine,master_DB_2019_Q4.json
NCT02166463,monoclonal_antibody,brentuximab vedotin,master_DB_2019_Q4.json
NCT02221310,monoclonal_antibody,ozogamicin,master_DB_2019_Q4.json
NCT02117297,monoclonal_antibody,ozogamicin,master_DB_2019_Q4.json
NCT02091999,monoclonal_antibody,enfortumab vedotin,master_DB_2019_Q4.json
NCT02086604,monoclonal_antibody,brentuximab vedotin,master_DB_2019_Q4.json
NCT02038010,monoclonal_antibody,ado-trastuzumab,master_DB_2019_Q4.json
NCT01994850,monoclonal_antibody,brentuximab vedotin,master_DB_2019_Q4.json
NCT01983501,monoclonal_antibody,ado-trastuzumab,master_DB_2019_Q4.json
NCT01976169,monoclonal_antibody,t-dm1,master_DB_2019_Q4.json
NCT01966471,monoclonal_antibody,trastuzumab emtansine,master_DB_2019_Q4.json
NCT01990534,monoclonal_antibody,brentuximab vedotin,master_DB_2019_Q4.json
NCT01920932,monoclonal_antibody,adcetris,master_DB_2019_Q4.json
NCT01925131,monoclonal_antibody,ozogamicin,master_DB_2019_Q4.json
NCT01904903,monoclonal_antibody,trastuzumab emtansine,master_DB_2019_Q4.json
NCT01896999,monoclonal_antibody,brentuximab vedotin,master_DB_2019_Q4.json
NCT01868451,monoclonal_antibody,brentuximab vedotin,master_DB_2019_Q4.json
NCT01909934,monoclonal_antibody,brentuximab vedotin,master_DB_2019_Q4.json
NCT01853748,monoclonal_antibody,trastuzumab emtansine,master_DB_2019_Q4.json
NCT01835236,monoclonal_antibody,t-dm1,master_DB_2019_Q4.json
NCT01830777,monoclonal_antibody,brentuximab vedotin,master_DB_2019_Q4.json
NCT01780662,monoclonal_antibody,brentuximab vedotin,master_DB_2019_Q4.json
NCT01777152,monoclonal_antibody,brentuximab vedotin,master_DB_2019_Q4.json
NCT01772472,monoclonal_antibody,trastuzumab emtansine,master_DB_2019_Q4.json
NCT01771107,monoclonal_antibody,brentuximab vedotin,master_DB_2019_Q4.json
NCT01745965,monoclonal_antibody,trastuzumab emtansine,master_DB_2019_Q4.json
NCT01716806,monoclonal_antibody,brentuximab vedotin,master_DB_2019_Q4.json
NCT01712490,monoclonal_antibody,brentuximab vedotin,master_DB_2019_Q4.json
NCT01703949,monoclonal_antibody,brentuximab vedotin,master_DB_2019_Q4.json
NCT01702571,monoclonal_antibody,trastuzumab emtansine,master_DB_2019_Q4.json
NCT01664910,monoclonal_antibody,immunoconjugate,master_DB_2019_Q4.json
NCT01657331,monoclonal_antibody,brentuximab vedotin,master_DB_2019_Q4.json
NCT01631552,small_molecule,antibody drug conjugate,master_DB_2019_Q4.json
NCT01597414,monoclonal_antibody,t-dm1,master_DB_2019_Q4.json
NCT01578967,monoclonal_antibody,brentuximab vedotin,master_DB_2019_Q4.json
NCT01565200,monoclonal_antibody,tdm1,master_DB_2019_Q4.json
NCT01679119,monoclonal_antibody,ozogamicin,master_DB_2019_Q4.json
NCT01508312,monoclonal_antibody,brentuximab vedotin,master_DB_2019_Q4.json
NCT01494662,monoclonal_antibody,ado-trastuzumab,master_DB_2019_Q4.json
NCT01476410,monoclonal_antibody,brentuximab vedotin,master_DB_2019_Q4.json
NCT01371630,monoclonal_antibody,ozogamicin,master_DB_2019_Q4.json
NCT01352520,monoclonal_antibody,brentuximab vedotin,master_DB_2019_Q4.json
NCT01409161,monoclonal_antibody,ozogamicin,master_DB_2019_Q4.json
NCT01020539,monoclonal_antibody,ozogamicin,master_DB_2019_Q4.json
NCT01100502,monoclonal_antibody,brentuximab vedotin,master_DB_2019_Q4.json
NCT01042379,monoclonal_antibody,t-dm1,master_DB_2019_Q4.json
NCT02099058,monoclonal_antibody,antibody drug conjugate,master_DB_2019_Q4.json
NCT02098512,monoclonal_antibody,brentuximab vedotin,master_DB_2019_Q4.json
NCT00893399,monoclonal_antibody,ozogamicin,master_DB_2019_Q4.json
NCT00801489,monoclonal_antibody,ozogamicin,master_DB_2019_Q4.json
NCT00781612,monoclonal_antibody,trastuzumab emtansine,master_DB_2019_Q4.json
NCT00658814,monoclonal_antibody,ozogamicin,master_DB_2019_Q4.json
NCT00049517,monoclonal_antibody,ozogamicin,master_DB_2019_Q4.json
NCT04686305,monoclonal_antibody,trastuzumab deruxtecan,master_DB_2020_Q4.json
NCT04685616,biologic,brentuximab vedotin,master_DB_2020_Q4.json
NCT04680442,monoclonal_antibody,trastuzumab emtansine,master_DB_2020_Q4.json
NCT04679012,monoclonal_antibody,polatuzumab vedotin,master_DB_2020_Q4.json
NCT04681131,small_molecule,antibody drug conjugate,master_DB_2020_Q4.json
NCT04676477,monoclonal_antibody,patritumab deruxtecan,master_DB_2020_Q4.json
NCT04675827,monoclonal_antibody,trastuzumab emtansine,master_DB_2020_Q4.json
NCT04662580,small_molecule,adc (weak),master_DB_2020_Q4.json
NCT04665765,monoclonal_antibody,polatuzumab vedotin,master_DB_2020_Q4.json
NCT04659044,monoclonal_antibody,polatuzumab vedotin,master_DB_2020_Q4.json
NCT04647916,small_molecule,sacituzumab govitecan,master_DB_2020_Q4.json
NCT04644237,monoclonal_antibody,trastuzumab deruxtecan,master_DB_2020_Q4.json
NCT04639986,oligonucleotide,sacituzumab govitecan,master_DB_2020_Q4.json
NCT04639219,monoclonal_antibody,trastuzumab deruxtecan,master_DB_2020_Q4.json
NCT04632992,monoclonal_antibody,trastuzumab emtansine,master_DB_2020_Q4.json
NCT04622774,monoclonal_antibody,antibody drug conjugate,master_DB_2020_Q4.json
NCT04622319,monoclonal_antibody,trastuzumab deruxtecan,master_DB_2020_Q4.json
NCT04619004,monoclonal_antibody,patritumab deruxtecan,master_DB_2020_Q4.json
NCT04617314,small_molecule,antibody-drug conjugate,master_DB_2020_Q4.json
NCT04617522,monoclonal_antibody,sacituzumab govitecan,master_DB_2020_Q4.json
NCT04620187,small_molecule,ado-trastuzumab,master_DB_2020_Q4.json
NCT04616560,monoclonal_antibody,trastuzumab deruxtecan,master_DB_2020_Q4.json
NCT04609566,monoclonal_antibody,brentuximab vedotin,master_DB_2020_Q4.json
NCT04610528,monoclonal_antibody,antibody-drug conjugate,master_DB_2020_Q4.json
NCT04606914,small_molecule,mirvetuximab soravtansine,master_DB_2020_Q4.json
NCT04607772,monoclonal_antibody,polatuzumab vedotin,master_DB_2020_Q4.json
NCT04602117,small_molecule,antibody-drug conjugate,master_DB_2020_Q4.json
NCT04595565,small_molecule,sacituzumab govitecan,master_DB_2020_Q4.json
NCT04594798,monoclonal_antibody,polatuzumab vedotin,master_DB_2020_Q4.json
NCT04589845,monoclonal_antibody,trastuzumab emtansine,master_DB_2020_Q4.json
NCT04591431,monoclonal_antibody,trastuzumab emtansine,master_DB_2020_Q4.json
NCT04587687,monoclonal_antibody,brentuximab vedotin,master_DB_2020_Q4.json
NCT04585958,monoclonal_antibody,trastuzumab deruxtecan,master_DB_2020_Q4.json
NCT04569032,small_molecule,brentuximab vedotin,master_DB_2020_Q4.json
NCT04561206,monoclonal_antibody,brentuximab vedotin,master_DB_2020_Q4.json
NCT04559230,monoclonal_antibody,sacituzumab govitecan,master_DB_2020_Q4.json
NCT04556773,monoclonal_antibody,trastuzumab deruxtecan,master_DB_2020_Q4.json
NCT04553770,small_molecule,trastuzumab deruxtecan,master_DB_2020_Q4.json
NCT04549363,monoclonal_antibody,immunoconjugate,master_DB_2020_Q4.json
NCT04539938,monoclonal_antibody,trastuzumab deruxtecan,master_DB_2020_Q4.json
NCT04538742,monoclonal_antibody,trastuzumab deruxtecan,master_DB_2020_Q4.json
NCT04535102,monoclonal_antibody,polatuzumab vedotin,master_DB_2020_Q4.json
NCT04527991,small_molecule,sacituzumab govitecan,master_DB_2020_Q4.json
NCT04509596,monoclonal_antibody,t-dm1,master_DB_2020_Q4.json
NCT04494425,monoclonal_antibody,trastuzumab deruxtecan,master_DB_2020_Q4.json
NCT04491370,monoclonal_antibody,polatuzumab vedotin,master_DB_2020_Q4.json
NCT04487756,monoclonal_antibody,adc (weak),master_DB_2020_Q4.json
NCT04482309,monoclonal_antibody,trastuzumab deruxtecan,master_DB_2020_Q4.json
NCT04479267,monoclonal_antibody,polatuzumab vedotin,master_DB_2020_Q4.json
NCT04469127,monoclonal_antibody,ado-trastuzumab,master_DB_2020_Q4.json
NCT04468061,monoclonal_antibody,sacituzumab govitecan,master_DB_2020_Q4.json
NCT04457596,monoclonal_antibody,t-dm1,master_DB_2020_Q4.json
NCT04454437,monoclonal_antibody,sacituzumab govitecan,master_DB_2020_Q4.json
NCT04450732,monoclonal_antibody,antibody-drug conjugate,master_DB_2020_Q4.json
NCT04448886,monoclonal_antibody,sacituzumab govitecan,master_DB_2020_Q4.json
NCT04441099,monoclonal_antibody,antibody drug conjugate,master_DB_2020_Q4.json
NCT04439110,monoclonal_antibody,ado-trastuzumab,master_DB_2020_Q4.json
NCT04419181,monoclonal_antibody,trastuzumab emtansine,master_DB_2020_Q4.json
NCT04420598,monoclonal_antibody,trastuzumab deruxtecan,master_DB_2020_Q4.json
NCT04410224,small_molecule,antibody-drug conjugate,master_DB_2020_Q4.json
NCT04404283,monoclonal_antibody,brentuximab vedotin,master_DB_2020_Q4.json
NCT04398914,small_molecule,t-dm1,master_DB_2020_Q4.json
NCT04384484,monoclonal_antibody,loncastuximab tesirine,master_DB_2020_Q4.json
NCT04379596,monoclonal_antibody,trastuzumab deruxtecan,master_DB_2020_Q4.json
NCT04385290,oligonucleotide,ozogamicin,master_DB_2020_Q4.json
NCT04378647,monoclonal_antibody,brentuximab vedotin,master_DB_2020_Q4.json
NCT04351230,monoclonal_antibody,t-dm1,master_DB_2020_Q4.json
NCT04341181,monoclonal_antibody,trastuzumab emtansine,master_DB_2020_Q4.json
NCT04334174,monoclonal_antibody,brentuximab vedotin,master_DB_2020_Q4.json
NCT04332822,monoclonal_antibody,vedotin,master_DB_2020_Q4.json
NCT04329429,monoclonal_antibody,antibody-drug conjugate,master_DB_2020_Q4.json
NCT04326439,monoclonal_antibody,ozogamicin,master_DB_2020_Q4.json
NCT04319198,monoclonal_antibody,sacituzumab govitecan,master_DB_2020_Q4.json
NCT04316442,small_molecule,antibody drug conjugate,master_DB_2020_Q4.json
NCT04300556,monoclonal_antibody,antibody-drug conjugate,master_DB_2020_Q4.json
NCT04298918,monoclonal_antibody,trastuzumab emtansine,master_DB_2020_Q4.json
NCT04301375,monoclonal_antibody,tdm1,master_DB_2020_Q4.json
NCT04307576,monoclonal_antibody,ozogamicin,master_DB_2020_Q4.json
NCT04296942,monoclonal_antibody,emtansine,master_DB_2020_Q4.json
NCT04296890,small_molecule,mirvetuximab soravtansine,master_DB_2020_Q4.json
NCT04294628,small_molecule,trastuzumab deruxtecan,master_DB_2020_Q4.json
NCT04293562,oligonucleotide,ozogamicin,master_DB_2020_Q4.json
NCT04280341,monoclonal_antibody,mmae,master_DB_2020_Q4.json
NCT04274426,small_molecule,mirvetuximab soravtansine,master_DB_2020_Q4.json
NCT04264936,small_molecule,mmae,master_DB_2020_Q4.json
NCT04266249,monoclonal_antibody,trastuzumab emtansine,master_DB_2020_Q4.json
NCT04251416,monoclonal_antibody,sacituzumab govitecan,master_DB_2020_Q4.json
NCT04240704,small_molecule,antibody-drug conjugate,master_DB_2020_Q4.json
NCT04235101,small_molecule,antibody-drug conjugate,master_DB_2020_Q4.json
NCT04236141,monoclonal_antibody,polatuzumab vedotin,master_DB_2020_Q4.json
NCT04231877,monoclonal_antibody,polatuzumab vedotin,master_DB_2020_Q4.json
NCT04230109,monoclonal_antibody,sacituzumab govitecan,master_DB_2020_Q4.json
NCT04225117,monoclonal_antibody,enfortumab vedotin,master_DB_2020_Q4.json
NCT04223856,monoclonal_antibody,enfortumab vedotin,master_DB_2020_Q4.json
NCT04209855,small_molecule,mirvetuximab soravtansine,master_DB_2020_Q4.json
NCT04205630,monoclonal_antibody,antibody-drug conjugate,master_DB_2020_Q4.json
NCT04207190,monoclonal_antibody,ozogamicin,master_DB_2020_Q4.json
NCT04202705,monoclonal_antibody,antibody-drug conjugate,master_DB_2020_Q4.json
NCT04197687,monoclonal_antibody,trastuzumab emtansine,master_DB_2020_Q4.json
NCT04189614,monoclonal_antibody,antibody drug conjugate,master_DB_2020_Q4.json
NCT04182204,monoclonal_antibody,polatuzumab vedotin,master_DB_2020_Q4.json
NCT04177823,monoclonal_antibody,antibody drug conjugate,master_DB_2020_Q4.json
NCT04173585,monoclonal_antibody,ozogamicin,master_DB_2020_Q4.json
NCT04168502,monoclonal_antibody,ozogamicin,master_DB_2020_Q4.json
NCT04158947,monoclonal_antibody,t-dm1,master_DB_2020_Q4.json
NCT04152499,small_molecule,antibody drug conjugate,master_DB_2020_Q4.json
NCT04146610,antibody_protein,antibody drug conjugate,master_DB_2020_Q4.json
NCT04132960,monoclonal_antibody,antibody drug conjugate,master_DB_2020_Q4.json
NCT04093505,monoclonal_antibody,ozogamicin,master_DB_2020_Q4.json
NCT04070768,monoclonal_antibody,ozogamicin,master_DB_2020_Q4.json
NCT04073602,monoclonal_antibody,mmae,master_DB_2020_Q4.json
NCT04064359,antibody_protein,antibody-drug conjugate,master_DB_2020_Q4.json
NCT04050280,monoclonal_antibody,ozogamicin,master_DB_2020_Q4.json
NCT04052997,monoclonal_antibody,tesirine,master_DB_2020_Q4.json
NCT04042701,monoclonal_antibody,trastuzumab deruxtecan,master_DB_2020_Q4.json
NCT04039230,small_molecule,antibody-drug conjugate,master_DB_2020_Q4.json
NCT04036461,monoclonal_antibody,antibody-drug conjugate,master_DB_2020_Q4.json
NCT04032704,monoclonal_antibody,vedotin,master_DB_2020_Q4.json
NCT04014075,monoclonal_antibody,trastuzumab deruxtecan,master_DB_2020_Q4.json
NCT03995706,monoclonal_antibody,sacituzumab govitecan,master_DB_2020_Q4.json
NCT03992131,small_molecule,sacituzumab govitecan,master_DB_2020_Q4.json
NCT03991884,monoclonal_antibody,ozogamicin,master_DB_2020_Q4.json
NCT03975647,monoclonal_antibody,ado-trastuzumab,master_DB_2020_Q4.json
NCT03962465,monoclonal_antibody,ozogamicin,master_DB_2020_Q4.json
NCT03959085,monoclonal_antibody,ozogamicin,master_DB_2020_Q4.json
NCT03947255,monoclonal_antibody,brentuximab vedotin,master_DB_2020_Q4.json
NCT03926143,small_molecule,ravtansine,master_DB_2020_Q4.json
NCT03924895,monoclonal_antibody,enfortumab vedotin,master_DB_2020_Q4.json
NCT03913741,monoclonal_antibody,tisotumab vedotin,master_DB_2020_Q4.json
NCT03913559,monoclonal_antibody,ozogamicin,master_DB_2020_Q4.json
NCT03907488,monoclonal_antibody,brentuximab vedotin,master_DB_2020_Q4.json
NCT03904251,monoclonal_antibody,ozogamicin,master_DB_2020_Q4.json
NCT03901339,oligonucleotide,sacituzumab govitecan,master_DB_2020_Q4.json
NCT03900949,oligonucleotide,ozogamicin,master_DB_2020_Q4.json
NCT03894007,monoclonal_antibody,trastuzumab emtansine,master_DB_2020_Q4.json
NCT03891173,small_molecule,immunoconjugate,master_DB_2020_Q4.json
NCT03869190,monoclonal_antibody,enfortumab vedotin,master_DB_2020_Q4.json
NCT03878927,monoclonal_antibody,ozogamicin,master_DB_2020_Q4.json
NCT03878524,monoclonal_antibody,trastuzumab emtansine,master_DB_2020_Q4.json
NCT03859752,monoclonal_antibody,antibody drug conjugate,master_DB_2020_Q4.json
NCT03856216,monoclonal_antibody,ozogamicin,master_DB_2020_Q4.json
NCT03851081,monoclonal_antibody,ozogamicin,master_DB_2020_Q4.json
NCT03848754,monoclonal_antibody,ozogamicin,master_DB_2020_Q4.json
NCT03839446,small_molecule,ozogamicin,master_DB_2020_Q4.json
NCT03832361,small_molecule,mirvetuximab soravtansine,master_DB_2020_Q4.json
NCT03835819,monoclonal_antibody,mirvetuximab soravtansine,master_DB_2020_Q4.json
NCT03828292,small_molecule,antibody drug conjugate,master_DB_2020_Q4.json
NCT03820063,small_molecule,t-dm1,master_DB_2020_Q4.json
NCT03816358,monoclonal_antibody,ravtansine,master_DB_2020_Q4.json
NCT03784599,monoclonal_antibody,emtansine,master_DB_2020_Q4.json
NCT03786081,monoclonal_antibody,tisotumab vedotin,master_DB_2020_Q4.json
NCT03755804,biologic,brentuximab vedotin,master_DB_2020_Q4.json
NCT03748186,monoclonal_antibody,antibody drug conjugate,master_DB_2020_Q4.json
NCT03742102,monoclonal_antibody,trastuzumab deruxtecan,master_DB_2020_Q4.json
NCT03739814,monoclonal_antibody,ozogamicin,master_DB_2020_Q4.json
NCT03737955,monoclonal_antibody,ozogamicin,master_DB_2020_Q4.json
NCT03734029,monoclonal_antibody,antibody drug conjugate,master_DB_2020_Q4.json
NCT03729596,monoclonal_antibody,antibody drug conjugate,master_DB_2020_Q4.json
NCT03727750,monoclonal_antibody,ozogamicin,master_DB_2020_Q4.json
NCT03726879,monoclonal_antibody,trastuzumab emtansine,master_DB_2020_Q4.json
NCT03719105,small_molecule,brentuximab vedotin,master_DB_2020_Q4.json
NCT03712202,monoclonal_antibody,brentuximab vedotin,master_DB_2020_Q4.json
NCT03709082,monoclonal_antibody,t-dm1,master_DB_2020_Q4.json
NCT03684694,monoclonal_antibody,loncastuximab tesirine,master_DB_2020_Q4.json
NCT03682796,monoclonal_antibody,antibody-drug conjugate,master_DB_2020_Q4.json
NCT03677596,monoclonal_antibody,ozogamicin,master_DB_2020_Q4.json
NCT03677141,small_molecule,polatuzumab vedotin,master_DB_2020_Q4.json
NCT03671018,monoclonal_antibody,polatuzumab vedotin,master_DB_2020_Q4.json
NCT03672539,monoclonal_antibody,ozogamicin,master_DB_2020_Q4.json
NCT03657043,monoclonal_antibody,tisotumab vedotin,master_DB_2020_Q4.json
NCT03652441,monoclonal_antibody,brentuximab vedotin,master_DB_2020_Q4.json
NCT03650491,small_molecule,antibody-drug conjugate,master_DB_2020_Q4.json
NCT03646123,monoclonal_antibody,brentuximab vedotin,master_DB_2020_Q4.json
NCT03621982,monoclonal_antibody,tesirine,master_DB_2020_Q4.json
NCT03610438,monoclonal_antibody,ozogamicin,master_DB_2020_Q4.json
NCT03606174,monoclonal_antibody,enfortumab vedotin,master_DB_2020_Q4.json
NCT03602079,small_molecule,antibody drug conjugate,master_DB_2020_Q4.json
NCT03589729,monoclonal_antibody,ozogamicin,master_DB_2020_Q4.json
NCT03587844,monoclonal_antibody,brentuximab vedotin,master_DB_2020_Q4.json
NCT03587740,monoclonal_antibody,ado-trastuzumab,master_DB_2020_Q4.json
NCT03587311,monoclonal_antibody,ravtansine,master_DB_2020_Q4.json
NCT03589469,monoclonal_antibody,loncastuximab tesirine,master_DB_2020_Q4.json
NCT03575819,small_molecule,antibody-drug conjugate,master_DB_2020_Q4.json
NCT03576378,small_molecule,vedotin,master_DB_2020_Q4.json
NCT03564678,small_molecule,ozogamicin,master_DB_2020_Q4.json
NCT03556345,monoclonal_antibody,mmae,master_DB_2020_Q4.json
NCT03568994,monoclonal_antibody,ozogamicin,master_DB_2020_Q4.json
NCT03547973,monoclonal_antibody,sacituzumab govitecan,master_DB_2020_Q4.json
NCT03552471,small_molecule,mirvetuximab soravtansine,master_DB_2020_Q4.json
NCT03544281,small_molecule,antibody-drug conjugate,master_DB_2020_Q4.json
NCT03540849,monoclonal_antibody,brentuximab vedotin,master_DB_2020_Q4.json
NCT03533283,monoclonal_antibody,polatuzumab vedotin,master_DB_2020_Q4.json
NCT03531918,oligonucleotide,ozogamicin,master_DB_2020_Q4.json
NCT03530696,small_molecule,t-dm1,master_DB_2020_Q4.json
NCT03529110,monoclonal_antibody,trastuzumab deruxtecan,master_DB_2020_Q4.json
NCT03527628,biologic,vedotin,master_DB_2020_Q4.json
NCT03539536,monoclonal_antibody,telisotuzumab vedotin,master_DB_2020_Q4.json
NCT03523585,monoclonal_antibody,trastuzumab deruxtecan,master_DB_2020_Q4.json
NCT03523572,monoclonal_antibody,trastuzumab deruxtecan,master_DB_2020_Q4.json
NCT03517137,small_molecule,brentuximab vedotin,master_DB_2020_Q4.json
NCT03525678,monoclonal_antibody,antibody drug conjugate,master_DB_2020_Q4.json
NCT03505710,monoclonal_antibody,trastuzumab deruxtecan,master_DB_2020_Q4.json
NCT03504488,biologic,antibody drug conjugate,master_DB_2020_Q4.json
NCT03500380,oligonucleotide,mmae,master_DB_2020_Q4.json
NCT03496779,monoclonal_antibody,brentuximab vedotin,master_DB_2020_Q4.json
NCT03489525,antibody_protein,antibody drug conjugate,master_DB_2020_Q4.json
NCT03485209,monoclonal_antibody,tisotumab vedotin,master_DB_2020_Q4.json
NCT03474133,monoclonal_antibody,brentuximab vedotin,master_DB_2020_Q4.json
NCT03474107,small_molecule,enfortumab vedotin,master_DB_2020_Q4.json
NCT03460522,monoclonal_antibody,ozogamicin,master_DB_2020_Q4.json
NCT03438396,monoclonal_antibody,tisotumab vedotin,master_DB_2020_Q4.json
NCT03441061,monoclonal_antibody,ozogamicin,master_DB_2020_Q4.json
NCT03441048,monoclonal_antibody,immunoconjugate,master_DB_2020_Q4.json
NCT03425279,monoclonal_antibody,antibody drug conjugate,master_DB_2020_Q4.json
NCT03424603,monoclonal_antibody,antibody drug conjugate,master_DB_2020_Q4.json
NCT03424005,monoclonal_antibody,sacituzumab govitecan,master_DB_2020_Q4.json
NCT03409432,monoclonal_antibody,brentuximab vedotin,master_DB_2020_Q4.json
NCT03390296,monoclonal_antibody,ozogamicin,master_DB_2020_Q4.json
NCT03374332,monoclonal_antibody,ozogamicin,master_DB_2020_Q4.json
NCT03368196,small_molecule,antibody drug conjugate,master_DB_2020_Q4.json
NCT03364348,monoclonal_antibody,trastuzumab emtansine,master_DB_2020_Q4.json
NCT03356054,monoclonal_antibody,brentuximab vedotin,master_DB_2020_Q4.json
NCT03337698,monoclonal_antibody,sacituzumab govitecan,master_DB_2020_Q4.json
NCT03334617,monoclonal_antibody,trastuzumab deruxtecan,master_DB_2020_Q4.json
NCT03316638,monoclonal_antibody,antibody-drug conjugate,master_DB_2020_Q4.json
NCT03302728,small_molecule,brentuximab vedotin,master_DB_2020_Q4.json
NCT03288545,monoclonal_antibody,enfortumab vedotin,master_DB_2020_Q4.json
NCT03281824,monoclonal_antibody,mmae,master_DB_2020_Q4.json
NCT03264131,monoclonal_antibody,brentuximab vedotin,master_DB_2020_Q4.json
NCT03262935,oligonucleotide,antibody-drug conjugate,master_DB_2020_Q4.json
NCT03274492,monoclonal_antibody,polatuzumab vedotin,master_DB_2020_Q4.json
NCT03255070,small_molecule,antibody drug conjugate,master_DB_2020_Q4.json
NCT03249870,monoclonal_antibody,ozogamicin,master_DB_2020_Q4.json
NCT03248492,monoclonal_antibody,antibody drug conjugate,master_DB_2020_Q4.json
NCT03246750,monoclonal_antibody,brentuximab vedotin,master_DB_2020_Q4.json
NCT03233347,monoclonal_antibody,brentuximab vedotin,master_DB_2020_Q4.json
NCT03222492,monoclonal_antibody,brentuximab vedotin,master_DB_2020_Q4.json
NCT03219333,monoclonal_antibody,enfortumab vedotin,master_DB_2020_Q4.json
NCT03217643,monoclonal_antibody,brentuximab vedotin,master_DB_2020_Q4.json
NCT03198689,monoclonal_antibody,adcetris,master_DB_2020_Q4.json
NCT03187210,monoclonal_antibody,brentuximab vedotin,master_DB_2020_Q4.json
NCT03190967,small_molecule,t-dm1,master_DB_2020_Q4.json
NCT03150693,monoclonal_antibody,ozogamicin,master_DB_2020_Q4.json
NCT03138499,monoclonal_antibody,brentuximab vedotin,master_DB_2020_Q4.json
NCT03126630,monoclonal_antibody,ravtansine,master_DB_2020_Q4.json
NCT03113500,monoclonal_antibody,brentuximab vedotin,master_DB_2020_Q4.json
NCT03102320,small_molecule,ravtansine,master_DB_2020_Q4.json
NCT03084939,monoclonal_antibody,trastuzumab emtansine,master_DB_2020_Q4.json
NCT03057795,monoclonal_antibody,brentuximab vedotin,master_DB_2020_Q4.json
NCT03032107,monoclonal_antibody,t-dm1,master_DB_2020_Q4.json
NCT03013933,monoclonal_antibody,brentuximab vedotin,master_DB_2020_Q4.json
NCT03000257,monoclonal_antibody,tesirine,master_DB_2020_Q4.json
NCT02996825,small_molecule,soravtansine,master_DB_2020_Q4.json
NCT03007030,monoclonal_antibody,adcetris,master_DB_2020_Q4.json
NCT02998047,monoclonal_antibody,immunoconjugate,master_DB_2020_Q4.json
NCT02981628,monoclonal_antibody,ozogamicin,master_DB_2020_Q4.json
NCT02979522,small_molecule,brentuximab vedotin,master_DB_2020_Q4.json
NCT02988817,monoclonal_antibody,antibody-drug conjugate,master_DB_2020_Q4.json
NCT02927769,monoclonal_antibody,brentuximab vedotin,master_DB_2020_Q4.json
NCT02908451,biologic,antibody drug conjugate,master_DB_2020_Q4.json
NCT02758717,monoclonal_antibody,brentuximab vedotin,master_DB_2020_Q4.json
NCT02734771,monoclonal_antibody,brentuximab vedotin,master_DB_2020_Q4.json
NCT02724163,monoclonal_antibody,ozogamicin,master_DB_2020_Q4.json
NCT02686346,small_molecule,brentuximab vedotin,master_DB_2020_Q4.json
NCT02684292,monoclonal_antibody,brentuximab vedotin,master_DB_2020_Q4.json
NCT02675829,monoclonal_antibody,ado-trastuzumab,master_DB_2020_Q4.json
NCT02657343,monoclonal_antibody,t-dm1,master_DB_2020_Q4.json
NCT02661503,small_molecule,brentuximab vedotin,master_DB_2020_Q4.json
NCT02616965,monoclonal_antibody,brentuximab vedotin,master_DB_2020_Q4.json
NCT02611323,monoclonal_antibody,polatuzumab vedotin,master_DB_2020_Q4.json
NCT02600897,monoclonal_antibody,polatuzumab vedotin,master_DB_2020_Q4.json
NCT02606305,monoclonal_antibody,mirvetuximab soravtansine,master_DB_2020_Q4.json
NCT02588651,monoclonal_antibody,brentuximab vedotin,master_DB_2020_Q4.json
NCT02581631,monoclonal_antibody,brentuximab vedotin,master_DB_2020_Q4.json
NCT02572167,monoclonal_antibody,brentuximab vedotin,master_DB_2020_Q4.json
NCT02568839,monoclonal_antibody,trastuzumab emtansine,master_DB_2020_Q4.json
NCT02497131,monoclonal_antibody,brentuximab vedotin,master_DB_2020_Q4.json
NCT02467946,small_molecule,adcetris,master_DB_2020_Q4.json
NCT02462538,small_molecule,brentuximab vedotin,master_DB_2020_Q4.json
NCT02452554,monoclonal_antibody,mertansine,master_DB_2020_Q4.json
NCT02465060,monoclonal_antibody,trastuzumab emtansine,master_DB_2020_Q4.json
NCT02429375,small_molecule,brentuximab vedotin,master_DB_2020_Q4.json
NCT02448420,monoclonal_antibody,antibody-drug conjugate,master_DB_2020_Q4.json
NCT02398240,monoclonal_antibody,brentuximab vedotin,master_DB_2020_Q4.json
NCT02390427,monoclonal_antibody,trastuzumab emtansine,master_DB_2020_Q4.json
NCT02341625,monoclonal_antibody,antibody drug conjugate,master_DB_2020_Q4.json
NCT02326974,monoclonal_antibody,t-dm1,master_DB_2020_Q4.json
NCT02314481,monoclonal_antibody,trastuzumab emtansine,master_DB_2020_Q4.json
NCT02311998,monoclonal_antibody,ozogamicin,master_DB_2020_Q4.json
NCT02298283,biologic,brentuximab vedotin,master_DB_2020_Q4.json
NCT02298257,monoclonal_antibody,brentuximab vedotin,master_DB_2020_Q4.json
NCT02292979,biologic,brentuximab vedotin,master_DB_2020_Q4.json
NCT02257567,monoclonal_antibody,polatuzumab vedotin,master_DB_2020_Q4.json
NCT02227199,monoclonal_antibody,brentuximab vedotin,master_DB_2020_Q4.json
NCT02226276,monoclonal_antibody,antibody drug conjugate,master_DB_2020_Q4.json
NCT02221310,monoclonal_antibody,ozogamicin,master_DB_2020_Q4.json
NCT02236000,monoclonal_antibody,trastuzumab emtansine,master_DB_2020_Q4.json
NCT02166463,monoclonal_antibody,brentuximab vedotin,master_DB_2020_Q4.json
NCT02117297,monoclonal_antibody,ozogamicin,master_DB_2020_Q4.json
NCT02099058,monoclonal_antibody,antibody drug conjugate,master_DB_2020_Q4.json
NCT02098512,monoclonal_antibody,brentuximab vedotin,master_DB_2020_Q4.json
NCT02091999,monoclonal_antibody,enfortumab vedotin,master_DB_2020_Q4.json
NCT02086604,small_molecule,brentuximab vedotin,master_DB_2020_Q4.json
NCT01994850,monoclonal_antibody,brentuximab vedotin,master_DB_2020_Q4.json
NCT01976169,small_molecule,t-dm1,master_DB_2020_Q4.json
NCT01966471,monoclonal_antibody,trastuzumab emtansine,master_DB_2020_Q4.json
NCT01920932,small_molecule,adcetris,master_DB_2020_Q4.json
NCT01909934,monoclonal_antibody,brentuximab vedotin,master_DB_2020_Q4.json
NCT01925131,monoclonal_antibody,ozogamicin,master_DB_2020_Q4.json
NCT01896999,monoclonal_antibody,brentuximab vedotin,master_DB_2020_Q4.json
NCT01868451,small_molecule,brentuximab vedotin,master_DB_2020_Q4.json
NCT01853748,monoclonal_antibody,trastuzumab emtansine,master_DB_2020_Q4.json
NCT01805037,monoclonal_antibody,brentuximab vedotin,master_DB_2020_Q4.json
NCT01780662,monoclonal_antibody,brentuximab vedotin,master_DB_2020_Q4.json
NCT01772472,monoclonal_antibody,trastuzumab emtansine,master_DB_2020_Q4.json
NCT01771107,monoclonal_antibody,brentuximab vedotin,master_DB_2020_Q4.json
NCT01777152,small_molecule,brentuximab vedotin,master_DB_2020_Q4.json
NCT01745965,monoclonal_antibody,trastuzumab emtansine,master_DB_2020_Q4.json
NCT01716806,monoclonal_antibody,brentuximab vedotin,master_DB_2020_Q4.json
NCT01712490,biologic,brentuximab vedotin,master_DB_2020_Q4.json
NCT01703949,monoclonal_antibody,brentuximab vedotin,master_DB_2020_Q4.json
NCT01679119,monoclonal_antibody,ozogamicin,master_DB_2020_Q4.json
NCT01664910,monoclonal_antibody,immunoconjugate,master_DB_2020_Q4.json
NCT01597414,monoclonal_antibody,t-dm1,master_DB_2020_Q4.json
NCT01578967,monoclonal_antibody,brentuximab vedotin,master_DB_2020_Q4.json
NCT01835236,monoclonal_antibody,t-dm1,master_DB_2020_Q4.json
NCT01508312,monoclonal_antibody,brentuximab vedotin,master_DB_2020_Q4.json
NCT01494662,monoclonal_antibody,ado-trastuzumab,master_DB_2020_Q4.json
NCT01476410,monoclonal_antibody,brentuximab vedotin,master_DB_2020_Q4.json
NCT01371630,monoclonal_antibody,ozogamicin,master_DB_2020_Q4.json
NCT01352520,monoclonal_antibody,brentuximab vedotin,master_DB_2020_Q4.json
NCT01409161,small_molecule,ozogamicin,master_DB_2020_Q4.json
NCT01042379,monoclonal_antibody,t-dm1,master_DB_2020_Q4.json
NCT01020539,monoclonal_antibody,ozogamicin,master_DB_2020_Q4.json
NCT00893399,monoclonal_antibody,ozogamicin,master_DB_2020_Q4.json
NCT00801489,monoclonal_antibody,ozogamicin,master_DB_2020_Q4.json
NCT00781612,monoclonal_antibody,trastuzumab emtansine,master_DB_2020_Q4.json
NCT00658814,oligonucleotide,ozogamicin,master_DB_2020_Q4.json
NCT00658814,monoclonal_antibody,ozogamicin,master_DB_2021_Q4.json
NCT01712490,monoclonal_antibody,brentuximab vedotin,master_DB_2021_Q4.json
NCT01772472,monoclonal_antibody,trastuzumab emtansine,master_DB_2021_Q4.json
NCT01920932,monoclonal_antibody,adcetris,master_DB_2021_Q4.json
NCT02326974,monoclonal_antibody,t-dm1,master_DB_2021_Q4.json
NCT03856216,monoclonal_antibody,ozogamicin,master_DB_2021_Q4.json
NCT02487979,monoclonal_antibody,antibody-drug conjugate,master_DB_2021_Q4.json
NCT02452554,monoclonal_antibody,mertansine,master_DB_2021_Q4.json
NCT02758717,monoclonal_antibody,brentuximab vedotin,master_DB_2021_Q4.json
NCT03438396,monoclonal_antibody,tisotumab vedotin,master_DB_2021_Q4.json
NCT03248492,monoclonal_antibody,antibody drug conjugate,master_DB_2021_Q4.json
NCT03525678,monoclonal_antibody,antibody drug conjugate,master_DB_2021_Q4.json
NCT03589469,monoclonal_antibody,loncastuximab tesirine,master_DB_2021_Q4.json
NCT03839446,monoclonal_antibody,ozogamicin,master_DB_2021_Q4.json
NCT03832361,small_molecule,mirvetuximab soravtansine,master_DB_2021_Q4.json
NCT03828292,small_molecule,antibody drug conjugate,master_DB_2021_Q4.json
NCT03820063,small_molecule,t-dm1,master_DB_2021_Q4.json
NCT03786081,monoclonal_antibody,tisotumab vedotin,master_DB_2021_Q4.json
NCT03784599,monoclonal_antibody,emtansine,master_DB_2021_Q4.json
NCT03755804,monoclonal_antibody,brentuximab vedotin,master_DB_2021_Q4.json
NCT03734029,monoclonal_antibody,antibody drug conjugate,master_DB_2021_Q4.json
NCT03725761,monoclonal_antibody,sacituzumab govitecan,master_DB_2021_Q4.json
NCT03719105,monoclonal_antibody,brentuximab vedotin,master_DB_2021_Q4.json
NCT03709082,monoclonal_antibody,t-dm1,master_DB_2021_Q4.json
NCT04974996,monoclonal_antibody,loncastuximab tesirine,master_DB_2021_Q4.json
NCT04610528,monoclonal_antibody,antibody-drug conjugate,master_DB_2021_Q4.json
NCT04644068,small_molecule,dxd,master_DB_2021_Q4.json
NCT04379596,monoclonal_antibody,trastuzumab deruxtecan,master_DB_2021_Q4.json
NCT04274426,small_molecule,mirvetuximab soravtansine,master_DB_2021_Q4.json
NCT04168502,monoclonal_antibody,ozogamicin,master_DB_2021_Q4.json
NCT04225117,monoclonal_antibody,enfortumab vedotin,master_DB_2021_Q4.json
NCT03907488,monoclonal_antibody,brentuximab vedotin,master_DB_2021_Q4.json
NCT03926143,small_molecule,ravtansine,master_DB_2021_Q4.json
NCT03610438,monoclonal_antibody,ozogamicin,master_DB_2021_Q4.json
NCT02227199,monoclonal_antibody,brentuximab vedotin,master_DB_2021_Q4.json
NCT03682796,monoclonal_antibody,antibody-drug conjugate,master_DB_2021_Q4.json
NCT03672539,monoclonal_antibody,ozogamicin,master_DB_2021_Q4.json
NCT03650491,small_molecule,antibody-drug conjugate,master_DB_2021_Q4.json
NCT03652441,monoclonal_antibody,brentuximab vedotin,master_DB_2021_Q4.json
NCT03606174,monoclonal_antibody,enfortumab vedotin,master_DB_2021_Q4.json
NCT03602079,small_molecule,antibody drug conjugate,master_DB_2021_Q4.json
NCT03589729,monoclonal_antibody,ozogamicin,master_DB_2021_Q4.json
NCT03564678,small_molecule,ozogamicin,master_DB_2021_Q4.json
NCT03575819,small_molecule,antibody-drug conjugate,master_DB_2021_Q4.json
NCT03576378,small_molecule,vedotin,master_DB_2021_Q4.json
NCT03556345,monoclonal_antibody,mmae,master_DB_2021_Q4.json
NCT03552471,small_molecule,mirvetuximab soravtansine,master_DB_2021_Q4.json
NCT03544281,small_molecule,antibody-drug conjugate,master_DB_2021_Q4.json
NCT03540849,monoclonal_antibody,brentuximab vedotin,master_DB_2021_Q4.json
NCT03527628,monoclonal_antibody,vedotin,master_DB_2021_Q4.json
NCT03531918,oligonucleotide,ozogamicin,master_DB_2021_Q4.json
NCT03529110,monoclonal_antibody,trastuzumab deruxtecan,master_DB_2021_Q4.json
NCT03523585,monoclonal_antibody,trastuzumab deruxtecan,master_DB_2021_Q4.json
NCT03523572,monoclonal_antibody,trastuzumab deruxtecan,master_DB_2021_Q4.json
NCT03517137,monoclonal_antibody,brentuximab vedotin,master_DB_2021_Q4.json
NCT03505710,monoclonal_antibody,trastuzumab deruxtecan,master_DB_2021_Q4.json
NCT03500380,oligonucleotide,mmae,master_DB_2021_Q4.json
NCT03496779,monoclonal_antibody,brentuximab vedotin,master_DB_2021_Q4.json
NCT03504488,small_molecule,antibody drug conjugate,master_DB_2021_Q4.json
NCT03460522,monoclonal_antibody,ozogamicin,master_DB_2021_Q4.json
NCT03474133,monoclonal_antibody,brentuximab vedotin,master_DB_2021_Q4.json
NCT03441061,monoclonal_antibody,ozogamicin,master_DB_2021_Q4.json
NCT03441048,oligonucleotide,immunoconjugate,master_DB_2021_Q4.json
NCT03425279,small_molecule,antibody drug conjugate,master_DB_2021_Q4.json
NCT03424603,monoclonal_antibody,antibody drug conjugate,master_DB_2021_Q4.json
NCT03409432,monoclonal_antibody,brentuximab vedotin,master_DB_2021_Q4.json
NCT03390296,monoclonal_antibody,ozogamicin,master_DB_2021_Q4.json
NCT03374332,monoclonal_antibody,ozogamicin,master_DB_2021_Q4.json
NCT03364348,monoclonal_antibody,trastuzumab emtansine,master_DB_2021_Q4.json
NCT03356054,monoclonal_antibody,brentuximab vedotin,master_DB_2021_Q4.json
NCT03316638,monoclonal_antibody,antibody-drug conjugate,master_DB_2021_Q4.json
NCT03302728,monoclonal_antibody,brentuximab vedotin,master_DB_2021_Q4.json
NCT03281824,monoclonal_antibody,mmae,master_DB_2021_Q4.json
NCT03859752,monoclonal_antibody,antibody drug conjugate,master_DB_2021_Q4.json
NCT03264131,monoclonal_antibody,brentuximab vedotin,master_DB_2021_Q4.json
NCT03255070,small_molecule,antibody drug conjugate,master_DB_2021_Q4.json
NCT03246750,monoclonal_antibody,brentuximab vedotin,master_DB_2021_Q4.json
NCT03249870,monoclonal_antibody,ozogamicin,master_DB_2021_Q4.json
NCT03233347,monoclonal_antibody,brentuximab vedotin,master_DB_2021_Q4.json
NCT03222492,monoclonal_antibody,brentuximab vedotin,master_DB_2021_Q4.json
NCT03217643,monoclonal_antibody,brentuximab vedotin,master_DB_2021_Q4.json
NCT03187210,monoclonal_antibody,brentuximab vedotin,master_DB_2021_Q4.json
NCT03198689,monoclonal_antibody,adcetris,master_DB_2021_Q4.json
NCT03113500,monoclonal_antibody,brentuximab vedotin,master_DB_2021_Q4.json
NCT03104491,monoclonal_antibody,ozogamicin,master_DB_2021_Q4.json
NCT03032107,monoclonal_antibody,t-dm1,master_DB_2021_Q4.json
NCT03013933,monoclonal_antibody,brentuximab vedotin,master_DB_2021_Q4.json
NCT03007030,monoclonal_antibody,adcetris,master_DB_2021_Q4.json
NCT03000257,small_molecule,tesirine,master_DB_2021_Q4.json
NCT02996825,small_molecule,soravtansine,master_DB_2021_Q4.json
NCT02998047,monoclonal_antibody,immunoconjugate,master_DB_2021_Q4.json
NCT02927769,monoclonal_antibody,brentuximab vedotin,master_DB_2021_Q4.json
NCT02877303,monoclonal_antibody,ozogamicin,master_DB_2021_Q4.json
NCT02734771,monoclonal_antibody,brentuximab vedotin,master_DB_2021_Q4.json
NCT02724163,monoclonal_antibody,ozogamicin,master_DB_2021_Q4.json
NCT02744612,monoclonal_antibody,brentuximab vedotin,master_DB_2021_Q4.json
NCT02684292,monoclonal_antibody,brentuximab vedotin,master_DB_2021_Q4.json
NCT02661503,monoclonal_antibody,brentuximab vedotin,master_DB_2021_Q4.json
NCT02675829,monoclonal_antibody,ado-trastuzumab,master_DB_2021_Q4.json
NCT02657343,monoclonal_antibody,t-dm1,master_DB_2021_Q4.json
NCT02611323,monoclonal_antibody,polatuzumab vedotin,master_DB_2021_Q4.json
NCT02588651,monoclonal_antibody,brentuximab vedotin,master_DB_2021_Q4.json
NCT02616965,monoclonal_antibody,brentuximab vedotin,master_DB_2021_Q4.json
NCT02581631,monoclonal_antibody,brentuximab vedotin,master_DB_2021_Q4.json
NCT02568839,monoclonal_antibody,trastuzumab emtansine,master_DB_2021_Q4.json
NCT02467946,monoclonal_antibody,adcetris,master_DB_2021_Q4.json
NCT02462538,monoclonal_antibody,brentuximab vedotin,master_DB_2021_Q4.json
NCT02448420,monoclonal_antibody,antibody-drug conjugate,master_DB_2021_Q4.json
NCT00801489,monoclonal_antibody,ozogamicin,master_DB_2021_Q4.json
NCT02429375,monoclonal_antibody,brentuximab vedotin,master_DB_2021_Q4.json
NCT01925131,monoclonal_antibody,ozogamicin,master_DB_2021_Q4.json
NCT01976169,monoclonal_antibody,t-dm1,master_DB_2021_Q4.json
NCT02086604,monoclonal_antibody,brentuximab vedotin,master_DB_2021_Q4.json
NCT02191930,monoclonal_antibody,brentuximab vedotin,master_DB_2021_Q4.json
NCT02236000,monoclonal_antibody,trastuzumab emtansine,master_DB_2021_Q4.json
NCT02226276,monoclonal_antibody,antibody drug conjugate,master_DB_2021_Q4.json
NCT01042379,monoclonal_antibody,t-dm1,master_DB_2021_Q4.json
NCT02292979,monoclonal_antibody,brentuximab vedotin,master_DB_2021_Q4.json
NCT02311998,monoclonal_antibody,ozogamicin,master_DB_2021_Q4.json
NCT02314481,monoclonal_antibody,trastuzumab emtansine,master_DB_2021_Q4.json
NCT05143229,monoclonal_antibody,sacituzumab govitecan,master_DB_2021_Q4.json
NCT04251416,monoclonal_antibody,sacituzumab govitecan,master_DB_2021_Q4.json
NCT04826341,monoclonal_antibody,sacituzumab govitecan,master_DB_2021_Q4.json
NCT05144009,monoclonal_antibody,loncastuximab tesirine,master_DB_2021_Q4.json
NCT04622774,monoclonal_antibody,antibody drug conjugate,master_DB_2021_Q4.json
NCT03474107,small_molecule,enfortumab vedotin,master_DB_2021_Q4.json
NCT03126630,monoclonal_antibody,ravtansine,master_DB_2021_Q4.json
NCT04154956,small_molecule,tusamitamab ravtansine,master_DB_2021_Q4.json
NCT04240704,small_molecule,antibody-drug conjugate,master_DB_2021_Q4.json
NCT05006794,small_molecule,sacituzumab govitecan,master_DB_2021_Q4.json
NCT05113251,monoclonal_antibody,trastuzumab deruxtecan,master_DB_2021_Q4.json
NCT04569032,monoclonal_antibody,brentuximab vedotin,master_DB_2021_Q4.json
NCT04526691,monoclonal_antibody,datopotamab deruxtecan,master_DB_2021_Q4.json
NCT03646123,monoclonal_antibody,brentuximab vedotin,master_DB_2021_Q4.json
NCT02298257,monoclonal_antibody,brentuximab vedotin,master_DB_2021_Q4.json
NCT05149768,monoclonal_antibody,brentuximab vedotin,master_DB_2021_Q4.json
NCT05041257,small_molecule,mirvetuximab soravtansine,master_DB_2021_Q4.json
NCT03742102,monoclonal_antibody,trastuzumab deruxtecan,master_DB_2021_Q4.json
NCT04790903,monoclonal_antibody,polatuzumab vedotin,master_DB_2021_Q4.json
NCT03424005,monoclonal_antibody,sacituzumab govitecan,master_DB_2021_Q4.json
NCT04659044,monoclonal_antibody,polatuzumab vedotin,master_DB_2021_Q4.json
NCT04482309,monoclonal_antibody,trastuzumab deruxtecan,master_DB_2021_Q4.json
NCT04740918,monoclonal_antibody,trastuzumab emtansine,master_DB_2021_Q4.json
NCT01494662,monoclonal_antibody,ado-trastuzumab,master_DB_2021_Q4.json
NCT03533283,monoclonal_antibody,polatuzumab vedotin,master_DB_2021_Q4.json
NCT00781612,monoclonal_antibody,trastuzumab emtansine,master_DB_2021_Q4.json
NCT05101096,monoclonal_antibody,sacituzumab govitecan,master_DB_2021_Q4.json
NCT04914741,monoclonal_antibody,polatuzumab vedotin,master_DB_2021_Q4.json
NCT05156866,small_molecule,antibody drug conjugate,master_DB_2021_Q4.json
NCT04404283,monoclonal_antibody,brentuximab vedotin,master_DB_2021_Q4.json
NCT04189614,monoclonal_antibody,antibody drug conjugate,master_DB_2021_Q4.json
NCT04699461,monoclonal_antibody,loncastuximab tesirine,master_DB_2021_Q4.json
NCT04032704,monoclonal_antibody,vedotin,master_DB_2021_Q4.json
NCT04334174,monoclonal_antibody,brentuximab vedotin,master_DB_2021_Q4.json
NCT03947255,monoclonal_antibody,brentuximab vedotin,master_DB_2021_Q4.json
NCT03485209,monoclonal_antibody,tisotumab vedotin,master_DB_2021_Q4.json
NCT04457596,monoclonal_antibody,t-dm1,master_DB_2021_Q4.json
NCT01969643,monoclonal_antibody,vedotin,master_DB_2021_Q4.json
NCT03310957,monoclonal_antibody,vedotin,master_DB_2021_Q4.json
NCT05039073,monoclonal_antibody,brentuximab vedotin,master_DB_2021_Q4.json
NCT04439110,monoclonal_antibody,ado-trastuzumab,master_DB_2021_Q4.json
NCT03869190,monoclonal_antibody,enfortumab vedotin,master_DB_2021_Q4.json
NCT02099058,monoclonal_antibody,antibody drug conjugate,master_DB_2021_Q4.json
NCT03150693,monoclonal_antibody,ozogamicin,master_DB_2021_Q4.json
NCT05103683,small_molecule,antibody drug conjugate,master_DB_2021_Q4.json
NCT04784715,monoclonal_antibody,trastuzumab deruxtecan,master_DB_2021_Q4.json
NCT02166463,monoclonal_antibody,brentuximab vedotin,master_DB_2021_Q4.json
NCT03084939,monoclonal_antibody,trastuzumab emtansine,master_DB_2021_Q4.json
NCT03677154,monoclonal_antibody,polatuzumab vedotin,master_DB_2021_Q4.json
NCT05144841,monoclonal_antibody,vedotin,master_DB_2021_Q4.json
NCT04686305,monoclonal_antibody,trastuzumab deruxtecan,master_DB_2021_Q4.json
NCT04995419,monoclonal_antibody,enfortumab vedotin,master_DB_2021_Q4.json
NCT03677596,monoclonal_antibody,ozogamicin,master_DB_2021_Q4.json
NCT04384484,monoclonal_antibody,loncastuximab tesirine,master_DB_2021_Q4.json
NCT03547973,monoclonal_antibody,sacituzumab govitecan,master_DB_2021_Q4.json
NCT04754191,monoclonal_antibody,enfortumab vedotin,master_DB_2021_Q4.json
NCT05113966,monoclonal_antibody,sacituzumab govitecan,master_DB_2021_Q4.json
NCT03337698,monoclonal_antibody,sacituzumab govitecan,master_DB_2021_Q4.json
NCT04931342,monoclonal_antibody,trastuzumab emtansine,master_DB_2021_Q4.json
NCT04697628,monoclonal_antibody,tisotumab vedotin,master_DB_2021_Q4.json
NCT04612751,monoclonal_antibody,datopotamab deruxtecan,master_DB_2021_Q4.json
NCT04209855,small_molecule,mirvetuximab soravtansine,master_DB_2021_Q4.json
NCT03975647,small_molecule,ado-trastuzumab,master_DB_2021_Q4.json
NCT03587311,monoclonal_antibody,ravtansine,master_DB_2021_Q4.json
NCT03219333,monoclonal_antibody,enfortumab vedotin,master_DB_2021_Q4.json
NCT04639219,monoclonal_antibody,trastuzumab deruxtecan,master_DB_2021_Q4.json
NCT02497131,monoclonal_antibody,brentuximab vedotin,master_DB_2021_Q4.json
NCT04587687,monoclonal_antibody,brentuximab vedotin,master_DB_2021_Q4.json
NCT04829604,small_molecule,t-dxd,master_DB_2021_Q4.json
NCT04739761,monoclonal_antibody,trastuzumab deruxtecan,master_DB_2021_Q4.json
NCT05053659,small_molecule,loncastuximab tesirine,master_DB_2021_Q4.json
NCT04504916,monoclonal_antibody,vedotin,master_DB_2021_Q4.json
NCT04319198,monoclonal_antibody,sacituzumab govitecan,master_DB_2021_Q4.json
NCT03835819,monoclonal_antibody,mirvetuximab soravtansine,master_DB_2021_Q4.json
NCT03677141,small_molecule,polatuzumab vedotin,master_DB_2021_Q4.json
NCT03671018,monoclonal_antibody,polatuzumab vedotin,master_DB_2021_Q4.json
NCT03748186,monoclonal_antibody,antibody-drug conjugate,master_DB_2021_Q4.json
NCT05169658,monoclonal_antibody,polatuzumab vedotin,master_DB_2021_Q4.json
NCT04632992,monoclonal_antibody,trastuzumab emtansine,master_DB_2021_Q4.json
NCT05139017,monoclonal_antibody,vedotin,master_DB_2021_Q4.json
NCT05123482,small_molecule,antibody drug conjugate,master_DB_2021_Q4.json
NCT05104866,oligonucleotide,dato-dxd,master_DB_2021_Q4.json
NCT05071053,monoclonal_antibody,tusamitamab ravtansine,master_DB_2021_Q4.json
NCT04970901,monoclonal_antibody,loncastuximab tesirine,master_DB_2021_Q4.json
NCT04893109,monoclonal_antibody,trastuzumab emtansine,master_DB_2021_Q4.json
NCT04744831,small_molecule,trastuzumab deruxtecan,master_DB_2021_Q4.json
NCT04679012,monoclonal_antibody,polatuzumab vedotin,master_DB_2021_Q4.json
NCT04620187,monoclonal_antibody,ado-trastuzumab,master_DB_2021_Q4.json
NCT04622319,monoclonal_antibody,trastuzumab deruxtecan,master_DB_2021_Q4.json
NCT04197687,monoclonal_antibody,trastuzumab emtansine,master_DB_2021_Q4.json
NCT04539938,monoclonal_antibody,trastuzumab deruxtecan,master_DB_2021_Q4.json
NCT04559230,monoclonal_antibody,sacituzumab govitecan,master_DB_2021_Q4.json
NCT03878927,monoclonal_antibody,ozogamicin,master_DB_2021_Q4.json
NCT03621982,monoclonal_antibody,tesirine,master_DB_2021_Q4.json
NCT03539536,monoclonal_antibody,telisotuzumab vedotin,master_DB_2021_Q4.json
NCT03530696,small_molecule,t-dm1,master_DB_2021_Q4.json
NCT03334617,monoclonal_antibody,trastuzumab deruxtecan,master_DB_2021_Q4.json
NCT01979536,monoclonal_antibody,brentuximab vedotin,master_DB_2021_Q4.json
NCT05089734,small_molecule,sacituzumab govitecan,master_DB_2021_Q4.json
NCT04700124,monoclonal_antibody,enfortumab vedotin,master_DB_2021_Q4.json
NCT05171647,monoclonal_antibody,polatuzumab vedotin,master_DB_2021_Q4.json
NCT03924895,monoclonal_antibody,enfortumab vedotin,master_DB_2021_Q4.json
NCT03739814,monoclonal_antibody,ozogamicin,master_DB_2021_Q4.json
NCT02465060,monoclonal_antibody,trastuzumab emtansine,master_DB_2021_Q4.json
NCT01896999,monoclonal_antibody,brentuximab vedotin,master_DB_2021_Q4.json
NCT03190967,small_molecule,t-dm1,master_DB_2021_Q4.json
NCT04509596,monoclonal_antibody,t-dm1,master_DB_2021_Q4.json
NCT04487756,monoclonal_antibody,adc (weak),master_DB_2021_Q4.json
NCT04479267,monoclonal_antibody,polatuzumab vedotin,master_DB_2021_Q4.json
NCT04469127,monoclonal_antibody,ado-trastuzumab,master_DB_2021_Q4.json
NCT04468061,monoclonal_antibody,sacituzumab govitecan,master_DB_2021_Q4.json
NCT04448886,monoclonal_antibody,sacituzumab govitecan,master_DB_2021_Q4.json
NCT04419181,monoclonal_antibody,trastuzumab emtansine,master_DB_2021_Q4.json
NCT04420598,monoclonal_antibody,trastuzumab deruxtecan,master_DB_2021_Q4.json
NCT04235101,monoclonal_antibody,antibody-drug conjugate,master_DB_2021_Q4.json
NCT04410224,small_molecule,antibody-drug conjugate,master_DB_2021_Q4.json
NCT04398914,monoclonal_antibody,t-dm1,master_DB_2021_Q4.json
NCT04385290,monoclonal_antibody,ozogamicin,master_DB_2021_Q4.json
NCT04378647,monoclonal_antibody,brentuximab vedotin,master_DB_2021_Q4.json
NCT04351230,monoclonal_antibody,t-dm1,master_DB_2021_Q4.json
NCT04231877,monoclonal_antibody,polatuzumab vedotin,master_DB_2021_Q4.json
NCT04341181,monoclonal_antibody,trastuzumab emtansine,master_DB_2021_Q4.json
NCT04332822,monoclonal_antibody,vedotin,master_DB_2021_Q4.json
NCT04329429,monoclonal_antibody,antibody-drug conjugate,master_DB_2021_Q4.json
NCT04316442,small_molecule,antibody drug conjugate,master_DB_2021_Q4.json
NCT04307576,antibody_protein,ozogamicin,master_DB_2021_Q4.json
NCT04301375,monoclonal_antibody,tdm1,master_DB_2021_Q4.json
NCT04296890,small_molecule,mirvetuximab soravtansine,master_DB_2021_Q4.json
NCT04294628,monoclonal_antibody,trastuzumab deruxtecan,master_DB_2021_Q4.json
NCT04280341,monoclonal_antibody,mmae,master_DB_2021_Q4.json
NCT04264936,small_molecule,mmae,master_DB_2021_Q4.json
NCT01371630,monoclonal_antibody,ozogamicin,master_DB_2021_Q4.json
NCT04207190,small_molecule,ozogamicin,master_DB_2021_Q4.json
NCT04205630,monoclonal_antibody,antibody-drug conjugate,master_DB_2021_Q4.json
NCT04202705,monoclonal_antibody,antibody-drug conjugate,master_DB_2021_Q4.json
NCT04182204,monoclonal_antibody,polatuzumab vedotin,master_DB_2021_Q4.json
NCT04173585,monoclonal_antibody,ozogamicin,master_DB_2021_Q4.json
NCT04158947,monoclonal_antibody,t-dm1,master_DB_2021_Q4.json
NCT01409161,monoclonal_antibody,ozogamicin,master_DB_2021_Q4.json
NCT04152499,small_molecule,antibody drug conjugate,master_DB_2021_Q4.json
NCT04132960,monoclonal_antibody,antibody drug conjugate,master_DB_2021_Q4.json
NCT04093505,monoclonal_antibody,ozogamicin,master_DB_2021_Q4.json
NCT01476410,monoclonal_antibody,brentuximab vedotin,master_DB_2021_Q4.json
NCT01508312,monoclonal_antibody,brentuximab vedotin,master_DB_2021_Q4.json
NCT01597414,monoclonal_antibody,t-dm1,master_DB_2021_Q4.json
NCT01664910,monoclonal_antibody,immunoconjugate,master_DB_2021_Q4.json
NCT01703949,monoclonal_antibody,brentuximab vedotin,master_DB_2021_Q4.json
NCT01679119,monoclonal_antibody,ozogamicin,master_DB_2021_Q4.json
NCT01716806,monoclonal_antibody,brentuximab vedotin,master_DB_2021_Q4.json
NCT01771107,monoclonal_antibody,brentuximab vedotin,master_DB_2021_Q4.json
NCT01868451,monoclonal_antibody,brentuximab vedotin,master_DB_2021_Q4.json
NCT01853748,monoclonal_antibody,trastuzumab emtansine,master_DB_2021_Q4.json
NCT01909934,monoclonal_antibody,brentuximab vedotin,master_DB_2021_Q4.json
NCT04064359,antibody_protein,antibody-drug conjugate,master_DB_2021_Q4.json
NCT04073602,monoclonal_antibody,mmae,master_DB_2021_Q4.json
NCT04052997,monoclonal_antibody,tesirine,master_DB_2021_Q4.json
NCT04050280,monoclonal_antibody,ozogamicin,master_DB_2021_Q4.json
NCT04177823,monoclonal_antibody,antibody drug conjugate,master_DB_2021_Q4.json
NCT04724018,monoclonal_antibody,sacituzumab govitecan,master_DB_2021_Q4.json
NCT04927884,small_molecule,sacituzumab govitecan,master_DB_2021_Q4.json
NCT03684694,monoclonal_antibody,loncastuximab tesirine,master_DB_2021_Q4.json
NCT04036461,monoclonal_antibody,antibody-drug conjugate,master_DB_2021_Q4.json
NCT04704661,monoclonal_antibody,trastuzumab deruxtecan,master_DB_2021_Q4.json
NCT03848754,monoclonal_antibody,ozogamicin,master_DB_2021_Q4.json
NCT04014075,monoclonal_antibody,trastuzumab deruxtecan,master_DB_2021_Q4.json
NCT04450732,monoclonal_antibody,antibody-drug conjugate,master_DB_2021_Q4.json
NCT04293562,monoclonal_antibody,ozogamicin,master_DB_2021_Q4.json
NCT02981628,monoclonal_antibody,ozogamicin,master_DB_2021_Q4.json
NCT04928846,small_molecule,telisotuzumab vedotin,master_DB_2021_Q4.json
NCT04434040,monoclonal_antibody,sacituzumab govitecan,master_DB_2021_Q4.json
NCT04589845,monoclonal_antibody,trastuzumab emtansine,master_DB_2021_Q4.json
NCT05016947,monoclonal_antibody,ozogamicin,master_DB_2021_Q4.json
NCT05008510,small_molecule,sacituzumab govitecan,master_DB_2021_Q4.json
NCT03995706,monoclonal_antibody,sacituzumab govitecan,master_DB_2021_Q4.json
NCT03587740,monoclonal_antibody,ado-trastuzumab,master_DB_2021_Q4.json
NCT03992131,small_molecule,sacituzumab govitecan,master_DB_2021_Q4.json
NCT03729596,monoclonal_antibody,antibody drug conjugate,master_DB_2021_Q4.json
NCT03568994,monoclonal_antibody,ozogamicin,master_DB_2021_Q4.json
NCT05091528,monoclonal_antibody,trastuzumab deruxtecan,master_DB_2021_Q4.json
NCT03971409,monoclonal_antibody,sacituzumab govitecan,master_DB_2021_Q4.json
NCT04879329,monoclonal_antibody,disitamab vedotin,master_DB_2021_Q4.json
NCT03962465,monoclonal_antibody,ozogamicin,master_DB_2021_Q4.json
NCT03959085,monoclonal_antibody,ozogamicin,master_DB_2021_Q4.json
NCT04527991,small_molecule,sacituzumab govitecan,master_DB_2021_Q4.json
NCT04230109,monoclonal_antibody,sacituzumab govitecan,master_DB_2021_Q4.json
NCT04070768,monoclonal_antibody,ozogamicin,master_DB_2021_Q4.json
NCT04039230,small_molecule,antibody-drug conjugate,master_DB_2021_Q4.json
NCT04300556,monoclonal_antibody,antibody-drug conjugate,master_DB_2021_Q4.json
NCT05097599,small_molecule,enhertu,master_DB_2021_Q4.json
NCT04602117,monoclonal_antibody,antibody-drug conjugate,master_DB_2021_Q4.json
NCT03851081,monoclonal_antibody,ozogamicin,master_DB_2021_Q4.json
NCT04138875,monoclonal_antibody,brentuximab vedotin,master_DB_2021_Q4.json
NCT03913559,monoclonal_antibody,ozogamicin,master_DB_2021_Q4.json
NCT02398240,monoclonal_antibody,brentuximab vedotin,master_DB_2021_Q4.json
NCT03833180,monoclonal_antibody,vedotin,master_DB_2021_Q4.json
NCT03726879,monoclonal_antibody,trastuzumab emtansine,master_DB_2021_Q4.json
NCT04491370,monoclonal_antibody,polatuzumab vedotin,master_DB_2021_Q4.json
NCT03904251,monoclonal_antibody,ozogamicin,master_DB_2021_Q4.json
NCT03587844,monoclonal_antibody,brentuximab vedotin,master_DB_2021_Q4.json
NCT04561206,monoclonal_antibody,brentuximab vedotin,master_DB_2021_Q4.json
NCT04454437,monoclonal_antibody,sacituzumab govitecan,master_DB_2021_Q4.json
NCT03288545,monoclonal_antibody,enfortumab vedotin,master_DB_2021_Q4.json
NCT02600897,monoclonal_antibody,polatuzumab vedotin,master_DB_2021_Q4.json
NCT04676477,monoclonal_antibody,patritumab deruxtecan,master_DB_2021_Q4.json
NCT04887870,monoclonal_antibody,enfortumab vedotin,master_DB_2021_Q4.json
NCT05115500,monoclonal_antibody,antibody-drug conjugate,master_DB_2021_Q4.json
NCT05113459,monoclonal_antibody,disitamab vedotin,master_DB_2021_Q4.json
NCT04647916,small_molecule,sacituzumab govitecan,master_DB_2021_Q4.json
NCT04609566,monoclonal_antibody,brentuximab vedotin,master_DB_2021_Q4.json
NCT03878524,monoclonal_antibody,trastuzumab emtansine,master_DB_2021_Q4.json
NCT04236141,monoclonal_antibody,polatuzumab vedotin,master_DB_2021_Q4.json
NCT02390427,monoclonal_antibody,trastuzumab emtansine,master_DB_2021_Q4.json
NCT04695847,antibody_protein,antibody drug conjugate,master_DB_2021_Q4.json
NCT04617522,monoclonal_antibody,sacituzumab govitecan,master_DB_2021_Q4.json
NCT03901339,oligonucleotide,sacituzumab govitecan,master_DB_2021_Q4.json
NCT03489525,antibody_protein,antibody drug conjugate,master_DB_2021_Q4.json
NCT04042701,monoclonal_antibody,trastuzumab deruxtecan,master_DB_2021_Q4.json
NCT03657043,monoclonal_antibody,tisotumab vedotin,master_DB_2021_Q4.json
NCT01352520,monoclonal_antibody,brentuximab vedotin,master_DB_2021_Q4.json
NCT05119907,monoclonal_antibody,sacituzumab govitecan,master_DB_2021_Q4.json
NCT03737955,monoclonal_antibody,ozogamicin,master_DB_2021_Q4.json
NCT04619004,monoclonal_antibody,patritumab deruxtecan,master_DB_2021_Q4.json
NCT02221310,monoclonal_antibody,ozogamicin,master_DB_2021_Q4.json
NCT02117297,monoclonal_antibody,ozogamicin,master_DB_2021_Q4.json
NCT04595565,oligonucleotide,sacituzumab govitecan,master_DB_2021_Q4.json
NCT04494425,monoclonal_antibody,trastuzumab deruxtecan,master_DB_2021_Q4.json
NCT04441099,monoclonal_antibody,antibody drug conjugate,master_DB_2021_Q4.json
NCT03262935,monoclonal_antibody,antibody-drug conjugate,master_DB_2021_Q4.json
NCT04960709,monoclonal_antibody,enfortumab vedotin,master_DB_2021_Q4.json
NCT04822337,small_molecule,antibody drug conjugate,master_DB_2021_Q4.json
NCT04989816,monoclonal_antibody,trastuzumab deruxtecan,master_DB_2021_Q4.json
NCT04556773,monoclonal_antibody,trastuzumab deruxtecan,master_DB_2021_Q4.json
NCT04538742,monoclonal_antibody,trastuzumab deruxtecan,master_DB_2021_Q4.json
NCT04591431,monoclonal_antibody,trastuzumab emtansine,master_DB_2021_Q4.json
NCT03816358,monoclonal_antibody,ravtansine,master_DB_2021_Q4.json
NCT02091999,monoclonal_antibody,enfortumab vedotin,master_DB_2021_Q4.json
NCT03991884,monoclonal_antibody,ozogamicin,master_DB_2021_Q4.json
NCT03964727,monoclonal_antibody,sacituzumab govitecan,master_DB_2021_Q4.json
NCT05134519,monoclonal_antibody,mmae,master_DB_2021_Q4.json
NCT05048797,monoclonal_antibody,trastuzumab deruxtecan,master_DB_2021_Q4.json
NCT03057795,monoclonal_antibody,brentuximab vedotin,master_DB_2021_Q4.json
NCT04524689,monoclonal_antibody,tusamitamab ravtansine,master_DB_2021_Q4.json
NCT04266249,monoclonal_antibody,trastuzumab emtansine,master_DB_2021_Q4.json
NCT03401385,monoclonal_antibody,datopotamab deruxtecan,master_DB_2021_Q4.json
NCT03274492,monoclonal_antibody,polatuzumab vedotin,master_DB_2021_Q4.json
NCT03712202,monoclonal_antibody,brentuximab vedotin,master_DB_2021_Q4.json
NCT04998669,monoclonal_antibody,loncastuximab tesirine,master_DB_2021_Q4.json
NCT05060276,small_molecule,antibody drug conjugate,master_DB_2021_Q4.json
NCT05043987,monoclonal_antibody,mmae,master_DB_2021_Q4.json
NCT05034887,monoclonal_antibody,trastuzumab deruxtecan,master_DB_2021_Q4.json
NCT05016973,monoclonal_antibody,adc (weak),master_DB_2021_Q4.json
NCT05006664,monoclonal_antibody,brentuximab vedotin,master_DB_2021_Q4.json
NCT05014139,monoclonal_antibody,enfortumab vedotin,master_DB_2021_Q4.json
NCT04986579,monoclonal_antibody,sacituzumab govitecan,master_DB_2021_Q4.json
NCT04965766,monoclonal_antibody,patritumab deruxtecan,master_DB_2021_Q4.json
NCT04983121,antibody_protein,antibody-drug conjugate,master_DB_2021_Q4.json
NCT04940325,monoclonal_antibody,antibody-drug conjugate,master_DB_2021_Q4.json
NCT04915612,monoclonal_antibody,ozogamicin,master_DB_2021_Q4.json
NCT04913103,monoclonal_antibody,vedotin,master_DB_2021_Q4.json
NCT04878029,small_molecule,enfortumab vedotin,master_DB_2021_Q4.json
NCT04863885,monoclonal_antibody,sacituzumab govitecan,master_DB_2021_Q4.json
NCT04873362,monoclonal_antibody,trastuzumab emtansine,master_DB_2021_Q4.json
NCT04844866,monoclonal_antibody,polatuzumab vedotin,master_DB_2021_Q4.json
NCT04833114,monoclonal_antibody,polatuzumab vedotin,master_DB_2021_Q4.json
NCT04795869,monoclonal_antibody,brentuximab vedotin,master_DB_2021_Q4.json
NCT04752059,monoclonal_antibody,deruxtecan,master_DB_2021_Q4.json
NCT04747912,monoclonal_antibody,ozogamicin,master_DB_2021_Q4.json
NCT04745949,monoclonal_antibody,brentuximab vedotin,master_DB_2021_Q4.json
NCT04733118,monoclonal_antibody,t-dm1,master_DB_2021_Q4.json
NCT04704934,monoclonal_antibody,trastuzumab deruxtecan,master_DB_2021_Q4.json
NCT04685616,monoclonal_antibody,brentuximab vedotin,master_DB_2021_Q4.json
NCT04680442,monoclonal_antibody,trastuzumab emtansine,master_DB_2021_Q4.json
NCT04681131,small_molecule,antibody drug conjugate,master_DB_2021_Q4.json
NCT04675827,monoclonal_antibody,trastuzumab emtansine,master_DB_2021_Q4.json
NCT04665765,monoclonal_antibody,polatuzumab vedotin,master_DB_2021_Q4.json
NCT04662580,small_molecule,adc (weak),master_DB_2021_Q4.json
NCT04644237,monoclonal_antibody,trastuzumab deruxtecan,master_DB_2021_Q4.json
NCT04639986,oligonucleotide,sacituzumab govitecan,master_DB_2021_Q4.json
NCT04617314,small_molecule,antibody-drug conjugate,master_DB_2021_Q4.json
NCT04606914,monoclonal_antibody,mirvetuximab soravtansine,master_DB_2021_Q4.json
NCT04594798,monoclonal_antibody,polatuzumab vedotin,master_DB_2021_Q4.json
NCT04585958,monoclonal_antibody,trastuzumab deruxtecan,master_DB_2021_Q4.json
NCT04553770,monoclonal_antibody,trastuzumab deruxtecan,master_DB_2021_Q4.json
NCT04549363,monoclonal_antibody,immunoconjugate,master_DB_2021_Q4.json
NCT04535102,monoclonal_antibody,polatuzumab vedotin,master_DB_2021_Q4.json
NCT04963153,small_molecule,enfortumab vedotin,master_DB_2021_Q4.json
NCT04223856,monoclonal_antibody,enfortumab vedotin,master_DB_2021_Q4.json
NCT04982224,monoclonal_antibody,antibody-drug conjugate,master_DB_2021_Q4.json
NCT03368196,small_molecule,antibody drug conjugate,master_DB_2021_Q4.json
NCT03523572,monoclonal_antibody,trastuzumab deruxtecan,master_DB_2022_Q4.json
NCT03113500,monoclonal_antibody,brentuximab vedotin,master_DB_2022_Q4.json
NCT03496779,monoclonal_antibody,brentuximab vedotin,master_DB_2022_Q4.json
NCT05558124,monoclonal_antibody,ozogamicin,master_DB_2022_Q4.json
NCT03474133,monoclonal_antibody,brentuximab vedotin,master_DB_2022_Q4.json
NCT04230109,monoclonal_antibody,sacituzumab govitecan,master_DB_2022_Q4.json
NCT04039230,small_molecule,antibody-drug conjugate,master_DB_2022_Q4.json
NCT04602117,monoclonal_antibody,antibody-drug conjugate,master_DB_2022_Q4.json
NCT04491370,monoclonal_antibody,polatuzumab vedotin,master_DB_2022_Q4.json
NCT03587844,monoclonal_antibody,brentuximab vedotin,master_DB_2022_Q4.json
NCT05113459,monoclonal_antibody,disitamab vedotin,master_DB_2022_Q4.json
NCT05555732,monoclonal_antibody,datopotamab deruxtecan,master_DB_2022_Q4.json
NCT05115500,monoclonal_antibody,antibody-drug conjugate,master_DB_2022_Q4.json
NCT05119907,monoclonal_antibody,sacituzumab govitecan,master_DB_2022_Q4.json
NCT05134519,monoclonal_antibody,mmae,master_DB_2022_Q4.json
NCT04927884,small_molecule,sacituzumab govitecan,master_DB_2022_Q4.json
NCT05552001,monoclonal_antibody,sacituzumab govitecan,master_DB_2022_Q4.json
NCT04398914,small_molecule,t-dm1,master_DB_2022_Q4.json
NCT05243693,monoclonal_antibody,brentuximab vedotin,master_DB_2022_Q4.json
NCT04457596,small_molecule,t-dm1,master_DB_2022_Q4.json
NCT05622890,monoclonal_antibody,mirvetuximab soravtansine,master_DB_2022_Q4.json
NCT05593094,monoclonal_antibody,t-dm1,master_DB_2022_Q4.json
NCT05043987,monoclonal_antibody,mmae,master_DB_2022_Q4.json
NCT05034887,monoclonal_antibody,trastuzumab deruxtecan,master_DB_2022_Q4.json
NCT04070768,monoclonal_antibody,ozogamicin,master_DB_2022_Q4.json
NCT05016973,monoclonal_antibody,adc (weak),master_DB_2022_Q4.json
NCT04300556,monoclonal_antibody,antibody-drug conjugate,master_DB_2022_Q4.json
NCT05006664,monoclonal_antibody,brentuximab vedotin,master_DB_2022_Q4.json
NCT05293496,monoclonal_antibody,antibody drug conjugate,master_DB_2022_Q4.json
NCT05581589,small_molecule,sacituzumab govitecan,master_DB_2022_Q4.json
NCT05104866,oligonucleotide,dato-dxd,master_DB_2022_Q4.json
NCT05101096,monoclonal_antibody,sacituzumab govitecan,master_DB_2022_Q4.json
NCT04647916,small_molecule,sacituzumab govitecan,master_DB_2022_Q4.json
NCT04619004,monoclonal_antibody,patritumab deruxtecan,master_DB_2022_Q4.json
NCT05547321,monoclonal_antibody,antibody-drug conjugate,master_DB_2022_Q4.json
NCT04439110,monoclonal_antibody,ado-trastuzumab,master_DB_2022_Q4.json
NCT04384484,monoclonal_antibody,loncastuximab tesirine,master_DB_2022_Q4.json
NCT04042701,monoclonal_antibody,trastuzumab deruxtecan,master_DB_2022_Q4.json
NCT04482309,monoclonal_antibody,trastuzumab deruxtecan,master_DB_2022_Q4.json
NCT03337698,monoclonal_antibody,sacituzumab govitecan,master_DB_2022_Q4.json
NCT05600686,monoclonal_antibody,loncastuximab tesirine,master_DB_2022_Q4.json
NCT05599360,monoclonal_antibody,ozogamicin,master_DB_2022_Q4.json
NCT05514158,monoclonal_antibody,disitamab vedotin,master_DB_2022_Q4.json
NCT04014075,monoclonal_antibody,trastuzumab deruxtecan,master_DB_2022_Q4.json
NCT04965766,monoclonal_antibody,patritumab deruxtecan,master_DB_2022_Q4.json
NCT04915612,monoclonal_antibody,ozogamicin,master_DB_2022_Q4.json
NCT04209855,small_molecule,mirvetuximab soravtansine,master_DB_2022_Q4.json
NCT04940325,monoclonal_antibody,antibody-drug conjugate,master_DB_2022_Q4.json
NCT05320588,monoclonal_antibody,antibody-drug conjugate,master_DB_2022_Q4.json
NCT04913103,monoclonal_antibody,vedotin,master_DB_2022_Q4.json
NCT03726879,monoclonal_antibody,trastuzumab emtansine,master_DB_2022_Q4.json
NCT03525678,monoclonal_antibody,antibody drug conjugate,master_DB_2022_Q4.json
NCT05578287,monoclonal_antibody,disitamab vedotin,master_DB_2022_Q4.json
NCT03248492,monoclonal_antibody,antibody drug conjugate,master_DB_2022_Q4.json
NCT04970901,small_molecule,loncastuximab tesirine,master_DB_2022_Q4.json
NCT03684694,monoclonal_antibody,loncastuximab tesirine,master_DB_2022_Q4.json
NCT05540483,monoclonal_antibody,disitamab vedotin,master_DB_2022_Q4.json
NCT03032107,monoclonal_antibody,t-dm1,master_DB_2022_Q4.json
NCT05060276,monoclonal_antibody,antibody drug conjugate,master_DB_2022_Q4.json
NCT05535218,monoclonal_antibody,sacituzumab govitecan,master_DB_2022_Q4.json
NCT05524545,monoclonal_antibody,enfortumab vedotin,master_DB_2022_Q4.json
NCT05519527,monoclonal_antibody,antibody drug conjugate,master_DB_2022_Q4.json
NCT01979536,monoclonal_antibody,brentuximab vedotin,master_DB_2022_Q4.json
NCT04675827,monoclonal_antibody,trastuzumab emtansine,master_DB_2022_Q4.json
NCT04644237,monoclonal_antibody,trastuzumab deruxtecan,master_DB_2022_Q4.json
NCT05560308,monoclonal_antibody,trastuzumab emtansine,master_DB_2022_Q4.json
NCT05650879,monoclonal_antibody,trastuzumab deruxtecan,master_DB_2022_Q4.json
NCT05495724,monoclonal_antibody,disitamab vedotin,master_DB_2022_Q4.json
NCT05382299,small_molecule,sacituzumab govitecan,master_DB_2022_Q4.json
NCT05382286,monoclonal_antibody,sacituzumab govitecan,master_DB_2022_Q4.json
NCT05113251,monoclonal_antibody,trastuzumab deruxtecan,master_DB_2022_Q4.json
NCT05489211,monoclonal_antibody,datopotamab deruxtecan,master_DB_2022_Q4.json
NCT05006794,small_molecule,sacituzumab govitecan,master_DB_2022_Q4.json
NCT04960709,monoclonal_antibody,enfortumab vedotin,master_DB_2022_Q4.json
NCT05488353,monoclonal_antibody,disitamab vedotin,master_DB_2022_Q4.json
NCT04879329,monoclonal_antibody,disitamab vedotin,master_DB_2022_Q4.json
NCT04873362,monoclonal_antibody,trastuzumab emtansine,master_DB_2022_Q4.json
NCT04893109,monoclonal_antibody,trastuzumab emtansine,master_DB_2022_Q4.json
NCT05627414,small_molecule,disitamab vedotin,master_DB_2022_Q4.json
NCT04740918,monoclonal_antibody,trastuzumab emtansine,master_DB_2022_Q4.json
NCT04697628,monoclonal_antibody,tisotumab vedotin,master_DB_2022_Q4.json
NCT04617522,monoclonal_antibody,sacituzumab govitecan,master_DB_2022_Q4.json
NCT04733118,monoclonal_antibody,t-dm1,master_DB_2022_Q4.json
NCT04612751,monoclonal_antibody,datopotamab deruxtecan,master_DB_2022_Q4.json
NCT04609566,monoclonal_antibody,brentuximab vedotin,master_DB_2022_Q4.json
NCT03568994,monoclonal_antibody,ozogamicin,master_DB_2022_Q4.json
NCT04549363,monoclonal_antibody,immunoconjugate,master_DB_2022_Q4.json
NCT05480384,monoclonal_antibody,trastuzumab deruxtecan,master_DB_2022_Q4.json
NCT04524689,monoclonal_antibody,tusamitamab ravtansine,master_DB_2022_Q4.json
NCT04404283,monoclonal_antibody,brentuximab vedotin,master_DB_2022_Q4.json
NCT04207190,monoclonal_antibody,ozogamicin,master_DB_2022_Q4.json
NCT04189614,monoclonal_antibody,antibody drug conjugate,master_DB_2022_Q4.json
NCT04154956,small_molecule,tusamitamab ravtansine,master_DB_2022_Q4.json
NCT04307576,monoclonal_antibody,ozogamicin,master_DB_2022_Q4.json
NCT03924895,monoclonal_antibody,enfortumab vedotin,master_DB_2022_Q4.json
NCT03975647,small_molecule,ado-trastuzumab,master_DB_2022_Q4.json
NCT03964727,monoclonal_antibody,sacituzumab govitecan,master_DB_2022_Q4.json
NCT03424603,monoclonal_antibody,antibody drug conjugate,master_DB_2022_Q4.json
NCT03485209,monoclonal_antibody,tisotumab vedotin,master_DB_2022_Q4.json
NCT03544281,small_molecule,antibody-drug conjugate,master_DB_2022_Q4.json
NCT03310957,monoclonal_antibody,vedotin,master_DB_2022_Q4.json
NCT02980341,monoclonal_antibody,patritumab deruxtecan,master_DB_2022_Q4.json
NCT02091999,monoclonal_antibody,enfortumab vedotin,master_DB_2022_Q4.json
NCT00781612,monoclonal_antibody,trastuzumab emtansine,master_DB_2022_Q4.json
NCT05633615,monoclonal_antibody,polatuzumab vedotin,master_DB_2022_Q4.json
NCT05652868,monoclonal_antibody,antibody-drug conjugate,master_DB_2022_Q4.json
NCT05652855,small_molecule,adc (weak),master_DB_2022_Q4.json
NCT05498597,monoclonal_antibody,antibody-drug conjugate,master_DB_2022_Q4.json
NCT03786081,monoclonal_antibody,tisotumab vedotin,master_DB_2022_Q4.json
NCT05442554,monoclonal_antibody,brentuximab vedotin,master_DB_2022_Q4.json
NCT04887870,monoclonal_antibody,enfortumab vedotin,master_DB_2022_Q4.json
NCT05633979,monoclonal_antibody,trastuzumab deruxtecan,master_DB_2022_Q4.json
NCT05404945,monoclonal_antibody,brentuximab vedotin,master_DB_2022_Q4.json
NCT05429762,small_molecule,tusamitamab ravtansine,master_DB_2022_Q4.json
NCT05527184,monoclonal_antibody,antibody-drug conjugate,master_DB_2022_Q4.json
NCT05332561,monoclonal_antibody,sacituzumab govitecan,master_DB_2022_Q4.json
NCT05323045,monoclonal_antibody,antibody-drug conjugate,master_DB_2022_Q4.json
NCT05215340,monoclonal_antibody,dato-dxd,master_DB_2022_Q4.json
NCT05303792,monoclonal_antibody,ozogamicin,master_DB_2022_Q4.json
NCT05302284,small_molecule,adc (weak),master_DB_2022_Q4.json
NCT05071053,monoclonal_antibody,tusamitamab ravtansine,master_DB_2022_Q4.json
NCT03356054,monoclonal_antibody,brentuximab vedotin,master_DB_2022_Q4.json
NCT05249959,monoclonal_antibody,loncastuximab tesirine,master_DB_2022_Q4.json
NCT04989816,monoclonal_antibody,trastuzumab deruxtecan,master_DB_2022_Q4.json
NCT05200364,monoclonal_antibody,antibody drug conjugate,master_DB_2022_Q4.json
NCT03725761,monoclonal_antibody,sacituzumab govitecan,master_DB_2022_Q4.json
NCT03859752,monoclonal_antibody,antibody drug conjugate,master_DB_2022_Q4.json
NCT05103683,small_molecule,antibody drug conjugate,master_DB_2022_Q4.json
NCT04676477,monoclonal_antibody,patritumab deruxtecan,master_DB_2022_Q4.json
NCT04632992,monoclonal_antibody,trastuzumab emtansine,master_DB_2022_Q4.json
NCT04639219,monoclonal_antibody,trastuzumab deruxtecan,master_DB_2022_Q4.json
NCT04589845,monoclonal_antibody,trastuzumab emtansine,master_DB_2022_Q4.json
NCT04494425,oligonucleotide,trastuzumab deruxtecan,master_DB_2022_Q4.json
NCT04197687,monoclonal_antibody,trastuzumab emtansine,master_DB_2022_Q4.json
NCT05525286,small_molecule,antibody-drug conjugate,master_DB_2022_Q4.json
NCT05520723,biologic,sacituzumab govitecan,master_DB_2022_Q4.json
NCT03374332,monoclonal_antibody,ozogamicin,master_DB_2022_Q4.json
NCT03529110,monoclonal_antibody,trastuzumab deruxtecan,master_DB_2022_Q4.json
NCT03991884,small_molecule,ozogamicin,master_DB_2022_Q4.json
NCT04983121,antibody_protein,antibody-drug conjugate,master_DB_2022_Q4.json
NCT03734029,small_molecule,antibody drug conjugate,master_DB_2022_Q4.json
NCT03677154,monoclonal_antibody,polatuzumab vedotin,master_DB_2022_Q4.json
NCT04878029,monoclonal_antibody,enfortumab vedotin,master_DB_2022_Q4.json
NCT05376878,monoclonal_antibody,trastuzumab deruxtecan,master_DB_2022_Q4.json
NCT03646123,monoclonal_antibody,brentuximab vedotin,master_DB_2022_Q4.json
NCT03907488,monoclonal_antibody,brentuximab vedotin,master_DB_2022_Q4.json
NCT04231877,monoclonal_antibody,polatuzumab vedotin,master_DB_2022_Q4.json
NCT03467373,monoclonal_antibody,polatuzumab vedotin,master_DB_2022_Q4.json
NCT03539536,monoclonal_antibody,telisotuzumab vedotin,master_DB_2022_Q4.json
NCT04833114,monoclonal_antibody,polatuzumab vedotin,master_DB_2022_Q4.json
NCT04844866,monoclonal_antibody,polatuzumab vedotin,master_DB_2022_Q4.json
NCT04752059,monoclonal_antibody,deruxtecan,master_DB_2022_Q4.json
NCT04745949,monoclonal_antibody,brentuximab vedotin,master_DB_2022_Q4.json
NCT01925131,monoclonal_antibody,ozogamicin,master_DB_2022_Q4.json
NCT02314481,monoclonal_antibody,trastuzumab emtansine,master_DB_2022_Q4.json
NCT04659044,monoclonal_antibody,polatuzumab vedotin,master_DB_2022_Q4.json
NCT04596150,monoclonal_antibody,ravtansine,master_DB_2022_Q4.json
NCT04553770,monoclonal_antibody,trastuzumab deruxtecan,master_DB_2022_Q4.json
NCT04486352,monoclonal_antibody,trastuzumab emtansine,master_DB_2022_Q4.json
NCT05156866,small_molecule,antibody drug conjugate,master_DB_2022_Q4.json
NCT04419181,monoclonal_antibody,trastuzumab emtansine,master_DB_2022_Q4.json
NCT04334174,monoclonal_antibody,brentuximab vedotin,master_DB_2022_Q4.json
NCT04587687,monoclonal_antibody,brentuximab vedotin,master_DB_2022_Q4.json
NCT03748186,monoclonal_antibody,antibody-drug conjugate,master_DB_2022_Q4.json
NCT04316442,monoclonal_antibody,antibody drug conjugate,master_DB_2022_Q4.json
NCT04296890,small_molecule,mirvetuximab soravtansine,master_DB_2022_Q4.json
NCT04487756,monoclonal_antibody,adc (weak),master_DB_2022_Q4.json
NCT02227199,monoclonal_antibody,brentuximab vedotin,master_DB_2022_Q4.json
NCT04235101,monoclonal_antibody,antibody-drug conjugate,master_DB_2022_Q4.json
NCT04266249,monoclonal_antibody,trastuzumab emtansine,master_DB_2022_Q4.json
NCT04509596,monoclonal_antibody,t-dm1,master_DB_2022_Q4.json
NCT04202705,monoclonal_antibody,antibody-drug conjugate,master_DB_2022_Q4.json
NCT04205630,monoclonal_antibody,antibody-drug conjugate,master_DB_2022_Q4.json
NCT04620187,small_molecule,ado-trastuzumab,master_DB_2022_Q4.json
NCT03878927,monoclonal_antibody,ozogamicin,master_DB_2022_Q4.json
NCT03962465,monoclonal_antibody,ozogamicin,master_DB_2022_Q4.json
NCT03832361,small_molecule,mirvetuximab soravtansine,master_DB_2022_Q4.json
NCT02744612,monoclonal_antibody,brentuximab vedotin,master_DB_2022_Q4.json
NCT05053659,monoclonal_antibody,loncastuximab tesirine,master_DB_2022_Q4.json
NCT03742102,monoclonal_antibody,trastuzumab deruxtecan,master_DB_2022_Q4.json
NCT03900949,monoclonal_antibody,ozogamicin,master_DB_2022_Q4.json
NCT03755804,monoclonal_antibody,brentuximab vedotin,master_DB_2022_Q4.json
NCT03719105,monoclonal_antibody,brentuximab vedotin,master_DB_2022_Q4.json
NCT03737955,monoclonal_antibody,ozogamicin,master_DB_2022_Q4.json
NCT03672539,monoclonal_antibody,ozogamicin,master_DB_2022_Q4.json
NCT04378647,monoclonal_antibody,brentuximab vedotin,master_DB_2022_Q4.json
NCT03587740,monoclonal_antibody,ado-trastuzumab,master_DB_2022_Q4.json
NCT03552471,small_molecule,mirvetuximab soravtansine,master_DB_2022_Q4.json
NCT04332822,monoclonal_antibody,vedotin,master_DB_2022_Q4.json
NCT04329429,small_molecule,antibody-drug conjugate,master_DB_2022_Q4.json
NCT03523585,monoclonal_antibody,trastuzumab deruxtecan,master_DB_2022_Q4.json
NCT03441061,monoclonal_antibody,ozogamicin,master_DB_2022_Q4.json
NCT04301375,monoclonal_antibody,tdm1,master_DB_2022_Q4.json
NCT02684292,monoclonal_antibody,brentuximab vedotin,master_DB_2022_Q4.json
NCT03390296,monoclonal_antibody,ozogamicin,master_DB_2022_Q4.json
NCT02675829,monoclonal_antibody,ado-trastuzumab,master_DB_2022_Q4.json
NCT02661503,monoclonal_antibody,brentuximab vedotin,master_DB_2022_Q4.json
NCT05645718,monoclonal_antibody,ozogamicin,master_DB_2022_Q4.json
NCT03126630,small_molecule,ravtansine,master_DB_2022_Q4.json
NCT05226117,monoclonal_antibody,sacituzumab govitecan,master_DB_2022_Q4.json
NCT04704934,monoclonal_antibody,trastuzumab deruxtecan,master_DB_2022_Q4.json
NCT02981628,monoclonal_antibody,ozogamicin,master_DB_2022_Q4.json
NCT01920932,monoclonal_antibody,adcetris,master_DB_2022_Q4.json
NCT01909934,monoclonal_antibody,brentuximab vedotin,master_DB_2022_Q4.json
NCT01371630,monoclonal_antibody,ozogamicin,master_DB_2022_Q4.json
NCT01771107,monoclonal_antibody,brentuximab vedotin,master_DB_2022_Q4.json
NCT01853748,monoclonal_antibody,trastuzumab emtansine,master_DB_2022_Q4.json
NCT01772472,monoclonal_antibody,trastuzumab emtansine,master_DB_2022_Q4.json
NCT05313243,monoclonal_antibody,brentuximab vedotin,master_DB_2022_Q4.json
NCT05350917,small_molecule,vedotin,master_DB_2022_Q4.json
NCT02467946,monoclonal_antibody,adcetris,master_DB_2022_Q4.json
NCT01868451,monoclonal_antibody,brentuximab vedotin,master_DB_2022_Q4.json
NCT04158947,monoclonal_antibody,t-dm1,master_DB_2022_Q4.json
NCT02398240,monoclonal_antibody,brentuximab vedotin,master_DB_2022_Q4.json
NCT02734771,monoclonal_antibody,brentuximab vedotin,master_DB_2022_Q4.json
NCT02298257,monoclonal_antibody,brentuximab vedotin,master_DB_2022_Q4.json
NCT05460273,monoclonal_antibody,dato-dxd,master_DB_2022_Q4.json
NCT05327530,monoclonal_antibody,sacituzumab govitecan,master_DB_2022_Q4.json
NCT04680442,monoclonal_antibody,trastuzumab emtansine,master_DB_2022_Q4.json
NCT02221310,monoclonal_antibody,ozogamicin,master_DB_2022_Q4.json
NCT02191930,monoclonal_antibody,brentuximab vedotin,master_DB_2022_Q4.json
NCT02166463,monoclonal_antibody,brentuximab vedotin,master_DB_2022_Q4.json
NCT05615636,small_molecule,polatuzumab vedotin,master_DB_2022_Q4.json
NCT05611853,monoclonal_antibody,antibody drug conjugate,master_DB_2022_Q4.json
NCT02117297,monoclonal_antibody,ozogamicin,master_DB_2022_Q4.json
NCT05613088,small_molecule,antibody-drug conjugate,master_DB_2022_Q4.json
NCT03460522,monoclonal_antibody,ozogamicin,master_DB_2022_Q4.json
NCT05456685,small_molecule,mirvetuximab soravtansine,master_DB_2022_Q4.json
NCT05410418,monoclonal_antibody,polatuzumab vedotin,master_DB_2022_Q4.json
NCT05323955,monoclonal_antibody,t-dm1,master_DB_2022_Q4.json
NCT05308225,monoclonal_antibody,antibody drug conjugate,master_DB_2022_Q4.json
NCT05280470,monoclonal_antibody,antibody drug conjugate,master_DB_2022_Q4.json
NCT05190705,monoclonal_antibody,loncastuximab tesirine,master_DB_2022_Q4.json
NCT05180097,monoclonal_antibody,brentuximab vedotin,master_DB_2022_Q4.json
NCT05228249,monoclonal_antibody,loncastuximab tesirine,master_DB_2022_Q4.json
NCT04659603,small_molecule,tusamitamab ravtansine,master_DB_2022_Q4.json
NCT04622319,monoclonal_antibody,trastuzumab deruxtecan,master_DB_2022_Q4.json
NCT04569032,monoclonal_antibody,brentuximab vedotin,master_DB_2022_Q4.json
NCT04468061,monoclonal_antibody,sacituzumab govitecan,master_DB_2022_Q4.json
NCT04448886,monoclonal_antibody,sacituzumab govitecan,master_DB_2022_Q4.json
NCT04381832,small_molecule,sacituzumab govitecan,master_DB_2022_Q4.json
NCT04240704,small_molecule,antibody-drug conjugate,master_DB_2022_Q4.json
NCT04450732,monoclonal_antibody,antibody-drug conjugate,master_DB_2022_Q4.json
NCT05113966,monoclonal_antibody,sacituzumab govitecan,master_DB_2022_Q4.json
NCT04724018,monoclonal_antibody,sacituzumab govitecan,master_DB_2022_Q4.json
NCT03564678,small_molecule,ozogamicin,master_DB_2022_Q4.json
NCT03424005,monoclonal_antibody,sacituzumab govitecan,master_DB_2022_Q4.json
NCT03334617,monoclonal_antibody,trastuzumab deruxtecan,master_DB_2022_Q4.json
NCT01409161,monoclonal_antibody,ozogamicin,master_DB_2022_Q4.json
NCT05594095,biologic,adc (weak),master_DB_2022_Q4.json
NCT02099058,monoclonal_antibody,antibody drug conjugate,master_DB_2022_Q4.json
NCT01716806,monoclonal_antibody,brentuximab vedotin,master_DB_2022_Q4.json
NCT04341181,monoclonal_antibody,trastuzumab emtansine,master_DB_2022_Q4.json
NCT04829604,small_molecule,t-dxd,master_DB_2022_Q4.json
NCT04665765,monoclonal_antibody,polatuzumab vedotin,master_DB_2022_Q4.json
NCT04073602,monoclonal_antibody,mmae,master_DB_2022_Q4.json
NCT05620914,monoclonal_antibody,patritumab deruxtecan,master_DB_2022_Q4.json
NCT03729596,monoclonal_antibody,antibody drug conjugate,master_DB_2022_Q4.json
NCT00801489,monoclonal_antibody,ozogamicin,master_DB_2022_Q4.json
NCT05453396,monoclonal_antibody,loncastuximab tesirine,master_DB_2022_Q4.json
NCT04036461,monoclonal_antibody,antibody-drug conjugate,master_DB_2022_Q4.json
NCT05039073,monoclonal_antibody,brentuximab vedotin,master_DB_2022_Q4.json
NCT05296070,monoclonal_antibody,loncastuximab tesirine,master_DB_2022_Q4.json
NCT05238831,monoclonal_antibody,ado-trastuzumab,master_DB_2022_Q4.json
NCT04998669,monoclonal_antibody,loncastuximab tesirine,master_DB_2022_Q4.json
NCT03878524,monoclonal_antibody,trastuzumab emtansine,master_DB_2022_Q4.json
NCT03531918,monoclonal_antibody,ozogamicin,master_DB_2022_Q4.json
NCT04251416,monoclonal_antibody,sacituzumab govitecan,master_DB_2022_Q4.json
NCT03504488,small_molecule,antibody drug conjugate,master_DB_2022_Q4.json
NCT04168502,monoclonal_antibody,ozogamicin,master_DB_2022_Q4.json
NCT05014139,monoclonal_antibody,enfortumab vedotin,master_DB_2022_Q4.json
NCT04595565,oligonucleotide,sacituzumab govitecan,master_DB_2022_Q4.json
NCT03959085,monoclonal_antibody,ozogamicin,master_DB_2022_Q4.json
NCT05313906,monoclonal_antibody,disitamab vedotin,master_DB_2022_Q4.json
NCT03104491,monoclonal_antibody,ozogamicin,master_DB_2022_Q4.json
NCT05426486,monoclonal_antibody,antibody-drug conjugate,master_DB_2022_Q4.json
NCT05279300,monoclonal_antibody,antibody drug conjugate,master_DB_2022_Q4.json
NCT05217693,small_molecule,adc (weak),master_DB_2022_Q4.json
NCT05569811,monoclonal_antibody,patritumab deruxtecan,master_DB_2022_Q4.json
NCT03995706,monoclonal_antibody,sacituzumab govitecan,master_DB_2022_Q4.json
NCT04747912,monoclonal_antibody,ozogamicin,master_DB_2022_Q4.json
NCT05372614,small_molecule,trastuzumab deruxtecan,master_DB_2022_Q4.json
NCT05429684,monoclonal_antibody,t-dm1,master_DB_2022_Q4.json
NCT01712490,monoclonal_antibody,brentuximab vedotin,master_DB_2022_Q4.json
NCT03709082,monoclonal_antibody,t-dm1,master_DB_2022_Q4.json
NCT02724163,monoclonal_antibody,ozogamicin,master_DB_2022_Q4.json
NCT04610528,monoclonal_antibody,antibody-drug conjugate,master_DB_2022_Q4.json
NCT03610438,monoclonal_antibody,ozogamicin,master_DB_2022_Q4.json
NCT04050280,monoclonal_antibody,ozogamicin,master_DB_2022_Q4.json
NCT03007030,monoclonal_antibody,adcetris,master_DB_2022_Q4.json
NCT04526691,monoclonal_antibody,datopotamab deruxtecan,master_DB_2022_Q4.json
NCT05149768,monoclonal_antibody,brentuximab vedotin,master_DB_2022_Q4.json
NCT05143229,monoclonal_antibody,sacituzumab govitecan,master_DB_2022_Q4.json
NCT02568839,small_molecule,trastuzumab emtansine,master_DB_2022_Q4.json
NCT04622774,monoclonal_antibody,antibody drug conjugate,master_DB_2022_Q4.json
NCT04606914,small_molecule,mirvetuximab soravtansine,master_DB_2022_Q4.json
NCT04594798,monoclonal_antibody,polatuzumab vedotin,master_DB_2022_Q4.json
NCT05464030,monoclonal_antibody,antibody drug conjugate,master_DB_2022_Q4.json
NCT05253495,small_molecule,polatuzumab vedotin,master_DB_2022_Q4.json
NCT04744831,monoclonal_antibody,trastuzumab deruxtecan,master_DB_2022_Q4.json
NCT05417230,monoclonal_antibody,adc (weak),master_DB_2022_Q4.json
NCT01508312,monoclonal_antibody,brentuximab vedotin,master_DB_2022_Q4.json
NCT04863885,monoclonal_antibody,sacituzumab govitecan,master_DB_2022_Q4.json
NCT04539938,monoclonal_antibody,trastuzumab deruxtecan,master_DB_2022_Q4.json
NCT03219333,monoclonal_antibody,enfortumab vedotin,master_DB_2022_Q4.json
NCT04617314,small_molecule,antibody-drug conjugate,master_DB_2022_Q4.json
NCT04795869,monoclonal_antibody,brentuximab vedotin,master_DB_2022_Q4.json
NCT05414500,monoclonal_antibody,brentuximab vedotin,master_DB_2022_Q4.json
NCT03505710,monoclonal_antibody,trastuzumab deruxtecan,master_DB_2022_Q4.json
NCT04986579,monoclonal_antibody,sacituzumab govitecan,master_DB_2022_Q4.json
NCT04132960,monoclonal_antibody,antibody drug conjugate,master_DB_2022_Q4.json
NCT02588651,monoclonal_antibody,brentuximab vedotin,master_DB_2022_Q4.json
NCT03198689,monoclonal_antibody,adcetris,master_DB_2022_Q4.json
NCT05357794,monoclonal_antibody,brentuximab vedotin,master_DB_2022_Q4.json
NCT05097599,small_molecule,trastuzumab deruxtecan,master_DB_2022_Q4.json
NCT05283330,small_molecule,immunoconjugate,master_DB_2022_Q4.json
NCT05048797,monoclonal_antibody,trastuzumab deruxtecan,master_DB_2022_Q4.json
NCT04928846,small_molecule,telisotuzumab vedotin,master_DB_2022_Q4.json
NCT03652441,monoclonal_antibody,brentuximab vedotin,master_DB_2022_Q4.json
NCT04784715,monoclonal_antibody,trastuzumab deruxtecan,master_DB_2022_Q4.json
NCT03575819,small_molecule,antibody-drug conjugate,master_DB_2022_Q4.json
NCT04695847,antibody_protein,antibody drug conjugate,master_DB_2022_Q4.json
NCT04686305,monoclonal_antibody,trastuzumab deruxtecan,master_DB_2022_Q4.json
NCT03828292,small_molecule,antibody drug conjugate,master_DB_2022_Q4.json
NCT04639986,oligonucleotide,sacituzumab govitecan,master_DB_2022_Q4.json
NCT05395533,antibody_protein,mmae,master_DB_2022_Q4.json
NCT05586061,monoclonal_antibody,disitamab vedotin,master_DB_2022_Q4.json
NCT04527991,small_molecule,sacituzumab govitecan,master_DB_2022_Q4.json
NCT03013933,monoclonal_antibody,brentuximab vedotin,master_DB_2022_Q4.json
NCT04441099,monoclonal_antibody,antibody drug conjugate,master_DB_2022_Q4.json
NCT05388500,monoclonal_antibody,trastuzumab emtansine,master_DB_2022_Q4.json
NCT04319198,monoclonal_antibody,sacituzumab govitecan,master_DB_2022_Q4.json
NCT04379596,monoclonal_antibody,trastuzumab deruxtecan,master_DB_2022_Q4.json
NCT04434040,monoclonal_antibody,sacituzumab govitecan,master_DB_2022_Q4.json
NCT03057795,monoclonal_antibody,brentuximab vedotin,master_DB_2022_Q4.json
NCT02448420,monoclonal_antibody,antibody-drug conjugate,master_DB_2022_Q4.json
NCT01494662,monoclonal_antibody,ado-trastuzumab,master_DB_2022_Q4.json
NCT04064359,antibody_protein,antibody-drug conjugate,master_DB_2022_Q4.json
NCT05169658,monoclonal_antibody,polatuzumab vedotin,master_DB_2022_Q4.json
NCT03677596,monoclonal_antibody,ozogamicin,master_DB_2022_Q4.json
NCT03671018,monoclonal_antibody,polatuzumab vedotin,master_DB_2022_Q4.json
NCT03606174,monoclonal_antibody,enfortumab vedotin,master_DB_2022_Q4.json
NCT04559230,monoclonal_antibody,sacituzumab govitecan,master_DB_2022_Q4.json
NCT03517137,monoclonal_antibody,brentuximab vedotin,master_DB_2022_Q4.json
NCT04561206,monoclonal_antibody,brentuximab vedotin,master_DB_2022_Q4.json
NCT01896999,monoclonal_antibody,brentuximab vedotin,master_DB_2022_Q4.json
NCT01664910,monoclonal_antibody,immunoconjugate,master_DB_2022_Q4.json
NCT03839446,monoclonal_antibody,ozogamicin,master_DB_2022_Q4.json
NCT05333809,monoclonal_antibody,disitamab vedotin,master_DB_2022_Q4.json
NCT05288777,monoclonal_antibody,t-dm1,master_DB_2022_Q4.json
NCT03576378,small_molecule,vedotin,master_DB_2022_Q4.json
NCT04454437,monoclonal_antibody,sacituzumab govitecan,master_DB_2022_Q4.json
NCT05493683,monoclonal_antibody,disitamab vedotin,master_DB_2022_Q4.json
NCT05356351,monoclonal_antibody,adc (weak),master_DB_2022_Q4.json
NCT04293562,monoclonal_antibody,ozogamicin,master_DB_2022_Q4.json
NCT05584709,small_molecule,antibody drug conjugate,master_DB_2022_Q4.json
NCT05245071,small_molecule,tusamitamab ravtansine,master_DB_2022_Q4.json
NCT03222492,monoclonal_antibody,brentuximab vedotin,master_DB_2022_Q4.json
NCT04410224,small_molecule,antibody-drug conjugate,master_DB_2022_Q4.json
NCT05222438,monoclonal_antibody,loncastuximab tesirine,master_DB_2022_Q4.json
NCT05408845,monoclonal_antibody,ado-trastuzumab,master_DB_2022_Q4.json
NCT04591431,monoclonal_antibody,trastuzumab emtansine,master_DB_2022_Q4.json
NCT04826341,monoclonal_antibody,sacituzumab govitecan,master_DB_2022_Q4.json
NCT04704661,small_molecule,trastuzumab deruxtecan,master_DB_2022_Q4.json
NCT04982224,monoclonal_antibody,antibody-drug conjugate,master_DB_2022_Q4.json
NCT05239624,monoclonal_antibody,enfortumab vedotin,master_DB_2022_Q4.json
NCT03971409,monoclonal_antibody,sacituzumab govitecan,master_DB_2022_Q4.json
NCT03262935,oligonucleotide,antibody-drug conjugate,master_DB_2022_Q4.json
NCT03835819,monoclonal_antibody,mirvetuximab soravtansine,master_DB_2022_Q4.json
NCT03913559,monoclonal_antibody,ozogamicin,master_DB_2022_Q4.json
NCT03587311,monoclonal_antibody,ravtansine,master_DB_2022_Q4.json
NCT01969643,monoclonal_antibody,vedotin,master_DB_2022_Q4.json
NCT02390427,monoclonal_antibody,trastuzumab emtansine,master_DB_2022_Q4.json
NCT01352520,monoclonal_antibody,brentuximab vedotin,master_DB_2022_Q4.json
NCT05633667,small_molecule,sacituzumab govitecan,master_DB_2022_Q4.json
NCT05367635,small_molecule,antibody drug conjugate,master_DB_2022_Q4.json
NCT05582499,small_molecule,antibody-drug conjugate,master_DB_2022_Q4.json
NCT03589729,monoclonal_antibody,ozogamicin,master_DB_2022_Q4.json
NCT03084939,monoclonal_antibody,trastuzumab emtansine,master_DB_2022_Q4.json
NCT05601401,monoclonal_antibody,mmae,master_DB_2022_Q4.json
NCT04556773,small_molecule,trastuzumab deruxtecan,master_DB_2022_Q4.json
NCT05609968,monoclonal_antibody,sacituzumab govitecan,master_DB_2022_Q4.json
NCT05603156,monoclonal_antibody,ozogamicin,master_DB_2022_Q4.json
NCT03820063,small_molecule,t-dm1,master_DB_2022_Q4.json
NCT02996825,small_molecule,soravtansine,master_DB_2022_Q4.json
NCT03409432,monoclonal_antibody,brentuximab vedotin,master_DB_2022_Q4.json
NCT03217643,monoclonal_antibody,brentuximab vedotin,master_DB_2022_Q4.json
NCT04274426,small_molecule,mirvetuximab soravtansine,master_DB_2022_Q4.json
NCT03274492,monoclonal_antibody,polatuzumab vedotin,master_DB_2022_Q4.json
NCT05144009,monoclonal_antibody,loncastuximab tesirine,master_DB_2022_Q4.json
NCT04822337,small_molecule,antibody drug conjugate,master_DB_2022_Q4.json
NCT02758717,monoclonal_antibody,brentuximab vedotin,master_DB_2022_Q4.json
NCT01565200,monoclonal_antibody,tdm1,master_DB_2022_Q4.json
NCT05464719,monoclonal_antibody,loncastuximab tesirine,master_DB_2022_Q4.json
NCT04914741,monoclonal_antibody,polatuzumab vedotin,master_DB_2022_Q4.json
NCT04225117,monoclonal_antibody,enfortumab vedotin,master_DB_2022_Q4.json
NCT04052997,monoclonal_antibody,tesirine,master_DB_2022_Q4.json
NCT04479267,monoclonal_antibody,polatuzumab vedotin,master_DB_2022_Q4.json
NCT05656235,monoclonal_antibody,enfortumab vedotin,master_DB_2022_Q4.json
NCT03833180,monoclonal_antibody,vedotin,master_DB_2022_Q4.json
NCT01042379,monoclonal_antibody,t-dm1,master_DB_2022_Q4.json
NCT05660395,monoclonal_antibody,loncastuximab tesirine,master_DB_2022_Q4.json
NCT05483933,small_molecule,mirvetuximab soravtansine,master_DB_2022_Q4.json
NCT05445778,monoclonal_antibody,mirvetuximab soravtansine,master_DB_2022_Q4.json
NCT05498220,monoclonal_antibody,polatuzumab vedotin,master_DB_2022_Q4.json
NCT05415215,monoclonal_antibody,trastuzumab emtansine,master_DB_2022_Q4.json
NCT05661357,monoclonal_antibody,disitamab vedotin,master_DB_2022_Q4.json
NCT05246514,monoclonal_antibody,trastuzumab deruxtecan,master_DB_2022_Q4.json
NCT05244473,monoclonal_antibody,brentuximab vedotin,master_DB_2022_Q4.json
NCT05186974,monoclonal_antibody,sacituzumab govitecan,master_DB_2022_Q4.json
NCT05183035,monoclonal_antibody,ozogamicin,master_DB_2022_Q4.json
NCT04995419,monoclonal_antibody,enfortumab vedotin,master_DB_2022_Q4.json
NCT04963153,monoclonal_antibody,enfortumab vedotin,master_DB_2022_Q4.json
NCT05338970,monoclonal_antibody,patritumab deruxtecan,master_DB_2022_Q4.json
NCT04739761,monoclonal_antibody,trastuzumab deruxtecan,master_DB_2022_Q4.json
NCT04644068,small_molecule,dxd,master_DB_2022_Q4.json
NCT04294628,monoclonal_antibody,trastuzumab deruxtecan,master_DB_2022_Q4.json
NCT04679012,monoclonal_antibody,polatuzumab vedotin,master_DB_2022_Q4.json
NCT04032704,monoclonal_antibody,vedotin,master_DB_2022_Q4.json
NCT03712202,monoclonal_antibody,brentuximab vedotin,master_DB_2022_Q4.json
NCT03547973,monoclonal_antibody,sacituzumab govitecan,master_DB_2022_Q4.json
NCT03316638,monoclonal_antibody,antibody-drug conjugate,master_DB_2022_Q4.json
NCT03288545,monoclonal_antibody,enfortumab vedotin,master_DB_2022_Q4.json
NCT02877303,monoclonal_antibody,ozogamicin,master_DB_2022_Q4.json
NCT05633654,oligonucleotide,sacituzumab govitecan,master_DB_2022_Q4.json
NCT05629585,monoclonal_antibody,datopotamab deruxtecan,master_DB_2022_Q4.json
NCT03190967,small_molecule,t-dm1,master_DB_2022_Q4.json
NCT05562830,monoclonal_antibody,vedotin,master_DB_2022_Q4.json
NCT05406401,monoclonal_antibody,vedotin,master_DB_2022_Q4.json
NCT05374512,oligonucleotide,datopotamab deruxtecan,master_DB_2022_Q4.json
NCT05171647,monoclonal_antibody,polatuzumab vedotin,master_DB_2022_Q4.json
NCT05144841,monoclonal_antibody,vedotin,master_DB_2022_Q4.json
NCT05458297,monoclonal_antibody,vedotin,master_DB_2022_Q4.json
NCT04958785,monoclonal_antibody,sacituzumab govitecan,master_DB_2022_Q4.json
NCT04931342,monoclonal_antibody,trastuzumab emtansine,master_DB_2022_Q4.json
NCT04700124,monoclonal_antibody,enfortumab vedotin,master_DB_2022_Q4.json
NCT04504916,monoclonal_antibody,vedotin,master_DB_2022_Q4.json
NCT03869190,monoclonal_antibody,enfortumab vedotin,master_DB_2022_Q4.json
NCT03533283,monoclonal_antibody,polatuzumab vedotin,master_DB_2022_Q4.json
NCT03474107,small_molecule,enfortumab vedotin,master_DB_2022_Q4.json
NCT05662904,monoclonal_antibody,ozogamicin,master_DB_2022_Q4.json
NCT05513703,monoclonal_antibody,telisotuzumab vedotin,master_DB_2022_Q4.json
NCT04685616,monoclonal_antibody,brentuximab vedotin,master_DB_2022_Q4.json
NCT05089734,small_molecule,sacituzumab govitecan,master_DB_2022_Q4.json
NCT03816358,monoclonal_antibody,ravtansine,master_DB_2022_Q4.json
NCT02465060,monoclonal_antibody,trastuzumab emtansine,master_DB_2022_Q4.json
NCT00658814,monoclonal_antibody,ozogamicin,master_DB_2022_Q4.json
NCT05564858,antibody_protein,antibody-drug conjugate,master_DB_2022_Q4.json
NCT03187210,monoclonal_antibody,brentuximab vedotin,master_DB_2022_Q4.json
NCT05316246,monoclonal_antibody,brentuximab vedotin,master_DB_2022_Q4.json
NCT05565807,monoclonal_antibody,antibody drug conjugate,master_DB_2022_Q4.json
NCT02326974,monoclonal_antibody,t-dm1,master_DB_2022_Q4.json
NCT03901339,oligonucleotide,sacituzumab govitecan,master_DB_2022_Q4.json
NCT03255070,small_molecule,antibody drug conjugate,master_DB_2022_Q4.json
NCT02927769,monoclonal_antibody,brentuximab vedotin,master_DB_2022_Q4.json
NCT05311397,small_molecule,antibody drug conjugate,master_DB_2022_Q4.json
NCT04662580,small_molecule,adc (weak),master_DB_2022_Q4.json
NCT05271604,small_molecule,vedotin,master_DB_2022_Q4.json
NCT05270057,monoclonal_antibody,loncastuximab tesirine,master_DB_2022_Q4.json
NCT03425279,small_molecule,antibody drug conjugate,master_DB_2022_Q4.json
NCT01703949,monoclonal_antibody,brentuximab vedotin,master_DB_2022_Q4.json
NCT04754191,monoclonal_antibody,enfortumab vedotin,master_DB_2022_Q4.json
NCT05595447,monoclonal_antibody,brentuximab vedotin,master_DB_2022_Q4.json
NCT04585958,small_molecule,trastuzumab deruxtecan,master_DB_2022_Q4.json
NCT03856216,monoclonal_antibody,ozogamicin,master_DB_2022_Q4.json
NCT02098512,monoclonal_antibody,brentuximab vedotin,master_DB_2022_Q4.json
NCT05205850,small_molecule,antibody-drug conjugate,master_DB_2022_Q4.json
NCT03500380,oligonucleotide,mmae,master_DB_2022_Q4.json
NCT03904251,monoclonal_antibody,ozogamicin,master_DB_2022_Q4.json
NCT03246750,monoclonal_antibody,brentuximab vedotin,master_DB_2022_Q4.json
NCT03441048,monoclonal_antibody,immunoconjugate,master_DB_2022_Q4.json
NCT04538742,monoclonal_antibody,trastuzumab deruxtecan,master_DB_2022_Q4.json
NCT05388149,small_molecule,kadcyla,master_DB_2022_Q4.json
NCT03677141,small_molecule,polatuzumab vedotin,master_DB_2022_Q4.json
NCT05016947,monoclonal_antibody,ozogamicin,master_DB_2022_Q4.json
NCT05123482,small_molecule,antibody drug conjugate,master_DB_2022_Q4.json
NCT03540849,monoclonal_antibody,brentuximab vedotin,master_DB_2022_Q4.json
NCT05199051,monoclonal_antibody,ozogamicin,master_DB_2022_Q4.json
NCT05139017,monoclonal_antibody,vedotin,master_DB_2022_Q4.json
NCT04385290,monoclonal_antibody,ozogamicin,master_DB_2022_Q4.json
NCT05577715,small_molecule,antibody-drug conjugate,master_DB_2022_Q4.json
NCT04223856,monoclonal_antibody,enfortumab vedotin,master_DB_2022_Q4.json
NCT03264131,monoclonal_antibody,brentuximab vedotin,master_DB_2022_Q4.json
NCT05041257,monoclonal_antibody,mirvetuximab soravtansine,master_DB_2022_Q4.json
NCT03233347,monoclonal_antibody,brentuximab vedotin,master_DB_2022_Q4.json
NCT04152499,small_molecule,antibody drug conjugate,master_DB_2022_Q4.json
NCT02616965,monoclonal_antibody,brentuximab vedotin,master_DB_2022_Q4.json
NCT05456698,monoclonal_antibody,ozogamicin,master_DB_2022_Q4.json
NCT03602079,small_molecule,antibody drug conjugate,master_DB_2022_Q4.json
NCT04681131,small_molecule,antibody drug conjugate,master_DB_2022_Q4.json
NCT04790903,monoclonal_antibody,polatuzumab vedotin,master_DB_2022_Q4.json
NCT04182204,monoclonal_antibody,polatuzumab vedotin,master_DB_2022_Q4.json
NCT03401385,monoclonal_antibody,datopotamab deruxtecan,master_DB_2022_Q4.json
NCT03944772,monoclonal_antibody,datopotamab deruxtecan,master_DB_2022_Q4.json
NCT05456685,monoclonal_antibody,mirvetuximab soravtansine,master_DB_2023_Q4.json
NCT05372614,monoclonal_antibody,trastuzumab deruxtecan,master_DB_2023_Q4.json
NCT05246514,monoclonal_antibody,trastuzumab deruxtecan,master_DB_2023_Q4.json
NCT05144009,monoclonal_antibody,loncastuximab tesirine,master_DB_2023_Q4.json
NCT04553770,monoclonal_antibody,trastuzumab deruxtecan,master_DB_2023_Q4.json
NCT04617314,small_molecule,antibody-drug conjugate,master_DB_2023_Q4.json
NCT03587311,monoclonal_antibody,ravtansine,master_DB_2023_Q4.json
NCT05404945,monoclonal_antibody,brentuximab vedotin,master_DB_2023_Q4.json
NCT04280341,monoclonal_antibody,mmae,master_DB_2023_Q4.json
NCT05308225,monoclonal_antibody,antibody drug conjugate,master_DB_2023_Q4.json
NCT04747912,monoclonal_antibody,ozogamicin,master_DB_2023_Q4.json
NCT05795101,monoclonal_antibody,trastuzumab deruxtecan,master_DB_2023_Q4.json
NCT05186974,monoclonal_antibody,sacituzumab govitecan,master_DB_2023_Q4.json
NCT06001086,small_molecule,vedotin,master_DB_2023_Q4.json
NCT05547321,monoclonal_antibody,antibody-drug conjugate,master_DB_2023_Q4.json
NCT06000033,monoclonal_antibody,disitamab vedotin,master_DB_2023_Q4.json
NCT03374332,monoclonal_antibody,ozogamicin,master_DB_2023_Q4.json
NCT04378647,monoclonal_antibody,brentuximab vedotin,master_DB_2023_Q4.json
NCT05006664,small_molecule,brentuximab vedotin,master_DB_2023_Q4.json
NCT03709082,monoclonal_antibody,t-dm1,master_DB_2023_Q4.json
NCT05940896,monoclonal_antibody,disitamab vedotin,master_DB_2023_Q4.json
NCT05756569,monoclonal_antibody,enfortumab vedotin,master_DB_2023_Q4.json
NCT05675579,monoclonal_antibody,sacituzumab govitecan,master_DB_2023_Q4.json
NCT05123482,small_molecule,antibody drug conjugate,master_DB_2023_Q4.json
NCT04240704,small_molecule,antibody-drug conjugate,master_DB_2023_Q4.json
NCT05601401,monoclonal_antibody,mmae,master_DB_2023_Q4.json
NCT03500380,small_molecule,mmae,master_DB_2023_Q4.json
NCT05953168,monoclonal_antibody,trastuzumab deruxtecan,master_DB_2023_Q4.json
NCT05586061,monoclonal_antibody,disitamab vedotin,master_DB_2023_Q4.json
NCT02326974,monoclonal_antibody,t-dm1,master_DB_2023_Q4.json
NCT05053659,monoclonal_antibody,loncastuximab tesirine,master_DB_2023_Q4.json
NCT03734029,monoclonal_antibody,antibody drug conjugate,master_DB_2023_Q4.json
NCT04596150,monoclonal_antibody,ravtansine,master_DB_2023_Q4.json
NCT02661503,monoclonal_antibody,brentuximab vedotin,master_DB_2023_Q4.json
NCT02226276,monoclonal_antibody,antibody drug conjugate,master_DB_2023_Q4.json
NCT05737615,radiopharmaceutical,immunoconjugate,master_DB_2023_Q4.json
NCT04914741,monoclonal_antibody,polatuzumab vedotin,master_DB_2023_Q4.json
NCT05016947,monoclonal_antibody,ozogamicin,master_DB_2023_Q4.json
NCT05577715,monoclonal_antibody,antibody-drug conjugate,master_DB_2023_Q4.json
NCT05593094,monoclonal_antibody,t-dm1,master_DB_2023_Q4.json
NCT06036121,small_molecule,antibody drug conjugate,master_DB_2023_Q4.json
NCT06040970,monoclonal_antibody,sacituzumab govitecan,master_DB_2023_Q4.json
NCT06038396,monoclonal_antibody,antibody-drug conjugate,master_DB_2023_Q4.json
NCT03544281,small_molecule,antibody-drug conjugate,master_DB_2023_Q4.json
NCT05442554,monoclonal_antibody,brentuximab vedotin,master_DB_2023_Q4.json
NCT06104618,small_molecule,enfortumab vedotin,master_DB_2023_Q4.json
NCT06028932,monoclonal_antibody,sacituzumab govitecan,master_DB_2023_Q4.json
NCT01909934,monoclonal_antibody,brentuximab vedotin,master_DB_2023_Q4.json
NCT05831878,monoclonal_antibody,disitamab vedotin,master_DB_2023_Q4.json
NCT06015880,monoclonal_antibody,polatuzumab vedotin,master_DB_2023_Q4.json
NCT05948865,monoclonal_antibody,antibody-drug conjugate,master_DB_2023_Q4.json
NCT05840211,oligonucleotide,sacituzumab govitecan,master_DB_2023_Q4.json
NCT05288777,small_molecule,t-dm1,master_DB_2023_Q4.json
NCT05744375,monoclonal_antibody,trastuzumab deruxtecan,master_DB_2023_Q4.json
NCT03995706,monoclonal_antibody,sacituzumab govitecan,master_DB_2023_Q4.json
NCT02099058,monoclonal_antibody,antibody drug conjugate,master_DB_2023_Q4.json
NCT05661357,monoclonal_antibody,disitamab vedotin,master_DB_2023_Q4.json
NCT05483933,small_molecule,mirvetuximab soravtansine,master_DB_2023_Q4.json
NCT05143229,monoclonal_antibody,sacituzumab govitecan,master_DB_2023_Q4.json
NCT04928846,small_molecule,telisotuzumab vedotin,master_DB_2023_Q4.json
NCT04685616,biologic,brentuximab vedotin,master_DB_2023_Q4.json
NCT04439110,monoclonal_antibody,ado-trastuzumab,master_DB_2023_Q4.json
NCT04739761,monoclonal_antibody,trastuzumab deruxtecan,master_DB_2023_Q4.json
NCT03246750,monoclonal_antibody,brentuximab vedotin,master_DB_2023_Q4.json
NCT04486352,monoclonal_antibody,trastuzumab emtansine,master_DB_2023_Q4.json
NCT03964727,monoclonal_antibody,sacituzumab govitecan,master_DB_2023_Q4.json
NCT05456698,monoclonal_antibody,ozogamicin,master_DB_2023_Q4.json
NCT03310957,monoclonal_antibody,vedotin,master_DB_2023_Q4.json
NCT00801489,monoclonal_antibody,ozogamicin,master_DB_2023_Q4.json
NCT04924699,small_molecule,trastuzumab emtansine,master_DB_2023_Q4.json
NCT05115500,monoclonal_antibody,antibody-drug conjugate,master_DB_2023_Q4.json
NCT01371630,monoclonal_antibody,ozogamicin,master_DB_2023_Q4.json
NCT05113966,monoclonal_antibody,sacituzumab govitecan,master_DB_2023_Q4.json
NCT05582499,biologic,antibody-drug conjugate,master_DB_2023_Q4.json
NCT04986579,monoclonal_antibody,sacituzumab govitecan,master_DB_2023_Q4.json
NCT04724018,monoclonal_antibody,sacituzumab govitecan,master_DB_2023_Q4.json
NCT05190705,monoclonal_antibody,loncastuximab tesirine,master_DB_2023_Q4.json
NCT05982678,monoclonal_antibody,deruxtecan,master_DB_2023_Q4.json
NCT04398914,monoclonal_antibody,t-dm1,master_DB_2023_Q4.json
NCT05603156,monoclonal_antibody,ozogamicin,master_DB_2023_Q4.json
NCT06093503,small_molecule,telisotuzumab vedotin,master_DB_2023_Q4.json
NCT05367635,small_molecule,antibody drug conjugate,master_DB_2023_Q4.json
NCT05560308,monoclonal_antibody,trastuzumab emtansine,master_DB_2023_Q4.json
NCT05238831,monoclonal_antibody,trastuzumab emtansine,master_DB_2023_Q4.json
NCT01494662,monoclonal_antibody,ado-trastuzumab,master_DB_2023_Q4.json
NCT04539938,monoclonal_antibody,trastuzumab deruxtecan,master_DB_2023_Q4.json
NCT05495724,monoclonal_antibody,disitamab vedotin,master_DB_2023_Q4.json
NCT06126640,monoclonal_antibody,trastuzumab emtansine,master_DB_2023_Q4.json
NCT06040320,monoclonal_antibody,polatuzumab vedotin,master_DB_2023_Q4.json
NCT05833867,monoclonal_antibody,sacituzumab govitecan,master_DB_2023_Q4.json
NCT06014658,antibody_protein,auristatin,master_DB_2023_Q4.json
NCT05770531,monoclonal_antibody,sacituzumab govitecan,master_DB_2023_Q4.json
NCT05749588,monoclonal_antibody,antibody-drug conjugate,master_DB_2023_Q4.json
NCT06123468,monoclonal_antibody,govitecan,master_DB_2023_Q4.json
NCT05599360,monoclonal_antibody,ozogamicin,master_DB_2023_Q4.json
NCT05513703,monoclonal_antibody,telisotuzumab vedotin,master_DB_2023_Q4.json
NCT05199051,oligonucleotide,ozogamicin,master_DB_2023_Q4.json
NCT05429762,small_molecule,tusamitamab ravtansine,master_DB_2023_Q4.json
NCT03913559,monoclonal_antibody,ozogamicin,master_DB_2023_Q4.json
NCT03835819,monoclonal_antibody,mirvetuximab soravtansine,master_DB_2023_Q4.json
NCT03832361,monoclonal_antibody,mirvetuximab soravtansine,master_DB_2023_Q4.json
NCT03828292,small_molecule,antibody drug conjugate,master_DB_2023_Q4.json
NCT03337698,monoclonal_antibody,sacituzumab govitecan,master_DB_2023_Q4.json
NCT03869190,monoclonal_antibody,enfortumab vedotin,master_DB_2023_Q4.json
NCT01772472,monoclonal_antibody,trastuzumab emtansine,master_DB_2023_Q4.json
NCT04829604,small_molecule,t-dxd,master_DB_2023_Q4.json
NCT06088056,small_molecule,t-dxd,master_DB_2023_Q4.json
NCT04251416,monoclonal_antibody,sacituzumab govitecan,master_DB_2023_Q4.json
NCT04307576,monoclonal_antibody,ozogamicin,master_DB_2023_Q4.json
NCT02981628,monoclonal_antibody,ozogamicin,master_DB_2023_Q4.json
NCT03288545,monoclonal_antibody,enfortumab vedotin,master_DB_2023_Q4.json
NCT01868451,monoclonal_antibody,brentuximab vedotin,master_DB_2023_Q4.json
NCT05376878,monoclonal_antibody,trastuzumab deruxtecan,master_DB_2023_Q4.json
NCT06081244,monoclonal_antibody,sacituzumab govitecan,master_DB_2023_Q4.json
NCT04639986,monoclonal_antibody,sacituzumab govitecan,master_DB_2023_Q4.json
NCT04323956,monoclonal_antibody,polatuzumab vedotin,master_DB_2023_Q4.json
NCT02744612,monoclonal_antibody,brentuximab vedotin,master_DB_2023_Q4.json
NCT03564678,small_molecule,ozogamicin,master_DB_2023_Q4.json
NCT01771107,monoclonal_antibody,brentuximab vedotin,master_DB_2023_Q4.json
NCT05994001,monoclonal_antibody,adc (weak),master_DB_2023_Q4.json
NCT05296070,monoclonal_antibody,loncastuximab tesirine,master_DB_2023_Q4.json
NCT05755048,monoclonal_antibody,t-dm1,master_DB_2023_Q4.json
NCT05594095,biologic,adc (weak),master_DB_2023_Q4.json
NCT05041257,monoclonal_antibody,mirvetuximab soravtansine,master_DB_2023_Q4.json
NCT05320588,monoclonal_antibody,antibody-drug conjugate,master_DB_2023_Q4.json
NCT02568839,monoclonal_antibody,trastuzumab emtansine,master_DB_2023_Q4.json
NCT06172127,monoclonal_antibody,trastuzumab deruxtecan,master_DB_2023_Q4.json
NCT06172478,monoclonal_antibody,patritumab deruxtecan,master_DB_2023_Q4.json
NCT06085755,monoclonal_antibody,trastuzumab deruxtecan,master_DB_2023_Q4.json
NCT05884320,monoclonal_antibody,sacituzumab govitecan,master_DB_2023_Q4.json
NCT05868226,monoclonal_antibody,trastuzumab deruxtecan,master_DB_2023_Q4.json
NCT05327530,monoclonal_antibody,sacituzumab govitecan,master_DB_2023_Q4.json
NCT05797168,small_molecule,antibody-drug conjugate,master_DB_2023_Q4.json
NCT05687032,monoclonal_antibody,ozogamicin,master_DB_2023_Q4.json
NCT04569032,monoclonal_antibody,brentuximab vedotin,master_DB_2023_Q4.json
NCT04225117,monoclonal_antibody,enfortumab vedotin,master_DB_2023_Q4.json
NCT04404283,monoclonal_antibody,brentuximab vedotin,master_DB_2023_Q4.json
NCT05498220,monoclonal_antibody,polatuzumab vedotin,master_DB_2023_Q4.json
NCT05302284,small_molecule,adc (weak),master_DB_2023_Q4.json
NCT04524689,monoclonal_antibody,tusamitamab ravtansine,master_DB_2023_Q4.json
NCT04619004,monoclonal_antibody,patritumab deruxtecan,master_DB_2023_Q4.json
NCT04410224,small_molecule,antibody-drug conjugate,master_DB_2023_Q4.json
NCT05785325,monoclonal_antibody,adc (weak),master_DB_2023_Q4.json
NCT02877303,monoclonal_antibody,ozogamicin,master_DB_2023_Q4.json
NCT01508312,monoclonal_antibody,brentuximab vedotin,master_DB_2023_Q4.json
NCT04526691,monoclonal_antibody,datopotamab deruxtecan,master_DB_2023_Q4.json
NCT03409432,monoclonal_antibody,brentuximab vedotin,master_DB_2023_Q4.json
NCT05955261,oligonucleotide,ozogamicin,master_DB_2023_Q4.json
NCT02734771,monoclonal_antibody,brentuximab vedotin,master_DB_2023_Q4.json
NCT05673928,monoclonal_antibody,ado-trastuzumab,master_DB_2023_Q4.json
NCT04965766,monoclonal_antibody,patritumab deruxtecan,master_DB_2023_Q4.json
NCT04152499,small_molecule,antibody drug conjugate,master_DB_2023_Q4.json
NCT06065371,oligonucleotide,sacituzumab govitecan,master_DB_2023_Q4.json
NCT04591431,monoclonal_antibody,trastuzumab emtansine,master_DB_2023_Q4.json
NCT05652855,small_molecule,adc (weak),master_DB_2023_Q4.json
NCT05293496,monoclonal_antibody,antibody drug conjugate,master_DB_2023_Q4.json
NCT03539536,monoclonal_antibody,telisotuzumab vedotin,master_DB_2023_Q4.json
NCT06161025,small_molecule,deruxtecan,master_DB_2023_Q4.json
NCT06155383,monoclonal_antibody,disitamab vedotin,master_DB_2023_Q4.json
NCT05215340,monoclonal_antibody,dato-dxd,master_DB_2023_Q4.json
NCT05183035,oligonucleotide,ozogamicin,master_DB_2023_Q4.json
NCT04826341,monoclonal_antibody,sacituzumab govitecan,master_DB_2023_Q4.json
NCT04740918,monoclonal_antibody,trastuzumab emtansine,master_DB_2023_Q4.json
NCT05388500,monoclonal_antibody,trastuzumab emtansine,master_DB_2023_Q4.json
NCT04182204,monoclonal_antibody,polatuzumab vedotin,master_DB_2023_Q4.json
NCT06178159,monoclonal_antibody,disitamab vedotin,master_DB_2023_Q4.json
NCT06176729,monoclonal_antibody,polatuzumab vedotin,master_DB_2023_Q4.json
NCT03505710,monoclonal_antibody,trastuzumab deruxtecan,master_DB_2023_Q4.json
NCT05887609,monoclonal_antibody,mirvetuximab soravtansine,master_DB_2023_Q4.json
NCT05629585,monoclonal_antibody,datopotamab deruxtecan,master_DB_2023_Q4.json
NCT05922904,monoclonal_antibody,brentuximab vedotin,master_DB_2023_Q4.json
NCT05633667,monoclonal_antibody,sacituzumab govitecan,master_DB_2023_Q4.json
NCT05217693,small_molecule,adc (weak),master_DB_2023_Q4.json
NCT05313243,monoclonal_antibody,brentuximab vedotin,master_DB_2023_Q4.json
NCT04958785,monoclonal_antibody,sacituzumab govitecan,master_DB_2023_Q4.json
NCT05613088,monoclonal_antibody,antibody-drug conjugate,master_DB_2023_Q4.json
NCT04329429,small_molecule,antibody-drug conjugate,master_DB_2023_Q4.json
NCT04319198,monoclonal_antibody,sacituzumab govitecan,master_DB_2023_Q4.json
NCT04294628,small_molecule,trastuzumab deruxtecan,master_DB_2023_Q4.json
NCT04970901,monoclonal_antibody,loncastuximab tesirine,master_DB_2023_Q4.json
NCT05311397,small_molecule,antibody drug conjugate,master_DB_2023_Q4.json
NCT05564858,monoclonal_antibody,antibody-drug conjugate,master_DB_2023_Q4.json
NCT05200364,monoclonal_antibody,antibody drug conjugate,master_DB_2023_Q4.json
NCT05982834,monoclonal_antibody,disitamab vedotin,master_DB_2023_Q4.json
NCT05904106,oligonucleotide,ozogamicin,master_DB_2023_Q4.json
NCT04385290,monoclonal_antibody,ozogamicin,master_DB_2023_Q4.json
NCT03104491,monoclonal_antibody,ozogamicin,master_DB_2023_Q4.json
NCT04639219,monoclonal_antibody,trastuzumab deruxtecan,master_DB_2023_Q4.json
NCT05350917,monoclonal_antibody,vedotin,master_DB_2023_Q4.json
NCT04587687,monoclonal_antibody,brentuximab vedotin,master_DB_2023_Q4.json
NCT05866432,monoclonal_antibody,deruxtecan,master_DB_2023_Q4.json
NCT05498597,monoclonal_antibody,antibody-drug conjugate,master_DB_2023_Q4.json
NCT05270057,monoclonal_antibody,loncastuximab tesirine,master_DB_2023_Q4.json
NCT05283330,small_molecule,immunoconjugate,master_DB_2023_Q4.json
NCT04595565,small_molecule,sacituzumab govitecan,master_DB_2023_Q4.json
NCT05627414,small_molecule,disitamab vedotin,master_DB_2023_Q4.json
NCT01409161,small_molecule,ozogamicin,master_DB_2023_Q4.json
NCT06103864,monoclonal_antibody,datopotamab deruxtecan,master_DB_2023_Q4.json
NCT05406401,monoclonal_antibody,vedotin,master_DB_2023_Q4.json
NCT05357794,monoclonal_antibody,brentuximab vedotin,master_DB_2023_Q4.json
NCT05633979,monoclonal_antibody,trastuzumab deruxtecan,master_DB_2023_Q4.json
NCT03820063,small_molecule,t-dm1,master_DB_2023_Q4.json
NCT04617522,monoclonal_antibody,sacituzumab govitecan,master_DB_2023_Q4.json
NCT04606914,monoclonal_antibody,mirvetuximab soravtansine,master_DB_2023_Q4.json
NCT03856216,monoclonal_antibody,ozogamicin,master_DB_2023_Q4.json
NCT02390427,monoclonal_antibody,trastuzumab emtansine,master_DB_2023_Q4.json
NCT03900949,oligonucleotide,ozogamicin,master_DB_2023_Q4.json
NCT05565807,monoclonal_antibody,antibody drug conjugate,master_DB_2023_Q4.json
NCT04231877,monoclonal_antibody,polatuzumab vedotin,master_DB_2023_Q4.json
NCT05775471,monoclonal_antibody,enfortumab vedotin,master_DB_2023_Q4.json
NCT04704661,monoclonal_antibody,trastuzumab deruxtecan,master_DB_2023_Q4.json
NCT05338970,monoclonal_antibody,patritumab deruxtecan,master_DB_2023_Q4.json
NCT04878029,small_molecule,enfortumab vedotin,master_DB_2023_Q4.json
NCT04679012,monoclonal_antibody,polatuzumab vedotin,master_DB_2023_Q4.json
NCT03568994,monoclonal_antibody,ozogamicin,master_DB_2023_Q4.json
NCT03441048,oligonucleotide,immunoconjugate,master_DB_2023_Q4.json
NCT03255070,small_molecule,antibody drug conjugate,master_DB_2023_Q4.json
NCT05645718,monoclonal_antibody,ozogamicin,master_DB_2023_Q4.json
NCT01565200,monoclonal_antibody,tdm1,master_DB_2023_Q4.json
NCT04036461,small_molecule,antibody-drug conjugate,master_DB_2023_Q4.json
NCT05966233,monoclonal_antibody,polatuzumab vedotin,master_DB_2023_Q4.json
NCT05922501,small_molecule,antibody-drug conjugate,master_DB_2023_Q4.json
NCT05578287,monoclonal_antibody,disitamab vedotin,master_DB_2023_Q4.json
NCT05113251,monoclonal_antibody,trastuzumab deruxtecan,master_DB_2023_Q4.json
NCT05089734,small_molecule,sacituzumab govitecan,master_DB_2023_Q4.json
NCT04745949,monoclonal_antibody,brentuximab vedotin,master_DB_2023_Q4.json
NCT04700124,monoclonal_antibody,enfortumab vedotin,master_DB_2023_Q4.json
NCT04940325,monoclonal_antibody,antibody-drug conjugate,master_DB_2023_Q4.json
NCT04132960,monoclonal_antibody,antibody drug conjugate,master_DB_2023_Q4.json
NCT05824325,monoclonal_antibody,antibody-drug conjugate,master_DB_2023_Q4.json
NCT04913103,monoclonal_antibody,vedotin,master_DB_2023_Q4.json
NCT05904964,monoclonal_antibody,disitamab vedotin,master_DB_2023_Q4.json
NCT05955209,monoclonal_antibody,disitamab vedotin,master_DB_2023_Q4.json
NCT04189614,small_molecule,antibody drug conjugate,master_DB_2023_Q4.json
NCT06058988,monoclonal_antibody,trastuzumab deruxtecan,master_DB_2023_Q4.json
NCT05489211,monoclonal_antibody,datopotamab deruxtecan,master_DB_2023_Q4.json
NCT05071053,monoclonal_antibody,tusamitamab ravtansine,master_DB_2023_Q4.json
NCT06015113,monoclonal_antibody,disitamab vedotin,master_DB_2023_Q4.json
NCT05445778,monoclonal_antibody,mirvetuximab soravtansine,master_DB_2023_Q4.json
NCT05720533,monoclonal_antibody,disitamab vedotin,master_DB_2023_Q4.json
NCT04873362,monoclonal_antibody,trastuzumab emtansine,master_DB_2023_Q4.json
NCT04659603,small_molecule,tusamitamab ravtansine,master_DB_2023_Q4.json
NCT04448886,monoclonal_antibody,sacituzumab govitecan,master_DB_2023_Q4.json
NCT04454437,monoclonal_antibody,sacituzumab govitecan,master_DB_2023_Q4.json
NCT04589845,monoclonal_antibody,trastuzumab emtansine,master_DB_2023_Q4.json
NCT05488353,monoclonal_antibody,disitamab vedotin,master_DB_2023_Q4.json
NCT00781612,monoclonal_antibody,trastuzumab emtansine,master_DB_2023_Q4.json
NCT05514158,monoclonal_antibody,disitamab vedotin,master_DB_2023_Q4.json
NCT05535218,monoclonal_antibody,sacituzumab govitecan,master_DB_2023_Q4.json
NCT05765851,monoclonal_antibody,t-dxd,master_DB_2023_Q4.json
NCT04844866,monoclonal_antibody,polatuzumab vedotin,master_DB_2023_Q4.json
NCT05894824,monoclonal_antibody,t-dxd,master_DB_2023_Q4.json
NCT05673785,small_molecule,brentuximab vedotin,master_DB_2023_Q4.json
NCT06174987,monoclonal_antibody,t-dxd,master_DB_2023_Q4.json
NCT05872295,monoclonal_antibody,antibody drug conjugate,master_DB_2023_Q4.json
NCT05609968,monoclonal_antibody,sacituzumab govitecan,master_DB_2023_Q4.json
NCT05458297,monoclonal_antibody,vedotin,master_DB_2023_Q4.json
NCT05205850,small_molecule,antibody-drug conjugate,master_DB_2023_Q4.json
NCT05006794,monoclonal_antibody,sacituzumab govitecan,master_DB_2023_Q4.json
NCT05414500,monoclonal_antibody,brentuximab vedotin,master_DB_2023_Q4.json
NCT04879329,monoclonal_antibody,disitamab vedotin,master_DB_2023_Q4.json
NCT04697628,small_molecule,tisotumab vedotin,master_DB_2023_Q4.json
NCT04676477,monoclonal_antibody,her3-dxd,master_DB_2023_Q4.json
NCT03975647,small_molecule,ado-trastuzumab,master_DB_2023_Q4.json
NCT06087419,monoclonal_antibody,ozogamicin,master_DB_2023_Q4.json
NCT04197687,monoclonal_antibody,trastuzumab emtansine,master_DB_2023_Q4.json
NCT03739814,monoclonal_antibody,ozogamicin,master_DB_2023_Q4.json
NCT05900206,monoclonal_antibody,trastuzumab deruxtecan,master_DB_2023_Q4.json
NCT03671018,monoclonal_antibody,polatuzumab vedotin,master_DB_2023_Q4.json
NCT04659044,monoclonal_antibody,polatuzumab vedotin,master_DB_2023_Q4.json
NCT05898373,small_molecule,mmae,master_DB_2023_Q4.json
NCT06125834,monoclonal_antibody,trastuzumab emtansine,master_DB_2023_Q4.json
NCT05650879,monoclonal_antibody,trastuzumab deruxtecan,master_DB_2023_Q4.json
NCT05552001,monoclonal_antibody,sacituzumab govitecan,master_DB_2023_Q4.json
NCT04254107,monoclonal_antibody,brentuximab vedotin,master_DB_2023_Q4.json
NCT04494425,monoclonal_antibody,trastuzumab deruxtecan,master_DB_2023_Q4.json
NCT05941507,monoclonal_antibody,antibody-drug conjugate,master_DB_2023_Q4.json
NCT05243693,monoclonal_antibody,brentuximab vedotin,master_DB_2023_Q4.json
NCT04316442,small_molecule,antibody drug conjugate,master_DB_2023_Q4.json
NCT02684292,monoclonal_antibody,brentuximab vedotin,master_DB_2023_Q4.json
NCT06154343,small_molecule,antibody drug conjugate,master_DB_2023_Q4.json
NCT04622774,monoclonal_antibody,antibody drug conjugate,master_DB_2023_Q4.json
NCT05555732,monoclonal_antibody,datopotamab deruxtecan,master_DB_2023_Q4.json
NCT05034887,monoclonal_antibody,trastuzumab deruxtecan,master_DB_2023_Q4.json
NCT03552471,small_molecule,mirvetuximab soravtansine,master_DB_2023_Q4.json
NCT05374512,small_molecule,datopotamab deruxtecan,master_DB_2023_Q4.json
NCT04995419,monoclonal_antibody,enfortumab vedotin,master_DB_2023_Q4.json
NCT04790903,monoclonal_antibody,polatuzumab vedotin,master_DB_2023_Q4.json
NCT04538742,monoclonal_antibody,trastuzumab deruxtecan,master_DB_2023_Q4.json
NCT03517137,small_molecule,brentuximab vedotin,master_DB_2023_Q4.json
NCT04064359,antibody_protein,antibody-drug conjugate,master_DB_2023_Q4.json
NCT05716009,monoclonal_antibody,ozogamicin,master_DB_2023_Q4.json
NCT03523585,monoclonal_antibody,trastuzumab deruxtecan,master_DB_2023_Q4.json
NCT02314481,monoclonal_antibody,trastuzumab emtansine,master_DB_2023_Q4.json
NCT05917158,small_molecule,disitamab vedotin,master_DB_2023_Q4.json
NCT05991388,monoclonal_antibody,loncastuximab tesirine,master_DB_2023_Q4.json
NCT04332822,monoclonal_antibody,vedotin,master_DB_2023_Q4.json
NCT04647916,monoclonal_antibody,sacituzumab govitecan,master_DB_2023_Q4.json
NCT04468061,monoclonal_antibody,sacituzumab govitecan,master_DB_2023_Q4.json
NCT05313906,monoclonal_antibody,disitamab vedotin,master_DB_2023_Q4.json
NCT05633615,monoclonal_antibody,polatuzumab vedotin,master_DB_2023_Q4.json
NCT05912205,monoclonal_antibody,disitamab vedotin,master_DB_2023_Q4.json
NCT05039073,monoclonal_antibody,brentuximab vedotin,master_DB_2023_Q4.json
NCT05316246,monoclonal_antibody,brentuximab vedotin,master_DB_2023_Q4.json
NCT04610528,monoclonal_antibody,antibody-drug conjugate,master_DB_2023_Q4.json
NCT04527991,monoclonal_antibody,sacituzumab govitecan,master_DB_2023_Q4.json
NCT04434040,monoclonal_antibody,sacituzumab govitecan,master_DB_2023_Q4.json
NCT04266249,monoclonal_antibody,trastuzumab emtansine,master_DB_2023_Q4.json
NCT05979740,monoclonal_antibody,disitamab vedotin,master_DB_2023_Q4.json
NCT03113500,monoclonal_antibody,brentuximab vedotin,master_DB_2023_Q4.json
NCT02616965,monoclonal_antibody,brentuximab vedotin,master_DB_2023_Q4.json
NCT03007030,monoclonal_antibody,adcetris,master_DB_2023_Q4.json
NCT05524545,monoclonal_antibody,enfortumab vedotin,master_DB_2023_Q4.json
NCT03013933,monoclonal_antibody,brentuximab vedotin,master_DB_2023_Q4.json
NCT04381832,small_molecule,sacituzumab govitecan,master_DB_2023_Q4.json
NCT03587740,monoclonal_antibody,ado-trastuzumab,master_DB_2023_Q4.json
NCT05169658,monoclonal_antibody,polatuzumab vedotin,master_DB_2023_Q4.json
NCT03249870,monoclonal_antibody,ozogamicin,master_DB_2023_Q4.json
NCT03529110,monoclonal_antibody,trastuzumab deruxtecan,master_DB_2023_Q4.json
NCT04207190,small_molecule,ozogamicin,master_DB_2023_Q4.json
NCT05113459,monoclonal_antibody,disitamab vedotin,master_DB_2023_Q4.json
NCT05134519,monoclonal_antibody,mmae,master_DB_2023_Q4.json
NCT01920932,small_molecule,adcetris,master_DB_2023_Q4.json
NCT05016973,monoclonal_antibody,adc (weak),master_DB_2023_Q4.json
NCT03525678,monoclonal_antibody,antibody drug conjugate,master_DB_2023_Q4.json
NCT05279300,monoclonal_antibody,antibody drug conjugate,master_DB_2023_Q4.json
NCT05119907,monoclonal_antibody,sacituzumab govitecan,master_DB_2023_Q4.json
NCT04585958,monoclonal_antibody,trastuzumab deruxtecan,master_DB_2023_Q4.json
NCT05540483,small_molecule,disitamab vedotin,master_DB_2023_Q4.json
NCT03032107,monoclonal_antibody,t-dm1,master_DB_2023_Q4.json
NCT05865990,monoclonal_antibody,her3-dxd,master_DB_2023_Q4.json
NCT06052423,small_molecule,antibody-drug conjugate,master_DB_2023_Q4.json
NCT04754191,monoclonal_antibody,enfortumab vedotin,master_DB_2023_Q4.json
NCT05097599,monoclonal_antibody,trastuzumab deruxtecan,master_DB_2023_Q4.json
NCT04168502,monoclonal_antibody,ozogamicin,master_DB_2023_Q4.json
NCT05704829,monoclonal_antibody,deruxtecan,master_DB_2023_Q4.json
NCT04983121,antibody_protein,antibody-drug conjugate,master_DB_2023_Q4.json
NCT06115902,small_molecule,antibody-drug conjugate,master_DB_2023_Q4.json
NCT05980481,monoclonal_antibody,adc (weak),master_DB_2023_Q4.json
NCT06105008,monoclonal_antibody,disitamab vedotin,master_DB_2023_Q4.json
NCT05710666,monoclonal_antibody,trastuzumab deruxtecan,master_DB_2023_Q4.json
NCT05672251,monoclonal_antibody,loncastuximab tesirine,master_DB_2023_Q4.json
NCT05965479,monoclonal_antibody,trastuzumab deruxtecan,master_DB_2023_Q4.json
NCT04982224,monoclonal_antibody,antibody-drug conjugate,master_DB_2023_Q4.json
NCT03424603,monoclonal_antibody,antibody drug conjugate,master_DB_2023_Q4.json
NCT05600686,monoclonal_antibody,loncastuximab tesirine,master_DB_2023_Q4.json
NCT04609566,monoclonal_antibody,brentuximab vedotin,master_DB_2023_Q4.json
NCT05562830,monoclonal_antibody,vedotin,master_DB_2023_Q4.json
NCT02191930,monoclonal_antibody,brentuximab vedotin,master_DB_2023_Q4.json
NCT04989816,monoclonal_antibody,trastuzumab deruxtecan,master_DB_2023_Q4.json
NCT04665765,monoclonal_antibody,polatuzumab vedotin,master_DB_2023_Q4.json
NCT03742102,monoclonal_antibody,trastuzumab deruxtecan,master_DB_2023_Q4.json
NCT06133517,monoclonal_antibody,sacituzumab govitecan,master_DB_2023_Q4.json
NCT05868265,monoclonal_antibody,enfortumab vedotin,master_DB_2023_Q4.json
NCT04822337,small_molecule,antibody drug conjugate,master_DB_2023_Q4.json
NCT04561206,monoclonal_antibody,brentuximab vedotin,master_DB_2023_Q4.json
NCT05652868,monoclonal_antibody,antibody-drug conjugate,master_DB_2023_Q4.json
NCT04644237,monoclonal_antibody,trastuzumab deruxtecan,master_DB_2023_Q4.json
NCT03264131,monoclonal_antibody,brentuximab vedotin,master_DB_2023_Q4.json
NCT03233347,monoclonal_antibody,brentuximab vedotin,master_DB_2023_Q4.json
NCT06071871,monoclonal_antibody,polatuzumab vedotin,master_DB_2023_Q4.json
NCT01042379,monoclonal_antibody,t-dm1,master_DB_2023_Q4.json
NCT03248492,monoclonal_antibody,antibody drug conjugate,master_DB_2023_Q4.json
NCT04784715,monoclonal_antibody,trastuzumab deruxtecan,master_DB_2023_Q4.json
NCT03878524,monoclonal_antibody,trastuzumab emtansine,master_DB_2023_Q4.json
NCT03944772,monoclonal_antibody,datopotamab deruxtecan,master_DB_2023_Q4.json
NCT05558124,oligonucleotide,ozogamicin,master_DB_2023_Q4.json
NCT05104866,oligonucleotide,dato-dxd,master_DB_2023_Q4.json
NCT02588651,monoclonal_antibody,brentuximab vedotin,master_DB_2023_Q4.json
NCT02227199,monoclonal_antibody,brentuximab vedotin,master_DB_2023_Q4.json
NCT03737955,monoclonal_antibody,ozogamicin,master_DB_2023_Q4.json
NCT03467373,monoclonal_antibody,polatuzumab vedotin,master_DB_2023_Q4.json
NCT02448420,monoclonal_antibody,antibody-drug conjugate,master_DB_2023_Q4.json
NCT01979536,monoclonal_antibody,brentuximab vedotin,master_DB_2023_Q4.json
NCT05954143,monoclonal_antibody,trastuzumab deruxtecan,master_DB_2023_Q4.json
NCT05464030,monoclonal_antibody,antibody drug conjugate,master_DB_2023_Q4.json
NCT05271604,monoclonal_antibody,vedotin,master_DB_2023_Q4.json
NCT05675410,monoclonal_antibody,brentuximab vedotin,master_DB_2023_Q4.json
NCT05382299,small_molecule,sacituzumab govitecan,master_DB_2023_Q4.json
NCT05633654,monoclonal_antibody,sacituzumab govitecan,master_DB_2023_Q4.json
NCT05144841,monoclonal_antibody,vedotin,master_DB_2023_Q4.json
NCT05139017,monoclonal_antibody,vedotin,master_DB_2023_Q4.json
NCT04931342,monoclonal_antibody,trastuzumab emtansine,master_DB_2023_Q4.json
NCT03924895,monoclonal_antibody,enfortumab vedotin,master_DB_2023_Q4.json
NCT05382286,monoclonal_antibody,sacituzumab govitecan,master_DB_2023_Q4.json
NCT05283720,monoclonal_antibody,polatuzumab vedotin,master_DB_2023_Q4.json
NCT03677154,monoclonal_antibody,polatuzumab vedotin,master_DB_2023_Q4.json
NCT03533283,monoclonal_antibody,polatuzumab vedotin,master_DB_2023_Q4.json
NCT03424005,monoclonal_antibody,sacituzumab govitecan,master_DB_2023_Q4.json
NCT03755804,biologic,brentuximab vedotin,master_DB_2023_Q4.json
NCT05245071,small_molecule,tusamitamab ravtansine,master_DB_2023_Q4.json
NCT03504488,small_molecule,antibody drug conjugate,master_DB_2023_Q4.json
NCT04681131,small_molecule,antibody drug conjugate,master_DB_2023_Q4.json
NCT04704934,monoclonal_antibody,trastuzumab deruxtecan,master_DB_2023_Q4.json
NCT04686305,monoclonal_antibody,trastuzumab deruxtecan,master_DB_2023_Q4.json
NCT05061550,monoclonal_antibody,dato-dxd,master_DB_2023_Q4.json
NCT02927769,monoclonal_antibody,brentuximab vedotin,master_DB_2023_Q4.json
NCT05581589,small_molecule,sacituzumab govitecan,master_DB_2023_Q4.json
NCT05048797,monoclonal_antibody,trastuzumab deruxtecan,master_DB_2023_Q4.json
NCT04379596,monoclonal_antibody,trastuzumab deruxtecan,master_DB_2023_Q4.json
NCT02758717,monoclonal_antibody,brentuximab vedotin,master_DB_2023_Q4.json
NCT03187210,monoclonal_antibody,brentuximab vedotin,master_DB_2023_Q4.json
NCT04487756,monoclonal_antibody,adc (weak),master_DB_2023_Q4.json
NCT03786081,monoclonal_antibody,tisotumab vedotin,master_DB_2023_Q4.json
NCT06048718,monoclonal_antibody,deruxtecan,master_DB_2023_Q4.json
NCT04014075,monoclonal_antibody,trastuzumab deruxtecan,master_DB_2023_Q4.json
NCT03575819,small_molecule,antibody-drug conjugate,master_DB_2023_Q4.json
NCT05940961,monoclonal_antibody,ozogamicin,master_DB_2023_Q4.json
NCT05569811,monoclonal_antibody,patritumab deruxtecan,master_DB_2023_Q4.json
NCT05800366,monoclonal_antibody,antibody drug conjugate,master_DB_2023_Q4.json
NCT05845450,monoclonal_antibody,trastuzumab deruxtecan,master_DB_2023_Q4.json
NCT05408845,monoclonal_antibody,ado-trastuzumab,master_DB_2023_Q4.json
NCT04744831,small_molecule,trastuzumab deruxtecan,master_DB_2023_Q4.json
NCT04509596,monoclonal_antibody,t-dm1,master_DB_2023_Q4.json
NCT04384484,monoclonal_antibody,loncastuximab tesirine,master_DB_2023_Q4.json
NCT04274426,monoclonal_antibody,mirvetuximab soravtansine,master_DB_2023_Q4.json
NCT03959085,monoclonal_antibody,ozogamicin,master_DB_2023_Q4.json
NCT03712202,monoclonal_antibody,brentuximab vedotin,master_DB_2023_Q4.json
NCT04145622,monoclonal_antibody,deruxtecan,master_DB_2023_Q4.json
NCT06078982,small_molecule,disitamab vedotin,master_DB_2023_Q4.json
NCT05703555,small_molecule,tusamitamab ravtansine,master_DB_2023_Q4.json
NCT05584709,small_molecule,antibody drug conjugate,master_DB_2023_Q4.json
NCT05870748,monoclonal_antibody,antibody-drug conjugate,master_DB_2023_Q4.json
NCT05837806,monoclonal_antibody,vedotin,master_DB_2023_Q4.json
NCT05687266,monoclonal_antibody,datopotamab deruxtecan,master_DB_2023_Q4.json
NCT04833114,monoclonal_antibody,polatuzumab vedotin,master_DB_2023_Q4.json
NCT04887870,monoclonal_antibody,enfortumab vedotin,master_DB_2023_Q4.json
NCT05493683,monoclonal_antibody,disitamab vedotin,master_DB_2023_Q4.json
NCT05595447,monoclonal_antibody,brentuximab vedotin,master_DB_2023_Q4.json
NCT02098512,monoclonal_antibody,brentuximab vedotin,master_DB_2023_Q4.json
NCT04559230,monoclonal_antibody,sacituzumab govitecan,master_DB_2023_Q4.json
NCT04479267,monoclonal_antibody,polatuzumab vedotin,master_DB_2023_Q4.json
NCT06055465,monoclonal_antibody,sacituzumab govitecan,master_DB_2023_Q4.json
NCT04042701,monoclonal_antibody,trastuzumab deruxtecan,master_DB_2023_Q4.json
NCT03425279,monoclonal_antibody,vedotin,master_DB_2023_Q4.json
NCT06176261,monoclonal_antibody,deruxtecan,master_DB_2023_Q4.json
NCT03126630,monoclonal_antibody,ravtansine,master_DB_2023_Q4.json
NCT05615636,monoclonal_antibody,polatuzumab vedotin,master_DB_2023_Q4.json
NCT05464719,monoclonal_antibody,loncastuximab tesirine,master_DB_2023_Q4.json
NCT05249959,monoclonal_antibody,loncastuximab tesirine,master_DB_2023_Q4.json
NCT05748171,monoclonal_antibody,ozogamicin,master_DB_2023_Q4.json
NCT04622319,monoclonal_antibody,trastuzumab deruxtecan,master_DB_2023_Q4.json
NCT05867563,small_molecule,antibody-drug conjugate,master_DB_2023_Q4.json
NCT03474107,small_molecule,enfortumab vedotin,master_DB_2023_Q4.json
NCT03274492,monoclonal_antibody,polatuzumab vedotin,master_DB_2023_Q4.json
NCT04482309,monoclonal_antibody,trastuzumab deruxtecan,master_DB_2023_Q4.json
NCT05980416,monoclonal_antibody,antibody drug conjugate,master_DB_2023_Q4.json
NCT05940064,monoclonal_antibody,polatuzumab vedotin,master_DB_2023_Q4.json
NCT05940051,monoclonal_antibody,polatuzumab vedotin,master_DB_2023_Q4.json
NCT04644068,small_molecule,dxd,master_DB_2023_Q4.json
NCT04632992,monoclonal_antibody,trastuzumab emtansine,master_DB_2023_Q4.json
NCT05923190,monoclonal_antibody,enfortumab vedotin,master_DB_2023_Q4.json
NCT05410418,monoclonal_antibody,polatuzumab vedotin,master_DB_2023_Q4.json
NCT05333809,monoclonal_antibody,disitamab vedotin,master_DB_2023_Q4.json
NCT05395533,monoclonal_antibody,mmae,master_DB_2023_Q4.json
NCT05323955,monoclonal_antibody,t-dm1,master_DB_2023_Q4.json
NCT02724163,monoclonal_antibody,ozogamicin,master_DB_2023_Q4.json
NCT05460273,monoclonal_antibody,dato-dxd,master_DB_2023_Q4.json
NCT05303792,monoclonal_antibody,ozogamicin,master_DB_2023_Q4.json
NCT03401385,monoclonal_antibody,datopotamab deruxtecan,master_DB_2023_Q4.json
NCT05323045,monoclonal_antibody,antibody-drug conjugate,master_DB_2023_Q4.json
NCT06112379,monoclonal_antibody,datopotamab deruxtecan,master_DB_2023_Q4.json
NCT04300556,monoclonal_antibody,antibody-drug conjugate,master_DB_2023_Q4.json
NCT05417594,monoclonal_antibody,datopotamab deruxtecan,master_DB_2023_Q4.json
NCT05280470,monoclonal_antibody,antibody drug conjugate,master_DB_2023_Q4.json
NCT05239624,monoclonal_antibody,enfortumab vedotin,master_DB_2023_Q4.json
NCT05149768,monoclonal_antibody,brentuximab vedotin,master_DB_2023_Q4.json
NCT04960709,monoclonal_antibody,enfortumab vedotin,master_DB_2023_Q4.json
NCT04556773,monoclonal_antibody,trastuzumab deruxtecan,master_DB_2023_Q4.json
NCT04070768,monoclonal_antibody,ozogamicin,master_DB_2023_Q4.json
NCT03441061,monoclonal_antibody,ozogamicin,master_DB_2023_Q4.json
NCT03971409,monoclonal_antibody,sacituzumab govitecan,master_DB_2023_Q4.json
NCT03907488,monoclonal_antibody,brentuximab vedotin,master_DB_2023_Q4.json
NCT03587844,monoclonal_antibody,brentuximab vedotin,master_DB_2023_Q4.json
NCT05226117,monoclonal_antibody,sacituzumab govitecan,master_DB_2023_Q4.json
NCT01352520,monoclonal_antibody,brentuximab vedotin,master_DB_2023_Q4.json
NCT03356054,monoclonal_antibody,brentuximab vedotin,master_DB_2023_Q4.json
NCT05804864,monoclonal_antibody,adc (weak),master_DB_2023_Q4.json
NCT01712490,monoclonal_antibody,brentuximab vedotin,master_DB_2023_Q4.json
NCT06178601,small_molecule,adc (weak),master_DB_2023_Q4.json
NCT06178588,monoclonal_antibody,sacituzumab govitecan,master_DB_2023_Q4.json
NCT04893109,monoclonal_antibody,trastuzumab emtansine,master_DB_2023_Q4.json
NCT05798156,monoclonal_antibody,antibody-drug conjugate,master_DB_2023_Q4.json
NCT04457596,small_molecule,t-dm1,master_DB_2023_Q4.json
NCT05101096,monoclonal_antibody,sacituzumab govitecan,master_DB_2023_Q4.json
NCT03646123,monoclonal_antibody,brentuximab vedotin,master_DB_2023_Q4.json
NCT02166463,monoclonal_antibody,brentuximab vedotin,master_DB_2023_Q4.json
NCT04612751,monoclonal_antibody,datopotamab deruxtecan,master_DB_2023_Q4.json
NCT03460522,monoclonal_antibody,ozogamicin,master_DB_2023_Q4.json
NCT06185400,small_molecule,disitamab vedotin,master_DB_2023_Q4.json
NCT06161532,monoclonal_antibody,sacituzumab govitecan,master_DB_2023_Q4.json
NCT06041516,monoclonal_antibody,antibody drug conjugate,master_DB_2023_Q4.json
NCT06041503,monoclonal_antibody,enfortumab vedotin,master_DB_2023_Q4.json
NCT06155396,monoclonal_antibody,disitamab vedotin,master_DB_2023_Q4.json
NCT05845814,monoclonal_antibody,enfortumab vedotin,master_DB_2023_Q4.json
NCT06043674,monoclonal_antibody,polatuzumab vedotin,master_DB_2023_Q4.json
NCT06005740,small_molecule,antibody drug conjugate,master_DB_2023_Q4.json
NCT05971251,monoclonal_antibody,loncastuximab tesirine,master_DB_2023_Q4.json
NCT04884035,monoclonal_antibody,polatuzumab vedotin,master_DB_2023_Q4.json
NCT03547973,monoclonal_antibody,sacituzumab govitecan,master_DB_2023_Q4.json
NCT04301375,monoclonal_antibody,tdm1,master_DB_2023_Q4.json
NCT04594798,monoclonal_antibody,polatuzumab vedotin,master_DB_2023_Q4.json
NCT03748186,monoclonal_antibody,antibody-drug conjugate,master_DB_2023_Q4.json
NCT05480384,monoclonal_antibody,trastuzumab deruxtecan,master_DB_2023_Q4.json
NCT05388149,small_molecule,kadcyla,master_DB_2023_Q4.json
NCT04394624,monoclonal_antibody,tusamitamab ravtansine,master_DB_2023_Q4.json
NCT04230109,monoclonal_antibody,sacituzumab govitecan,master_DB_2023_Q4.json
NCT03725761,monoclonal_antibody,sacituzumab govitecan,master_DB_2023_Q4.json
NCT05156866,small_molecule,antibody drug conjugate,master_DB_2023_Q4.json
NCT05611853,monoclonal_antibody,antibody drug conjugate,master_DB_2023_Q4.json
NCT04050280,oligonucleotide,ozogamicin,master_DB_2023_Q4.json
NCT05735496,small_molecule,antibody-drug conjugate,master_DB_2023_Q4.json
NCT01853748,monoclonal_antibody,trastuzumab emtansine,master_DB_2023_Q4.json
NCT06115642,small_molecule,adc (weak),master_DB_2023_Q4.json
NCT05838521,monoclonal_antibody,sacituzumab govitecan,master_DB_2023_Q4.json
NCT06167317,monoclonal_antibody,sacituzumab govitecan,master_DB_2023_Q4.json
NCT05948826,small_molecule,antibody drug conjugate,master_DB_2023_Q4.json
NCT05930951,monoclonal_antibody,adc (weak),master_DB_2023_Q4.json
NCT05180097,monoclonal_antibody,brentuximab vedotin,master_DB_2023_Q4.json
NCT05103683,small_molecule,antibody drug conjugate,master_DB_2023_Q4.json
NCT04963153,small_molecule,enfortumab vedotin,master_DB_2023_Q4.json
NCT05911295,monoclonal_antibody,disitamab vedotin,master_DB_2023_Q4.json
NCT03485209,monoclonal_antibody,tisotumab vedotin,master_DB_2023_Q4.json
NCT03833180,monoclonal_antibody,vedotin,master_DB_2023_Q4.json
NCT05520723,monoclonal_antibody,sacituzumab govitecan,master_DB_2023_Q4.json
NCT04662580,small_molecule,adc (weak),master_DB_2023_Q4.json
NCT05868395,monoclonal_antibody,polatuzumab vedotin,master_DB_2023_Q4.json
NCT04039230,monoclonal_antibody,antibody-drug conjugate,master_DB_2023_Q4.json
NCT04293562,monoclonal_antibody,ozogamicin,master_DB_2023_Q4.json
NCT05928897,monoclonal_antibody,disitamab vedotin,master_DB_2023_Q4.json
NCT05915351,monoclonal_antibody,enfortumab vedotin,master_DB_2023_Q4.json
NCT02996825,small_molecule,soravtansine,master_DB_2023_Q4.json
NCT02675829,monoclonal_antibody,ado-trastuzumab,master_DB_2023_Q4.json
NCT05332561,monoclonal_antibody,sacituzumab govitecan,master_DB_2023_Q4.json
NCT04733118,monoclonal_antibody,t-dm1,master_DB_2023_Q4.json
NCT00658814,small_molecule,ozogamicin,master_DB_2023_Q4.json
NCT05527184,monoclonal_antibody,antibody-drug conjugate,master_DB_2023_Q4.json
NCT05014139,monoclonal_antibody,enfortumab vedotin,master_DB_2023_Q4.json
NCT03962465,monoclonal_antibody,ozogamicin,master_DB_2023_Q4.json
NCT03057795,monoclonal_antibody,brentuximab vedotin,master_DB_2023_Q4.json
NCT01745965,monoclonal_antibody,trastuzumab emtansine,master_DB_2023_Q4.json
NCT03316638,monoclonal_antibody,antibody-drug conjugate,master_DB_2023_Q4.json
NCT05429684,monoclonal_antibody,t-dm1,master_DB_2023_Q4.json
NCT04680442,monoclonal_antibody,trastuzumab emtansine,master_DB_2023_Q4.json
NCT06100874,monoclonal_antibody,sacituzumab govitecan,master_DB_2023_Q4.json
NCT05656235,monoclonal_antibody,enfortumab vedotin,master_DB_2023_Q4.json
NCT05453396,monoclonal_antibody,loncastuximab tesirine,master_DB_2023_Q4.json
NCT05415215,monoclonal_antibody,trastuzumab emtansine,master_DB_2023_Q4.json
NCT05662904,monoclonal_antibody,ozogamicin,master_DB_2023_Q4.json
NCT04491370,monoclonal_antibody,polatuzumab vedotin,master_DB_2023_Q4.json
NCT05253495,oligonucleotide,polatuzumab vedotin,master_DB_2023_Q4.json
NCT03719105,monoclonal_antibody,brentuximab vedotin,master_DB_2023_Q4.json
NCT03816358,monoclonal_antibody,ravtansine,master_DB_2023_Q4.json
NCT01703949,monoclonal_antibody,brentuximab vedotin,master_DB_2023_Q4.json
NCT05622890,monoclonal_antibody,mirvetuximab soravtansine,master_DB_2023_Q4.json
NCT06157892,small_molecule,disitamab vedotin,master_DB_2023_Q4.json
NCT05950945,monoclonal_antibody,trastuzumab deruxtecan,master_DB_2023_Q4.json
NCT06047080,monoclonal_antibody,polatuzumab vedotin,master_DB_2023_Q4.json
NCT05356351,monoclonal_antibody,adc (weak),master_DB_2023_Q4.json
NCT04223856,monoclonal_antibody,enfortumab vedotin,master_DB_2023_Q4.json
NCT05171647,monoclonal_antibody,polatuzumab vedotin,master_DB_2023_Q4.json
NCT04341181,monoclonal_antibody,trastuzumab emtansine,master_DB_2023_Q4.json
NCT02465060,monoclonal_antibody,trastuzumab emtansine,master_DB_2023_Q4.json
NCT05849246,small_molecule,tusamitamab ravtansine,master_DB_2023_Q4.json
NCT05847764,monoclonal_antibody,disitamab vedotin,master_DB_2023_Q4.json
NCT06003231,monoclonal_antibody,disitamab vedotin,master_DB_2023_Q4.json
NCT05620914,monoclonal_antibody,patritumab deruxtecan,master_DB_2023_Q4.json
NCT04998669,monoclonal_antibody,loncastuximab tesirine,master_DB_2023_Q4.json
NCT04915612,monoclonal_antibody,ozogamicin,master_DB_2023_Q4.json
NCT04863885,monoclonal_antibody,sacituzumab govitecan,master_DB_2023_Q4.json
NCT04699630,monoclonal_antibody,patritumab deruxtecan,master_DB_2023_Q4.json
NCT04450732,monoclonal_antibody,antibody-drug conjugate,master_DB_2023_Q4.json
NCT03672539,oligonucleotide,ozogamicin,master_DB_2023_Q4.json
NCT03334617,monoclonal_antibody,trastuzumab deruxtecan,master_DB_2023_Q4.json
NCT05426486,monoclonal_antibody,antibody-drug conjugate,master_DB_2023_Q4.json
NCT05723991,small_molecule,disitamab vedotin,master_DB_2023_Q4.json
NCT05726175,monoclonal_antibody,disitamab vedotin,master_DB_2023_Q4.json
NCT05417230,monoclonal_antibody,adc (weak),master_DB_2023_Q4.json
NCT04158947,monoclonal_antibody,t-dm1,master_DB_2023_Q4.json
NCT03217643,monoclonal_antibody,brentuximab vedotin,master_DB_2023_Q4.json
NCT05861635,monoclonal_antibody,disitamab vedotin,master_DB_2023_Q4.json
NCT05834764,small_molecule,t-dm1,master_DB_2023_Q4.json
NCT03589729,oligonucleotide,ozogamicin,master_DB_2023_Q4.json
NCT06121557,biologic,adc (weak),master_DB_2023_Q4.json
NCT04620187,monoclonal_antibody,ado-trastuzumab,master_DB_2023_Q4.json
NCT05660395,monoclonal_antibody,loncastuximab tesirine,master_DB_2023_Q4.json
NCT04209855,monoclonal_antibody,mirvetuximab soravtansine,master_DB_2023_Q4.json
NCT04494425,monoclonal_antibody,trastuzumab deruxtecan,master_DB_2024_Q4.json
NCT04822337,small_molecule,antibody drug conjugate,master_DB_2024_Q4.json
NCT04294628,monoclonal_antibody,trastuzumab deruxtecan,master_DB_2024_Q4.json
NCT05581589,monoclonal_antibody,sacituzumab govitecan,master_DB_2024_Q4.json
NCT04659603,small_molecule,tusamitamab ravtansine,master_DB_2024_Q4.json
NCT04733118,monoclonal_antibody,t-dm1,master_DB_2024_Q4.json
NCT06660654,small_molecule,deruxtecan,master_DB_2024_Q4.json
NCT06660511,monoclonal_antibody,disitamab vedotin,master_DB_2024_Q4.json
NCT05687032,monoclonal_antibody,ozogamicin,master_DB_2024_Q4.json
NCT05980416,monoclonal_antibody,antibody drug conjugate,master_DB_2024_Q4.json
NCT05868265,monoclonal_antibody,enfortumab vedotin,master_DB_2024_Q4.json
NCT03786081,monoclonal_antibody,tisotumab vedotin,master_DB_2024_Q4.json
NCT04884035,monoclonal_antibody,polatuzumab vedotin,master_DB_2024_Q4.json
NCT05388149,small_molecule,kadcyla,master_DB_2024_Q4.json
NCT02724163,monoclonal_antibody,ozogamicin,master_DB_2024_Q4.json
NCT04639986,oligonucleotide,sacituzumab govitecan,master_DB_2024_Q4.json
NCT05190705,small_molecule,loncastuximab tesirine,master_DB_2024_Q4.json
NCT06176729,monoclonal_antibody,polatuzumab vedotin,master_DB_2024_Q4.json
NCT06331169,monoclonal_antibody,trastuzumab deruxtecan,master_DB_2024_Q4.json
NCT05593094,small_molecule,t-dm1,master_DB_2024_Q4.json
NCT06302569,monoclonal_antibody,enfortumab vedotin,master_DB_2024_Q4.json
NCT06210490,monoclonal_antibody,disitamab vedotin,master_DB_2024_Q4.json
NCT06316531,small_molecule,t-dm1,master_DB_2024_Q4.json
NCT05453396,monoclonal_antibody,loncastuximab tesirine,master_DB_2024_Q4.json
NCT04266249,monoclonal_antibody,trastuzumab emtansine,master_DB_2024_Q4.json
NCT01712490,small_molecule,brentuximab vedotin,master_DB_2024_Q4.json
NCT05578287,monoclonal_antibody,disitamab vedotin,master_DB_2024_Q4.json
NCT02734771,monoclonal_antibody,brentuximab vedotin,master_DB_2024_Q4.json
NCT05288777,monoclonal_antibody,t-dm1,master_DB_2024_Q4.json
NCT05514158,monoclonal_antibody,disitamab vedotin,master_DB_2024_Q4.json
NCT05525286,small_molecule,antibody-drug conjugate,master_DB_2024_Q4.json
NCT06245824,monoclonal_antibody,trastuzumab deruxtecan,master_DB_2024_Q4.json
NCT03233347,monoclonal_antibody,brentuximab vedotin,master_DB_2024_Q4.json
NCT02661503,monoclonal_antibody,brentuximab vedotin,master_DB_2024_Q4.json
NCT05673785,monoclonal_antibody,brentuximab vedotin,master_DB_2024_Q4.json
NCT04754191,monoclonal_antibody,enfortumab vedotin,master_DB_2024_Q4.json
NCT05547321,monoclonal_antibody,antibody-drug conjugate,master_DB_2024_Q4.json
NCT05376878,monoclonal_antibody,trastuzumab deruxtecan,master_DB_2024_Q4.json
NCT04378647,monoclonal_antibody,brentuximab vedotin,master_DB_2024_Q4.json
NCT06481956,monoclonal_antibody,trastuzumab emtansine,master_DB_2024_Q4.json
NCT04878029,small_molecule,enfortumab vedotin,master_DB_2024_Q4.json
NCT05940051,monoclonal_antibody,polatuzumab vedotin,master_DB_2024_Q4.json
NCT03460522,monoclonal_antibody,ozogamicin,master_DB_2024_Q4.json
NCT03264131,monoclonal_antibody,brentuximab vedotin,master_DB_2024_Q4.json
NCT06664411,monoclonal_antibody,polatuzumab vedotin,master_DB_2024_Q4.json
NCT04587687,monoclonal_antibody,brentuximab vedotin,master_DB_2024_Q4.json
NCT06462079,monoclonal_antibody,sacituzumab govitecan,master_DB_2024_Q4.json
NCT04887870,monoclonal_antibody,enfortumab vedotin,master_DB_2024_Q4.json
NCT04457596,monoclonal_antibody,t-dm1,master_DB_2024_Q4.json
NCT05831878,monoclonal_antibody,disitamab vedotin,master_DB_2024_Q4.json
NCT06558682,monoclonal_antibody,disitamab vedotin,master_DB_2024_Q4.json
NCT05867251,monoclonal_antibody,sacituzumab govitecan,master_DB_2024_Q4.json
NCT05650879,monoclonal_antibody,trastuzumab deruxtecan,master_DB_2024_Q4.json
NCT05941507,monoclonal_antibody,antibody-drug conjugate,master_DB_2024_Q4.json
NCT03839446,monoclonal_antibody,ozogamicin,master_DB_2024_Q4.json
NCT01703949,monoclonal_antibody,brentuximab vedotin,master_DB_2024_Q4.json
NCT06043674,monoclonal_antibody,polatuzumab vedotin,master_DB_2024_Q4.json
NCT05239624,monoclonal_antibody,enfortumab vedotin,master_DB_2024_Q4.json
NCT06305767,monoclonal_antibody,enfortumab vedotin,master_DB_2024_Q4.json
NCT05323045,monoclonal_antibody,antibody-drug conjugate,master_DB_2024_Q4.json
NCT06568939,monoclonal_antibody,telisotuzumab vedotin,master_DB_2024_Q4.json
NCT04341181,monoclonal_antibody,trastuzumab emtansine,master_DB_2024_Q4.json
NCT05493683,monoclonal_antibody,disitamab vedotin,master_DB_2024_Q4.json
NCT06133517,monoclonal_antibody,sacituzumab govitecan,master_DB_2024_Q4.json
NCT06065371,oligonucleotide,sacituzumab govitecan,master_DB_2024_Q4.json
NCT06607549,monoclonal_antibody,loncastuximab tesirine,master_DB_2024_Q4.json
NCT04300556,small_molecule,antibody-drug conjugate,master_DB_2024_Q4.json
NCT01352520,monoclonal_antibody,brentuximab vedotin,master_DB_2024_Q4.json
NCT04982224,monoclonal_antibody,antibody-drug conjugate,master_DB_2024_Q4.json
NCT06663007,monoclonal_antibody,disitamab vedotin,master_DB_2024_Q4.json
NCT04225117,monoclonal_antibody,enfortumab vedotin,master_DB_2024_Q4.json
NCT02226276,small_molecule,antibody drug conjugate,master_DB_2024_Q4.json
NCT05460273,monoclonal_antibody,dato-dxd,master_DB_2024_Q4.json
NCT06723236,biologic,antibody-drug conjugate,master_DB_2024_Q4.json
NCT05520723,monoclonal_antibody,sacituzumab govitecan,master_DB_2024_Q4.json
NCT05123482,small_molecule,antibody drug conjugate,master_DB_2024_Q4.json
NCT03249870,monoclonal_antibody,ozogamicin,master_DB_2024_Q4.json
NCT05089734,small_molecule,sacituzumab govitecan,master_DB_2024_Q4.json
NCT05953168,monoclonal_antibody,trastuzumab deruxtecan,master_DB_2024_Q4.json
NCT04526691,monoclonal_antibody,datopotamab deruxtecan,master_DB_2024_Q4.json
NCT06390995,small_molecule,mirvetuximab soravtansine,master_DB_2024_Q4.json
NCT05495724,monoclonal_antibody,disitamab vedotin,master_DB_2024_Q4.json
NCT06198751,small_molecule,antibody-drug conjugate,master_DB_2024_Q4.json
NCT06014658,antibody_protein,auristatin,master_DB_2024_Q4.json
NCT04527991,small_molecule,sacituzumab govitecan,master_DB_2024_Q4.json
NCT06393361,monoclonal_antibody,brentuximab vedotin,master_DB_2024_Q4.json
NCT05710666,monoclonal_antibody,trastuzumab deruxtecan,master_DB_2024_Q4.json
NCT05894824,monoclonal_antibody,t-dxd,master_DB_2024_Q4.json
NCT04223856,monoclonal_antibody,enfortumab vedotin,master_DB_2024_Q4.json
NCT04676477,monoclonal_antibody,her3-dxd,master_DB_2024_Q4.json
NCT03288545,monoclonal_antibody,enfortumab vedotin,master_DB_2024_Q4.json
NCT06572319,monoclonal_antibody,disitamab vedotin,master_DB_2024_Q4.json
NCT00801489,monoclonal_antibody,ozogamicin,master_DB_2024_Q4.json
NCT05313243,monoclonal_antibody,brentuximab vedotin,master_DB_2024_Q4.json
NCT06530511,monoclonal_antibody,polatuzumab vedotin,master_DB_2024_Q4.json
NCT04617314,small_molecule,antibody-drug conjugate,master_DB_2024_Q4.json
NCT01042379,monoclonal_antibody,t-dm1,master_DB_2024_Q4.json
NCT04998669,monoclonal_antibody,loncastuximab tesirine,master_DB_2024_Q4.json
NCT05904964,monoclonal_antibody,disitamab vedotin,master_DB_2024_Q4.json
NCT05186974,monoclonal_antibody,sacituzumab govitecan,master_DB_2024_Q4.json
NCT05156866,small_molecule,antibody drug conjugate,master_DB_2024_Q4.json
NCT04143711,monoclonal_antibody,sacituzumab govitecan,master_DB_2024_Q4.json
NCT05948826,small_molecule,antibody drug conjugate,master_DB_2024_Q4.json
NCT05840211,oligonucleotide,sacituzumab govitecan,master_DB_2024_Q4.json
NCT05560308,monoclonal_antibody,trastuzumab emtansine,master_DB_2024_Q4.json
NCT06385873,small_molecule,disitamab vedotin,master_DB_2024_Q4.json
NCT05103683,small_molecule,antibody drug conjugate,master_DB_2024_Q4.json
NCT03467373,monoclonal_antibody,polatuzumab vedotin,master_DB_2024_Q4.json
NCT06005740,small_molecule,antibody drug conjugate,master_DB_2024_Q4.json
NCT06650332,monoclonal_antibody,disitamab vedotin,master_DB_2024_Q4.json
NCT06578286,small_molecule,t-dxd,master_DB_2024_Q4.json
NCT04509596,monoclonal_antibody,t-dm1,master_DB_2024_Q4.json
NCT05014139,monoclonal_antibody,enfortumab vedotin,master_DB_2024_Q4.json
NCT04274426,monoclonal_antibody,mirvetuximab soravtansine,master_DB_2024_Q4.json
NCT03587740,monoclonal_antibody,ado-trastuzumab,master_DB_2024_Q4.json
NCT04434040,monoclonal_antibody,sacituzumab govitecan,master_DB_2024_Q4.json
NCT04747912,monoclonal_antibody,ozogamicin,master_DB_2024_Q4.json
NCT06055465,monoclonal_antibody,sacituzumab govitecan,master_DB_2024_Q4.json
NCT05954143,monoclonal_antibody,trastuzumab deruxtecan,master_DB_2024_Q4.json
NCT06328387,monoclonal_antibody,antibody-drug conjugate,master_DB_2024_Q4.json
NCT01896999,monoclonal_antibody,brentuximab vedotin,master_DB_2024_Q4.json
NCT06048718,monoclonal_antibody,deruxtecan,master_DB_2024_Q4.json
NCT05169658,monoclonal_antibody,polatuzumab vedotin,master_DB_2024_Q4.json
NCT05912205,monoclonal_antibody,disitamab vedotin,master_DB_2024_Q4.json
NCT03907488,monoclonal_antibody,brentuximab vedotin,master_DB_2024_Q4.json
NCT06630871,monoclonal_antibody,disitamab vedotin,master_DB_2024_Q4.json
NCT06041516,monoclonal_antibody,antibody drug conjugate,master_DB_2024_Q4.json
NCT03719105,small_molecule,brentuximab vedotin,master_DB_2024_Q4.json
NCT06718335,small_molecule,trastuzumab emtansine,master_DB_2024_Q4.json
NCT04685616,monoclonal_antibody,brentuximab vedotin,master_DB_2024_Q4.json
NCT02744612,monoclonal_antibody,brentuximab vedotin,master_DB_2024_Q4.json
NCT06238687,biologic,antibody-drug conjugate,master_DB_2024_Q4.json
NCT05797168,monoclonal_antibody,antibody-drug conjugate,master_DB_2024_Q4.json
NCT05824975,monoclonal_antibody,trastuzumab deruxtecan,master_DB_2024_Q4.json
NCT05113251,monoclonal_antibody,trastuzumab deruxtecan,master_DB_2024_Q4.json
NCT06362252,monoclonal_antibody,deruxtecan,master_DB_2024_Q4.json
NCT04230109,monoclonal_antibody,sacituzumab govitecan,master_DB_2024_Q4.json
NCT05922501,small_molecule,antibody-drug conjugate,master_DB_2024_Q4.json
NCT04042701,monoclonal_antibody,trastuzumab deruxtecan,master_DB_2024_Q4.json
NCT06000033,monoclonal_antibody,disitamab vedotin,master_DB_2024_Q4.json
NCT04556773,monoclonal_antibody,trastuzumab deruxtecan,master_DB_2024_Q4.json
NCT05662904,monoclonal_antibody,ozogamicin,master_DB_2024_Q4.json
NCT06702566,small_molecule,antibody-drug conjugate,master_DB_2024_Q4.json
NCT06487429,monoclonal_antibody,disitamab vedotin,master_DB_2024_Q4.json
NCT05323955,monoclonal_antibody,t-dm1,master_DB_2024_Q4.json
NCT06172127,monoclonal_antibody,trastuzumab deruxtecan,master_DB_2024_Q4.json
NCT06102824,monoclonal_antibody,trastuzumab deruxtecan,master_DB_2024_Q4.json
NCT06235216,monoclonal_antibody,antibody-drug conjugate,master_DB_2024_Q4.json
NCT05656235,monoclonal_antibody,enfortumab vedotin,master_DB_2024_Q4.json
NCT06585969,monoclonal_antibody,trastuzumab deruxtecan,master_DB_2024_Q4.json
NCT06103864,monoclonal_antibody,datopotamab deruxtecan,master_DB_2024_Q4.json
NCT06263543,monoclonal_antibody,sacituzumab govitecan,master_DB_2024_Q4.json
NCT05445778,monoclonal_antibody,mirvetuximab soravtansine,master_DB_2024_Q4.json
NCT06224673,monoclonal_antibody,antibody drug conjugate,master_DB_2024_Q4.json
NCT03260491,monoclonal_antibody,her3-dxd,master_DB_2024_Q4.json
NCT04595565,monoclonal_antibody,sacituzumab govitecan,master_DB_2024_Q4.json
NCT03547973,monoclonal_antibody,sacituzumab govitecan,master_DB_2024_Q4.json
NCT04486352,monoclonal_antibody,trastuzumab emtansine,master_DB_2024_Q4.json
NCT05744375,monoclonal_antibody,trastuzumab deruxtecan,master_DB_2024_Q4.json
NCT03057795,monoclonal_antibody,brentuximab vedotin,master_DB_2024_Q4.json
NCT06667960,monoclonal_antibody,antibody drug conjugate,master_DB_2024_Q4.json
NCT05480384,monoclonal_antibody,trastuzumab deruxtecan,master_DB_2024_Q4.json
NCT05143229,monoclonal_antibody,sacituzumab govitecan,master_DB_2024_Q4.json
NCT02314481,monoclonal_antibody,trastuzumab emtansine,master_DB_2024_Q4.json
NCT06682988,monoclonal_antibody,mirvetuximab soravtansine,master_DB_2024_Q4.json
NCT06271837,monoclonal_antibody,trastuzumab deruxtecan,master_DB_2024_Q4.json
NCT04064359,antibody_protein,antibody-drug conjugate,master_DB_2024_Q4.json
NCT06480240,small_molecule,antibody-drug conjugate,master_DB_2024_Q4.json
NCT04168502,monoclonal_antibody,ozogamicin,master_DB_2024_Q4.json
NCT04182204,monoclonal_antibody,polatuzumab vedotin,master_DB_2024_Q4.json
NCT06667167,monoclonal_antibody,sacituzumab govitecan,master_DB_2024_Q4.json
NCT03409432,monoclonal_antibody,brentuximab vedotin,master_DB_2024_Q4.json
NCT05253495,oligonucleotide,polatuzumab vedotin,master_DB_2024_Q4.json
NCT06100874,monoclonal_antibody,sacituzumab govitecan,master_DB_2024_Q4.json
NCT06665178,monoclonal_antibody,sacituzumab govitecan,master_DB_2024_Q4.json
NCT05426486,monoclonal_antibody,antibody-drug conjugate,master_DB_2024_Q4.json
NCT06040970,small_molecule,sacituzumab govitecan,master_DB_2024_Q4.json
NCT04679012,monoclonal_antibody,polatuzumab vedotin,master_DB_2024_Q4.json
NCT04379596,monoclonal_antibody,trastuzumab deruxtecan,master_DB_2024_Q4.json
NCT06265428,monoclonal_antibody,t-dm1,master_DB_2024_Q4.json
NCT06233864,monoclonal_antibody,disitamab vedotin,master_DB_2024_Q4.json
NCT05870748,small_molecule,antibody-drug conjugate,master_DB_2024_Q4.json
NCT03734029,monoclonal_antibody,antibody drug conjugate,master_DB_2024_Q4.json
NCT05600686,monoclonal_antibody,loncastuximab tesirine,master_DB_2024_Q4.json
NCT04479267,monoclonal_antibody,polatuzumab vedotin,master_DB_2024_Q4.json
NCT05338970,small_molecule,patritumab deruxtecan,master_DB_2024_Q4.json
NCT05302284,monoclonal_antibody,adc (weak),master_DB_2024_Q4.json
NCT06496490,small_molecule,antibody-drug conjugate,master_DB_2024_Q4.json
NCT05215340,monoclonal_antibody,dato-dxd,master_DB_2024_Q4.json
NCT06733233,small_molecule,t-dxd,master_DB_2024_Q4.json
NCT04538742,monoclonal_antibody,trastuzumab deruxtecan,master_DB_2024_Q4.json
NCT06731907,monoclonal_antibody,her3-dxd,master_DB_2024_Q4.json
NCT05356351,monoclonal_antibody,adc (weak),master_DB_2024_Q4.json
NCT06409390,monoclonal_antibody,trastuzumab deruxtecan,master_DB_2024_Q4.json
NCT05980481,oligonucleotide,adc (weak),master_DB_2024_Q4.json
NCT06427330,monoclonal_antibody,ozogamicin,master_DB_2024_Q4.json
NCT06222489,monoclonal_antibody,patritumab deruxtecan,master_DB_2024_Q4.json
NCT03424005,monoclonal_antibody,sacituzumab govitecan,master_DB_2024_Q4.json
NCT03869190,monoclonal_antibody,enfortumab vedotin,master_DB_2024_Q4.json
NCT05595447,monoclonal_antibody,brentuximab vedotin,master_DB_2024_Q4.json
NCT06522555,small_molecule,polatuzumab vedotin,master_DB_2024_Q4.json
NCT06533826,monoclonal_antibody,datopotamab deruxtecan,master_DB_2024_Q4.json
NCT06429761,monoclonal_antibody,trastuzumab deruxtecan,master_DB_2024_Q4.json
NCT04231877,monoclonal_antibody,polatuzumab vedotin,master_DB_2024_Q4.json
NCT03529110,monoclonal_antibody,trastuzumab deruxtecan,master_DB_2024_Q4.json
NCT06313086,monoclonal_antibody,trastuzumab emtansine,master_DB_2024_Q4.json
NCT05357794,monoclonal_antibody,brentuximab vedotin,master_DB_2024_Q4.json
NCT04559230,small_molecule,sacituzumab govitecan,master_DB_2024_Q4.json
NCT06373406,small_molecule,antibody-drug conjugate,master_DB_2024_Q4.json
NCT06433609,monoclonal_antibody,antibody-drug conjugate,master_DB_2024_Q4.json
NCT05867563,small_molecule,antibody-drug conjugate,master_DB_2024_Q4.json
NCT02588651,monoclonal_antibody,brentuximab vedotin,master_DB_2024_Q4.json
NCT06610825,monoclonal_antibody,trastuzumab deruxtecan,master_DB_2024_Q4.json
NCT05633979,monoclonal_antibody,trastuzumab deruxtecan,master_DB_2024_Q4.json
NCT05775471,monoclonal_antibody,enfortumab vedotin,master_DB_2024_Q4.json
NCT06540729,monoclonal_antibody,disitamab vedotin,master_DB_2024_Q4.json
NCT06507514,antibody_protein,brentuximab vedotin,master_DB_2024_Q4.json
NCT05388500,small_molecule,trastuzumab emtansine,master_DB_2024_Q4.json
NCT05795101,monoclonal_antibody,trastuzumab deruxtecan,master_DB_2024_Q4.json
NCT06528483,monoclonal_antibody,sacituzumab govitecan,master_DB_2024_Q4.json
NCT06665217,monoclonal_antibody,polatuzumab vedotin,master_DB_2024_Q4.json
NCT04620187,small_molecule,ado-trastuzumab,master_DB_2024_Q4.json
NCT03113500,monoclonal_antibody,brentuximab vedotin,master_DB_2024_Q4.json
NCT04697628,monoclonal_antibody,tisotumab vedotin,master_DB_2024_Q4.json
NCT06243393,monoclonal_antibody,sacituzumab govitecan,master_DB_2024_Q4.json
NCT05332561,monoclonal_antibody,sacituzumab govitecan,master_DB_2024_Q4.json
NCT04487756,monoclonal_antibody,adc (weak),master_DB_2024_Q4.json
NCT06221748,monoclonal_antibody,disitamab vedotin,master_DB_2024_Q4.json
NCT04385290,monoclonal_antibody,ozogamicin,master_DB_2024_Q4.json
NCT04316442,small_molecule,antibody drug conjugate,master_DB_2024_Q4.json
NCT05720533,monoclonal_antibody,disitamab vedotin,master_DB_2024_Q4.json
NCT05845450,monoclonal_antibody,trastuzumab deruxtecan,master_DB_2024_Q4.json
NCT06354231,monoclonal_antibody,disitamab vedotin,master_DB_2024_Q4.json
NCT06475443,monoclonal_antibody,antibody-drug conjugate,master_DB_2024_Q4.json
NCT04610528,monoclonal_antibody,antibody-drug conjugate,master_DB_2024_Q4.json
NCT03104491,monoclonal_antibody,ozogamicin,master_DB_2024_Q4.json
NCT03517137,monoclonal_antibody,brentuximab vedotin,master_DB_2024_Q4.json
NCT05524545,monoclonal_antibody,enfortumab vedotin,master_DB_2024_Q4.json
NCT05205850,small_molecule,antibody-drug conjugate,master_DB_2024_Q4.json
NCT05940896,monoclonal_antibody,disitamab vedotin,master_DB_2024_Q4.json
NCT06201507,small_molecule,brentuximab vedotin,master_DB_2024_Q4.json
NCT04280341,monoclonal_antibody,mmae,master_DB_2024_Q4.json
NCT06731478,monoclonal_antibody,trastuzumab deruxtecan,master_DB_2024_Q4.json
NCT04591431,monoclonal_antibody,trastuzumab emtansine,master_DB_2024_Q4.json
NCT06625593,monoclonal_antibody,antibody-drug conjugate,master_DB_2024_Q4.json
NCT06154343,small_molecule,antibody drug conjugate,master_DB_2024_Q4.json
NCT05652855,small_molecule,adc (weak),master_DB_2024_Q4.json
NCT06730542,monoclonal_antibody,polatuzumab vedotin,master_DB_2024_Q4.json
NCT06186986,monoclonal_antibody,brentuximab vedotin,master_DB_2024_Q4.json
NCT04983121,antibody_protein,antibody-drug conjugate,master_DB_2024_Q4.json
NCT01771107,monoclonal_antibody,brentuximab vedotin,master_DB_2024_Q4.json
NCT05565807,monoclonal_antibody,antibody drug conjugate,master_DB_2024_Q4.json
NCT06126640,monoclonal_antibody,trastuzumab emtansine,master_DB_2024_Q4.json
NCT06155383,monoclonal_antibody,disitamab vedotin,master_DB_2024_Q4.json
NCT05483933,small_molecule,mirvetuximab soravtansine,master_DB_2024_Q4.json
NCT05582499,monoclonal_antibody,antibody-drug conjugate,master_DB_2024_Q4.json
NCT05615636,monoclonal_antibody,polatuzumab vedotin,master_DB_2024_Q4.json
NCT06553885,monoclonal_antibody,enfortumab vedotin,master_DB_2024_Q4.json
NCT06244485,monoclonal_antibody,dxd,master_DB_2024_Q4.json
NCT03725761,monoclonal_antibody,sacituzumab govitecan,master_DB_2024_Q4.json
NCT02227199,monoclonal_antibody,brentuximab vedotin,master_DB_2024_Q4.json
NCT06172478,monoclonal_antibody,patritumab deruxtecan,master_DB_2024_Q4.json
NCT03737955,monoclonal_antibody,ozogamicin,master_DB_2024_Q4.json
NCT05586061,monoclonal_antibody,disitamab vedotin,master_DB_2024_Q4.json
NCT06730373,monoclonal_antibody,disitamab vedotin,master_DB_2024_Q4.json
NCT05552001,monoclonal_antibody,sacituzumab govitecan,master_DB_2024_Q4.json
NCT06642545,monoclonal_antibody,disitamab vedotin,master_DB_2024_Q4.json
NCT01371630,monoclonal_antibody,ozogamicin,master_DB_2024_Q4.json
NCT04879329,monoclonal_antibody,disitamab vedotin,master_DB_2024_Q4.json
NCT06001086,small_molecule,vedotin,master_DB_2024_Q4.json
NCT05097599,small_molecule,sacituzumab govitecan,master_DB_2024_Q4.json
NCT06465069,monoclonal_antibody,antibody-drug conjugate,master_DB_2024_Q4.json
NCT04647916,monoclonal_antibody,sacituzumab govitecan,master_DB_2024_Q4.json
NCT06187506,vaccine,disitamab vedotin,master_DB_2024_Q4.json
NCT04704934,monoclonal_antibody,trastuzumab deruxtecan,master_DB_2024_Q4.json
NCT04833114,monoclonal_antibody,polatuzumab vedotin,master_DB_2024_Q4.json
NCT05564858,monoclonal_antibody,antibody-drug conjugate,master_DB_2024_Q4.json
NCT03589729,monoclonal_antibody,ozogamicin,master_DB_2024_Q4.json
NCT06350097,small_molecule,datopotamab deruxtecan,master_DB_2024_Q4.json
NCT06739395,small_molecule,sacituzumab govitecan,master_DB_2024_Q4.json
NCT06115902,small_molecule,antibody-drug conjugate,master_DB_2024_Q4.json
NCT05838521,monoclonal_antibody,sacituzumab govitecan,master_DB_2024_Q4.json
NCT04704661,small_molecule,trastuzumab deruxtecan,master_DB_2024_Q4.json
NCT06015880,monoclonal_antibody,polatuzumab vedotin,master_DB_2024_Q4.json
NCT04681131,small_molecule,antibody drug conjugate,master_DB_2024_Q4.json
NCT06400472,monoclonal_antibody,antibody-drug conjugate,master_DB_2024_Q4.json
NCT04963153,monoclonal_antibody,enfortumab vedotin,master_DB_2024_Q4.json
NCT06561555,monoclonal_antibody,disitamab vedotin,master_DB_2024_Q4.json
NCT04724018,monoclonal_antibody,sacituzumab govitecan,master_DB_2024_Q4.json
NCT04612751,small_molecule,datopotamab deruxtecan,master_DB_2024_Q4.json
NCT04915612,monoclonal_antibody,ozogamicin,master_DB_2024_Q4.json
NCT05800366,monoclonal_antibody,antibody drug conjugate,master_DB_2024_Q4.json
NCT05749588,monoclonal_antibody,antibody-drug conjugate,master_DB_2024_Q4.json
NCT05296070,monoclonal_antibody,loncastuximab tesirine,master_DB_2024_Q4.json
NCT05971251,monoclonal_antibody,loncastuximab tesirine,master_DB_2024_Q4.json
NCT05464719,monoclonal_antibody,loncastuximab tesirine,master_DB_2024_Q4.json
NCT06036121,small_molecule,antibody drug conjugate,master_DB_2024_Q4.json
NCT05620914,monoclonal_antibody,patritumab deruxtecan,master_DB_2024_Q4.json
NCT04970901,monoclonal_antibody,loncastuximab tesirine,master_DB_2024_Q4.json
NCT06467357,monoclonal_antibody,trastuzumab deruxtecan,master_DB_2024_Q4.json
NCT06210815,small_molecule,adc (weak),master_DB_2024_Q4.json
NCT05280470,monoclonal_antibody,deruxtecan,master_DB_2024_Q4.json
NCT06233942,monoclonal_antibody,antibody drug conjugate,master_DB_2024_Q4.json
NCT05395533,monoclonal_antibody,mmae,master_DB_2024_Q4.json
NCT03971409,monoclonal_antibody,sacituzumab govitecan,master_DB_2024_Q4.json
NCT05804864,monoclonal_antibody,adc (weak),master_DB_2024_Q4.json
NCT06227325,monoclonal_antibody,disitamab vedotin,master_DB_2024_Q4.json
NCT02877303,monoclonal_antibody,ozogamicin,master_DB_2024_Q4.json
NCT04251416,monoclonal_antibody,sacituzumab govitecan,master_DB_2024_Q4.json
NCT06439693,monoclonal_antibody,t-dm1,master_DB_2024_Q4.json
NCT03828292,small_molecule,antibody drug conjugate,master_DB_2024_Q4.json
NCT05833867,small_molecule,sacituzumab govitecan,master_DB_2024_Q4.json
NCT05417230,monoclonal_antibody,adc (weak),master_DB_2024_Q4.json
NCT05562830,monoclonal_antibody,vedotin,master_DB_2024_Q4.json
NCT05293496,monoclonal_antibody,antibody drug conjugate,master_DB_2024_Q4.json
NCT05456685,small_molecule,mirvetuximab soravtansine,master_DB_2024_Q4.json
NCT03672539,monoclonal_antibody,ozogamicin,master_DB_2024_Q4.json
NCT06452706,small_molecule,antibody-drug conjugate,master_DB_2024_Q4.json
NCT04553770,monoclonal_antibody,trastuzumab deruxtecan,master_DB_2024_Q4.json
NCT06378242,monoclonal_antibody,disitamab vedotin,master_DB_2024_Q4.json
NCT03441061,monoclonal_antibody,ozogamicin,master_DB_2024_Q4.json
NCT01868451,monoclonal_antibody,brentuximab vedotin,master_DB_2024_Q4.json
NCT02979522,small_molecule,brentuximab vedotin,master_DB_2024_Q4.json
NCT06441097,monoclonal_antibody,polatuzumab vedotin,master_DB_2024_Q4.json
NCT03856216,monoclonal_antibody,ozogamicin,master_DB_2024_Q4.json
NCT06287229,monoclonal_antibody,ozogamicin,master_DB_2024_Q4.json
NCT01853748,monoclonal_antibody,trastuzumab emtansine,master_DB_2024_Q4.json
NCT06157892,monoclonal_antibody,disitamab vedotin,master_DB_2024_Q4.json
NCT06003231,monoclonal_antibody,disitamab vedotin,master_DB_2024_Q4.json
NCT06413615,small_molecule,antibody-drug conjugate,master_DB_2024_Q4.json
NCT05498597,monoclonal_antibody,antibody-drug conjugate,master_DB_2024_Q4.json
NCT05327530,small_molecule,sacituzumab govitecan,master_DB_2024_Q4.json
NCT05940961,monoclonal_antibody,ozogamicin,master_DB_2024_Q4.json
NCT06440005,monoclonal_antibody,antibody drug conjugate,master_DB_2024_Q4.json
NCT06364410,monoclonal_antibody,trastuzumab deruxtecan,master_DB_2024_Q4.json
NCT05824325,monoclonal_antibody,antibody-drug conjugate,master_DB_2024_Q4.json
NCT06383884,monoclonal_antibody,patritumab deruxtecan,master_DB_2024_Q4.json
NCT06329869,monoclonal_antibody,sacituzumab govitecan,master_DB_2024_Q4.json
NCT05847764,monoclonal_antibody,disitamab vedotin,master_DB_2024_Q4.json
NCT04938817,monoclonal_antibody,dxd,master_DB_2024_Q4.json
NCT06359002,monoclonal_antibody,antibody-drug conjugate,master_DB_2024_Q4.json
NCT05333809,monoclonal_antibody,disitamab vedotin,master_DB_2024_Q4.json
NCT05283720,monoclonal_antibody,polatuzumab vedotin,master_DB_2024_Q4.json
NCT05904106,monoclonal_antibody,ozogamicin,master_DB_2024_Q4.json
NCT04844866,monoclonal_antibody,polatuzumab vedotin,master_DB_2024_Q4.json
NCT06188559,monoclonal_antibody,antibody-drug conjugate,master_DB_2024_Q4.json
NCT05652868,monoclonal_antibody,antibody-drug conjugate,master_DB_2024_Q4.json
NCT04863885,monoclonal_antibody,sacituzumab govitecan,master_DB_2024_Q4.json
NCT04960709,monoclonal_antibody,enfortumab vedotin,master_DB_2024_Q4.json
NCT05599360,monoclonal_antibody,ozogamicin,master_DB_2024_Q4.json
NCT05350917,monoclonal_antibody,vedotin,master_DB_2024_Q4.json
NCT05053659,small_molecule,loncastuximab tesirine,master_DB_2024_Q4.json
NCT03913559,monoclonal_antibody,ozogamicin,master_DB_2024_Q4.json
NCT05687266,monoclonal_antibody,datopotamab deruxtecan,master_DB_2024_Q4.json
NCT03401385,monoclonal_antibody,datopotamab deruxtecan,master_DB_2024_Q4.json
NCT04132960,monoclonal_antibody,antibody drug conjugate,master_DB_2024_Q4.json
NCT06734182,monoclonal_antibody,disitamab vedotin,master_DB_2024_Q4.json
NCT04794699,small_molecule,sacituzumab govitecan,master_DB_2024_Q4.json
NCT05868226,monoclonal_antibody,trastuzumab deruxtecan,master_DB_2024_Q4.json
NCT06561607,oligonucleotide,antibody-drug conjugate,master_DB_2024_Q4.json
NCT05765851,monoclonal_antibody,t-dxd,master_DB_2024_Q4.json
NCT06238479,monoclonal_antibody,antibody-drug conjugate,master_DB_2024_Q4.json
NCT06174987,small_molecule,t-dxd,master_DB_2024_Q4.json
NCT06028932,monoclonal_antibody,sacituzumab govitecan,master_DB_2024_Q4.json
NCT06564844,small_molecule,datopotamab deruxtecan,master_DB_2024_Q4.json
NCT06554626,monoclonal_antibody,ozogamicin,master_DB_2024_Q4.json
NCT03677154,monoclonal_antibody,polatuzumab vedotin,master_DB_2024_Q4.json
NCT05609968,monoclonal_antibody,sacituzumab govitecan,master_DB_2024_Q4.json
NCT06012435,small_molecule,vedotin,master_DB_2024_Q4.json
NCT03274492,monoclonal_antibody,polatuzumab vedotin,master_DB_2024_Q4.json
NCT05675579,monoclonal_antibody,sacituzumab govitecan,master_DB_2024_Q4.json
NCT06560528,monoclonal_antibody,disitamab vedotin,master_DB_2024_Q4.json
NCT03032107,monoclonal_antibody,t-dm1,master_DB_2024_Q4.json
NCT04145622,monoclonal_antibody,deruxtecan,master_DB_2024_Q4.json
NCT04699630,monoclonal_antibody,patritumab deruxtecan,master_DB_2024_Q4.json
NCT06731803,monoclonal_antibody,deruxtecan,master_DB_2024_Q4.json
NCT05415215,monoclonal_antibody,trastuzumab emtansine,master_DB_2024_Q4.json
NCT05660395,small_molecule,loncastuximab tesirine,master_DB_2024_Q4.json
NCT04928846,small_molecule,telisotuzumab vedotin,master_DB_2024_Q4.json
NCT04700124,monoclonal_antibody,enfortumab vedotin,master_DB_2024_Q4.json
NCT04589845,monoclonal_antibody,trastuzumab emtansine,master_DB_2024_Q4.json
NCT05464030,monoclonal_antibody,antibody drug conjugate,master_DB_2024_Q4.json
NCT02758717,monoclonal_antibody,brentuximab vedotin,master_DB_2024_Q4.json
NCT02166463,monoclonal_antibody,brentuximab vedotin,master_DB_2024_Q4.json
NCT06265727,monoclonal_antibody,antibody-drug conjugate,master_DB_2024_Q4.json
NCT06047080,monoclonal_antibody,polatuzumab vedotin,master_DB_2024_Q4.json
NCT04686305,small_molecule,trastuzumab deruxtecan,master_DB_2024_Q4.json
NCT06185400,monoclonal_antibody,disitamab vedotin,master_DB_2024_Q4.json
NCT04639219,monoclonal_antibody,trastuzumab deruxtecan,master_DB_2024_Q4.json
NCT03606967,monoclonal_antibody,sacituzumab govitecan,master_DB_2024_Q4.json
NCT03832361,monoclonal_antibody,mirvetuximab soravtansine,master_DB_2024_Q4.json
NCT04931342,monoclonal_antibody,trastuzumab emtansine,master_DB_2024_Q4.json
NCT00781612,monoclonal_antibody,trastuzumab emtansine,master_DB_2024_Q4.json
NCT03587311,monoclonal_antibody,ravtansine,master_DB_2024_Q4.json
NCT05723991,monoclonal_antibody,disitamab vedotin,master_DB_2024_Q4.json
NCT06486441,small_molecule,sacituzumab govitecan,master_DB_2024_Q4.json
NCT03337698,monoclonal_antibody,sacituzumab govitecan,master_DB_2024_Q4.json
NCT03474107,small_molecule,enfortumab vedotin,master_DB_2024_Q4.json
NCT05382286,monoclonal_antibody,sacituzumab govitecan,master_DB_2024_Q4.json
NCT02465060,monoclonal_antibody,trastuzumab emtansine,master_DB_2024_Q4.json
NCT01494662,monoclonal_antibody,ado-trastuzumab,master_DB_2024_Q4.json
NCT05884320,monoclonal_antibody,sacituzumab govitecan,master_DB_2024_Q4.json
NCT06435429,monoclonal_antibody,trastuzumab deruxtecan,master_DB_2024_Q4.json
NCT05171647,monoclonal_antibody,polatuzumab vedotin,master_DB_2024_Q4.json
NCT06161532,monoclonal_antibody,sacituzumab govitecan,master_DB_2024_Q4.json
NCT04454437,monoclonal_antibody,sacituzumab govitecan,master_DB_2024_Q4.json
NCT06477419,monoclonal_antibody,sacituzumab govitecan,master_DB_2024_Q4.json
NCT06686394,monoclonal_antibody,patritumab deruxtecan,master_DB_2024_Q4.json
NCT06747585,monoclonal_antibody,antibody-drug conjugate,master_DB_2024_Q4.json
NCT06377566,monoclonal_antibody,brentuximab vedotin,master_DB_2024_Q4.json
NCT05199051,monoclonal_antibody,ozogamicin,master_DB_2024_Q4.json
NCT06112379,monoclonal_antibody,datopotamab deruxtecan,master_DB_2024_Q4.json
NCT06104618,monoclonal_antibody,enfortumab vedotin,master_DB_2024_Q4.json
NCT05594095,monoclonal_antibody,adc (weak),master_DB_2024_Q4.json
NCT06167317,monoclonal_antibody,sacituzumab govitecan,master_DB_2024_Q4.json
NCT06422520,monoclonal_antibody,antibody-drug conjugate,master_DB_2024_Q4.json
NCT06742892,small_molecule,adc (weak),master_DB_2024_Q4.json
NCT06311214,monoclonal_antibody,antibody-drug conjugate,master_DB_2024_Q4.json
NCT03944772,monoclonal_antibody,datopotamab deruxtecan,master_DB_2024_Q4.json
NCT06125834,monoclonal_antibody,trastuzumab emtansine,master_DB_2024_Q4.json
NCT05716009,monoclonal_antibody,ozogamicin,master_DB_2024_Q4.json
NCT05115500,monoclonal_antibody,antibody-drug conjugate,master_DB_2024_Q4.json
NCT06121557,biologic,adc (weak),master_DB_2024_Q4.json
NCT04329429,small_molecule,antibody-drug conjugate,master_DB_2024_Q4.json
NCT04784715,monoclonal_antibody,trastuzumab deruxtecan,master_DB_2024_Q4.json
NCT05979740,monoclonal_antibody,disitamab vedotin,master_DB_2024_Q4.json
NCT06234423,monoclonal_antibody,antibody-drug conjugate,master_DB_2024_Q4.json
NCT05308225,monoclonal_antibody,antibody drug conjugate,master_DB_2024_Q4.json
NCT05016947,monoclonal_antibody,ozogamicin,master_DB_2024_Q4.json
NCT04995419,monoclonal_antibody,enfortumab vedotin,master_DB_2024_Q4.json
NCT04070768,monoclonal_antibody,ozogamicin,master_DB_2024_Q4.json
NCT06219941,small_molecule,antibody-drug conjugate,master_DB_2024_Q4.json
NCT04680442,monoclonal_antibody,trastuzumab emtansine,master_DB_2024_Q4.json
NCT06298084,monoclonal_antibody,dxd,master_DB_2024_Q4.json
NCT06387121,antibody_protein,ozogamicin,master_DB_2024_Q4.json
NCT04301375,monoclonal_antibody,tdm1,master_DB_2024_Q4.json
NCT06085755,monoclonal_antibody,trastuzumab deruxtecan,master_DB_2024_Q4.json
NCT06394570,monoclonal_antibody,enfortumab vedotin,master_DB_2024_Q4.json
NCT05834764,small_molecule,t-dm1,master_DB_2024_Q4.json
NCT03962465,oligonucleotide,ozogamicin,master_DB_2024_Q4.json
NCT06676917,monoclonal_antibody,datopotamab deruxtecan,master_DB_2024_Q4.json
NCT04524689,monoclonal_antibody,tusamitamab ravtansine,master_DB_2024_Q4.json
NCT06176261,monoclonal_antibody,deruxtecan,master_DB_2024_Q4.json
NCT04468061,monoclonal_antibody,sacituzumab govitecan,master_DB_2024_Q4.json
NCT04594798,small_molecule,polatuzumab vedotin,master_DB_2024_Q4.json
NCT05915351,monoclonal_antibody,enfortumab vedotin,master_DB_2024_Q4.json
NCT04914741,small_molecule,polatuzumab vedotin,master_DB_2024_Q4.json
NCT05672251,small_molecule,loncastuximab tesirine,master_DB_2024_Q4.json
NCT05955209,monoclonal_antibody,disitamab vedotin,master_DB_2024_Q4.json
NCT03820063,small_molecule,t-dm1,master_DB_2024_Q4.json
NCT06551051,small_molecule,antibody-drug conjugate,master_DB_2024_Q4.json
NCT05645718,monoclonal_antibody,ozogamicin,master_DB_2024_Q4.json
NCT04332822,monoclonal_antibody,vedotin,master_DB_2024_Q4.json
NCT05316246,monoclonal_antibody,brentuximab vedotin,master_DB_2024_Q4.json
NCT05456698,monoclonal_antibody,ozogamicin,master_DB_2024_Q4.json
NCT06195709,combination,antibody-drug conjugate,master_DB_2024_Q4.json
NCT04039230,small_molecule,antibody-drug conjugate,master_DB_2024_Q4.json
NCT05756569,monoclonal_antibody,enfortumab vedotin,master_DB_2024_Q4.json
NCT06525298,monoclonal_antibody,trastuzumab deruxtecan,master_DB_2024_Q4.json
NCT06401824,monoclonal_antibody,sacituzumab govitecan,master_DB_2024_Q4.json
NCT05872295,monoclonal_antibody,antibody drug conjugate,master_DB_2024_Q4.json
NCT04165070,monoclonal_antibody,deruxtecan,master_DB_2024_Q4.json
NCT06453044,monoclonal_antibody,polatuzumab vedotin,master_DB_2024_Q4.json
NCT05414500,monoclonal_antibody,brentuximab vedotin,master_DB_2024_Q4.json
NCT05673928,monoclonal_antibody,ado-trastuzumab,master_DB_2024_Q4.json
NCT06178588,monoclonal_antibody,sacituzumab govitecan,master_DB_2024_Q4.json
NCT04829604,small_molecule,t-dxd,master_DB_2024_Q4.json
NCT06278870,small_molecule,disitamab vedotin,master_DB_2024_Q4.json
NCT06592417,small_molecule,antibody drug conjugate,master_DB_2024_Q4.json
NCT05200364,monoclonal_antibody,antibody drug conjugate,master_DB_2024_Q4.json
NCT05613088,monoclonal_antibody,antibody-drug conjugate,master_DB_2024_Q4.json
NCT05104866,oligonucleotide,dato-dxd,master_DB_2024_Q4.json
NCT06330064,monoclonal_antibody,deruxtecan,master_DB_2024_Q4.json
NCT03712202,monoclonal_antibody,brentuximab vedotin,master_DB_2024_Q4.json
NCT05627414,monoclonal_antibody,disitamab vedotin,master_DB_2024_Q4.json
NCT03816358,monoclonal_antibody,ravtansine,master_DB_2024_Q4.json
NCT05866432,monoclonal_antibody,deruxtecan,master_DB_2024_Q4.json
NCT04439110,small_molecule,ado-trastuzumab,master_DB_2024_Q4.json
NCT03964727,monoclonal_antibody,sacituzumab govitecan,master_DB_2024_Q4.json
NCT06682728,monoclonal_antibody,sacituzumab govitecan,master_DB_2024_Q4.json
NCT05283330,small_molecule,immunoconjugate,master_DB_2024_Q4.json
NCT05982834,monoclonal_antibody,disitamab vedotin,master_DB_2024_Q4.json
NCT06357533,monoclonal_antibody,datopotamab deruxtecan,master_DB_2024_Q4.json
NCT04448886,monoclonal_antibody,sacituzumab govitecan,master_DB_2024_Q4.json
NCT05455697,monoclonal_antibody,polatuzumab vedotin,master_DB_2024_Q4.json
NCT04152499,small_molecule,antibody drug conjugate,master_DB_2024_Q4.json
NCT05923190,monoclonal_antibody,enfortumab vedotin,master_DB_2024_Q4.json
NCT04745949,monoclonal_antibody,brentuximab vedotin,master_DB_2024_Q4.json
NCT06555263,monoclonal_antibody,antibody-drug conjugate,master_DB_2024_Q4.json
NCT05865990,monoclonal_antibody,her3-dxd,master_DB_2024_Q4.json
NCT05367635,small_molecule,antibody drug conjugate,master_DB_2024_Q4.json
NCT05922904,monoclonal_antibody,brentuximab vedotin,master_DB_2024_Q4.json
NCT05274048,monoclonal_antibody,trastuzumab deruxtecan,master_DB_2024_Q4.json
NCT03568994,monoclonal_antibody,ozogamicin,master_DB_2024_Q4.json
NCT05845814,monoclonal_antibody,enfortumab vedotin,master_DB_2024_Q4.json
NCT01745965,monoclonal_antibody,trastuzumab emtansine,master_DB_2024_Q4.json
NCT04924699,monoclonal_antibody,trastuzumab emtansine,master_DB_2024_Q4.json
NCT06040320,monoclonal_antibody,polatuzumab vedotin,master_DB_2024_Q4.json
NCT06038396,monoclonal_antibody,antibody-drug conjugate,master_DB_2024_Q4.json
NCT06015113,monoclonal_antibody,disitamab vedotin,master_DB_2024_Q4.json
NCT06227117,small_molecule,disitamab vedotin,master_DB_2024_Q4.json
NCT06563245,monoclonal_antibody,brentuximab vedotin,master_DB_2024_Q4.json
NCT06078982,monoclonal_antibody,disitamab vedotin,master_DB_2024_Q4.json
NCT05270057,monoclonal_antibody,loncastuximab tesirine,master_DB_2024_Q4.json
NCT05101096,monoclonal_antibody,sacituzumab govitecan,master_DB_2024_Q4.json
NCT04323956,monoclonal_antibody,polatuzumab vedotin,master_DB_2024_Q4.json
NCT02326974,monoclonal_antibody,t-dm1,master_DB_2024_Q4.json
NCT06612203,monoclonal_antibody,sacituzumab govitecan,master_DB_2024_Q4.json
NCT06299852,monoclonal_antibody,trastuzumab emtansine,master_DB_2024_Q4.json
NCT05726175,monoclonal_antibody,disitamab vedotin,master_DB_2024_Q4.json
NCT03587844,monoclonal_antibody,brentuximab vedotin,master_DB_2024_Q4.json
NCT04561206,monoclonal_antibody,brentuximab vedotin,master_DB_2024_Q4.json
NCT06389006,small_molecule,disitamab vedotin,master_DB_2024_Q4.json
NCT06493552,monoclonal_antibody,enfortumab vedotin,master_DB_2024_Q4.json
NCT01920932,monoclonal_antibody,adcetris,master_DB_2024_Q4.json
NCT04913103,monoclonal_antibody,vedotin,master_DB_2024_Q4.json
NCT05861635,monoclonal_antibody,disitamab vedotin,master_DB_2024_Q4.json
NCT06597721,monoclonal_antibody,antibody-drug conjugate,master_DB_2024_Q4.json
NCT06590857,monoclonal_antibody,antibody-drug conjugate,master_DB_2024_Q4.json
NCT05271604,monoclonal_antibody,vedotin,master_DB_2024_Q4.json
NCT06178159,monoclonal_antibody,disitamab vedotin,master_DB_2024_Q4.json
NCT06594939,monoclonal_antibody,polatuzumab vedotin,master_DB_2024_Q4.json
NCT03425279,small_molecule,vedotin,master_DB_2024_Q4.json
NCT06227156,monoclonal_antibody,disitamab vedotin,master_DB_2024_Q4.json
NCT02099058,monoclonal_antibody,antibody drug conjugate,master_DB_2024_Q4.json
NCT05837806,monoclonal_antibody,vedotin,master_DB_2024_Q4.json
NCT04739761,monoclonal_antibody,trastuzumab deruxtecan,master_DB_2024_Q4.json
NCT03334617,monoclonal_antibody,trastuzumab deruxtecan,master_DB_2024_Q4.json
NCT04384484,monoclonal_antibody,loncastuximab tesirine,master_DB_2024_Q4.json
NCT05887609,monoclonal_antibody,mirvetuximab soravtansine,master_DB_2024_Q4.json
NCT04398914,monoclonal_antibody,t-dm1,master_DB_2024_Q4.json
NCT01409161,monoclonal_antibody,ozogamicin,master_DB_2024_Q4.json
NCT05898373,monoclonal_antibody,mmae,master_DB_2024_Q4.json
NCT05928897,monoclonal_antibody,disitamab vedotin,master_DB_2024_Q4.json
NCT05994001,monoclonal_antibody,adc (weak),master_DB_2024_Q4.json
NCT06088056,small_molecule,t-dxd,master_DB_2024_Q4.json
NCT05320588,monoclonal_antibody,antibody-drug conjugate,master_DB_2024_Q4.json
NCT05488353,monoclonal_antibody,disitamab vedotin,master_DB_2024_Q4.json
NCT06470282,monoclonal_antibody,enfortumab vedotin,master_DB_2024_Q4.json
NCT05183035,monoclonal_antibody,ozogamicin,master_DB_2024_Q4.json
NCT05404945,monoclonal_antibody,brentuximab vedotin,master_DB_2024_Q4.json
NCT02616965,monoclonal_antibody,brentuximab vedotin,master_DB_2024_Q4.json
NCT06341478,small_molecule,sacituzumab govitecan,master_DB_2024_Q4.json
NCT06595563,monoclonal_antibody,antibody-drug conjugate,master_DB_2024_Q4.json
NCT04307576,antibody_protein,ozogamicin,master_DB_2024_Q4.json
NCT05279300,monoclonal_antibody,antibody drug conjugate,master_DB_2024_Q4.json
NCT05917158,small_molecule,disitamab vedotin,master_DB_2024_Q4.json
NCT06236269,monoclonal_antibody,sacituzumab govitecan,master_DB_2024_Q4.json
NCT04617522,monoclonal_antibody,sacituzumab govitecan,master_DB_2024_Q4.json
NCT02568839,monoclonal_antibody,trastuzumab emtansine,master_DB_2024_Q4.json
NCT06548178,monoclonal_antibody,trastuzumab deruxtecan,master_DB_2024_Q4.json
NCT05217693,small_molecule,adc (weak),master_DB_2024_Q4.json
NCT04622319,monoclonal_antibody,trastuzumab deruxtecan,master_DB_2024_Q4.json
NCT05119907,monoclonal_antibody,sacituzumab govitecan,master_DB_2024_Q4.json
NCT04491370,monoclonal_antibody,polatuzumab vedotin,master_DB_2024_Q4.json
NCT06516978,small_molecule,polatuzumab vedotin,master_DB_2024_Q4.json
NCT03576378,small_molecule,vedotin,master_DB_2024_Q4.json
NCT05704829,monoclonal_antibody,deruxtecan,master_DB_2024_Q4.json
NCT05034887,monoclonal_antibody,trastuzumab deruxtecan,master_DB_2024_Q4.json
NCT03500380,oligonucleotide,mmae,master_DB_2024_Q4.json
NCT03485209,monoclonal_antibody,tisotumab vedotin,master_DB_2024_Q4.json
NCT05633667,monoclonal_antibody,sacituzumab govitecan,master_DB_2024_Q4.json
NCT06563778,monoclonal_antibody,brentuximab vedotin,master_DB_2024_Q4.json
NCT06641908,monoclonal_antibody,antibody drug conjugate,master_DB_2024_Q4.json
NCT05748171,monoclonal_antibody,ozogamicin,master_DB_2024_Q4.json
NCT06238921,monoclonal_antibody,sacituzumab govitecan,master_DB_2024_Q4.json
NCT06548672,small_molecule,antibody drug conjugate,master_DB_2024_Q4.json
NCT05555732,monoclonal_antibody,datopotamab deruxtecan,master_DB_2024_Q4.json
NCT02684292,monoclonal_antibody,brentuximab vedotin,master_DB_2024_Q4.json
NCT03975647,monoclonal_antibody,ado-trastuzumab,master_DB_2024_Q4.json
NCT03742102,monoclonal_antibody,trastuzumab deruxtecan,master_DB_2024_Q4.json
NCT06555744,monoclonal_antibody,antibody drug conjugate,master_DB_2024_Q4.json
NCT06324357,monoclonal_antibody,trastuzumab deruxtecan,master_DB_2024_Q4.json
NCT06383533,monoclonal_antibody,disitamab vedotin,master_DB_2024_Q4.json
NCT06161025,small_molecule,deruxtecan,master_DB_2024_Q4.json
NCT04893109,monoclonal_antibody,trastuzumab emtansine,master_DB_2024_Q4.json
NCT06123468,monoclonal_antibody,govitecan,master_DB_2024_Q4.json
NCT05149768,monoclonal_antibody,brentuximab vedotin,master_DB_2024_Q4.json
NCT04404283,monoclonal_antibody,brentuximab vedotin,master_DB_2024_Q4.json
NCT05134519,monoclonal_antibody,mmae,master_DB_2024_Q4.json
NCT04609566,monoclonal_antibody,brentuximab vedotin,master_DB_2024_Q4.json
NCT05911295,monoclonal_antibody,disitamab vedotin,master_DB_2024_Q4.json
NCT03374332,monoclonal_antibody,ozogamicin,master_DB_2024_Q4.json
NCT05374512,oligonucleotide,datopotamab deruxtecan,master_DB_2024_Q4.json
NCT06679582,monoclonal_antibody,antibody-drug conjugate,master_DB_2024_Q4.json
NCT05498220,monoclonal_antibody,polatuzumab vedotin,master_DB_2024_Q4.json
NCT04389632,monoclonal_antibody,vedotin,master_DB_2024_Q4.json
NCT05965479,monoclonal_antibody,trastuzumab deruxtecan,master_DB_2024_Q4.json
NCT00658814,monoclonal_antibody,ozogamicin,master_DB_2024_Q4.json
NCT06081244,monoclonal_antibody,sacituzumab govitecan,master_DB_2024_Q4.json
NCT06365853,monoclonal_antibody,mirvetuximab soravtansine,master_DB_2024_Q4.json
NCT06431633,small_molecule,sacituzumab govitecan,master_DB_2024_Q4.json
NCT06468943,monoclonal_antibody,polatuzumab vedotin,master_DB_2024_Q4.json
NCT03523585,monoclonal_antibody,trastuzumab deruxtecan,master_DB_2024_Q4.json
NCT06577376,small_molecule,mmae,master_DB_2024_Q4.json
NCT04665765,monoclonal_antibody,polatuzumab vedotin,master_DB_2024_Q4.json
NCT04471727,monoclonal_antibody,deruxtecan,master_DB_2024_Q4.json
NCT06457997,monoclonal_antibody,antibody drug conjugate,master_DB_2024_Q4.json
NCT04569032,monoclonal_antibody,brentuximab vedotin,master_DB_2024_Q4.json
NCT06563804,small_molecule,antibody-drug conjugate,master_DB_2024_Q4.json
NCT06450314,small_molecule,deruxtecan,master_DB_2024_Q4.json
NCT06549816,small_molecule,vedotin,master_DB_2024_Q4.json
NCT05081609,monoclonal_antibody,trastuzumab emtansine,master_DB_2024_Q4.json
NCT06643585,monoclonal_antibody,deruxtecan,master_DB_2024_Q4.json
NCT05406401,monoclonal_antibody,vedotin,master_DB_2024_Q4.json
NCT03126630,monoclonal_antibody,ravtansine,master_DB_2024_Q4.json
NCT06071871,monoclonal_antibody,polatuzumab vedotin,master_DB_2024_Q4.json
NCT06630130,monoclonal_antibody,trastuzumab deruxtecan,master_DB_2024_Q4.json
NCT06644781,small_molecule,deruxtecan,master_DB_2024_Q4.json
NCT03533283,monoclonal_antibody,polatuzumab vedotin,master_DB_2024_Q4.json
NCT04873362,monoclonal_antibody,trastuzumab emtansine,master_DB_2024_Q4.json
NCT05982678,monoclonal_antibody,deruxtecan,master_DB_2024_Q4.json
NCT06545617,small_molecule,antibody drug conjugate,master_DB_2024_Q4.json
NCT06253650,monoclonal_antibody,trastuzumab deruxtecan,master_DB_2024_Q4.json
NCT03552471,monoclonal_antibody,mirvetuximab soravtansine,master_DB_2024_Q4.json
NCT04189614,monoclonal_antibody,antibody drug conjugate,master_DB_2024_Q4.json
NCT03924895,monoclonal_antibody,enfortumab vedotin,master_DB_2024_Q4.json
NCT05540483,monoclonal_antibody,disitamab vedotin,master_DB_2024_Q4.json
NCT06749860,monoclonal_antibody,disitamab vedotin,master_DB_2024_Q4.json
NCT03739814,monoclonal_antibody,ozogamicin,master_DB_2024_Q4.json
NCT05458297,monoclonal_antibody,vedotin,master_DB_2024_Q4.json
NCT04579224,monoclonal_antibody,sacituzumab govitecan,master_DB_2024_Q4.json
NCT05950945,monoclonal_antibody,trastuzumab deruxtecan,master_DB_2024_Q4.json
NCT05303792,monoclonal_antibody,ozogamicin,master_DB_2024_Q4.json
NCT06750484,monoclonal_antibody,trastuzumab deruxtecan,master_DB_2024_Q4.json
NCT06459180,monoclonal_antibody,tisotumab vedotin,master_DB_2024_Q4.json
NCT06717347,monoclonal_antibody,vedotin,master_DB_2024_Q4.json
NCT06743945,monoclonal_antibody,polatuzumab vedotin,master_DB_2024_Q4.json
NCT04826341,monoclonal_antibody,sacituzumab govitecan,master_DB_2024_Q4.json
NCT06616987,monoclonal_antibody,sacituzumab govitecan,master_DB_2024_Q4.json
NCT06483334,monoclonal_antibody,enfortumab vedotin,master_DB_2024_Q4.json
NCT06596694,monoclonal_antibody,patritumab deruxtecan,master_DB_2024_Q4.json
NCT05139017,monoclonal_antibody,vedotin,master_DB_2024_Q4.json
NCT03755804,monoclonal_antibody,brentuximab vedotin,master_DB_2024_Q4.json
NCT05417594,monoclonal_antibody,datopotamab deruxtecan,master_DB_2024_Q4.json
NCT06041503,monoclonal_antibody,enfortumab vedotin,master_DB_2024_Q4.json
NCT05675410,monoclonal_antibody,brentuximab vedotin,master_DB_2024_Q4.json
NCT05382299,monoclonal_antibody,sacituzumab govitecan,master_DB_2024_Q4.json
NCT04450732,monoclonal_antibody,antibody-drug conjugate,master_DB_2024_Q4.json
NCT05584709,small_molecule,antibody drug conjugate,master_DB_2024_Q4.json
NCT04539938,monoclonal_antibody,trastuzumab deruxtecan,master_DB_2024_Q4.json
NCT05249959,monoclonal_antibody,loncastuximab tesirine,master_DB_2024_Q4.json
NCT06178601,small_molecule,adc (weak),master_DB_2024_Q4.json
NCT06486883,monoclonal_antibody,trastuzumab deruxtecan,master_DB_2024_Q4.json
NCT04293562,monoclonal_antibody,ozogamicin,master_DB_2024_Q4.json
NCT06115642,small_molecule,adc (weak),master_DB_2024_Q4.json
NCT02675829,monoclonal_antibody,ado-trastuzumab,master_DB_2024_Q4.json
NCT02981628,monoclonal_antibody,ozogamicin,master_DB_2024_Q4.json
NCT06524544,monoclonal_antibody,sacituzumab govitecan,master_DB_2024_Q4.json
NCT06356155,monoclonal_antibody,enfortumab vedotin,master_DB_2024_Q4.json
NCT05071053,monoclonal_antibody,tusamitamab ravtansine,master_DB_2024_Q4.json
NCT05311397,small_molecule,antibody drug conjugate,master_DB_2024_Q4.json
NCT03959085,monoclonal_antibody,ozogamicin,master_DB_2024_Q4.json
NCT06718933,monoclonal_antibody,adc (weak),master_DB_2024_Q4.json
NCT06155396,monoclonal_antibody,disitamab vedotin,master_DB_2024_Q4.json
NCT04619004,monoclonal_antibody,patritumab deruxtecan,master_DB_2024_Q4.json
NCT06341400,monoclonal_antibody,vedotin,master_DB_2024_Q4.json
NCT06203210,small_molecule,deruxtecan,master_DB_2024_Q4.json
NCT06462092,monoclonal_antibody,sacituzumab govitecan,master_DB_2024_Q4.json
NCT03007030,monoclonal_antibody,adcetris,master_DB_2024_Q4.json
NCT04050280,monoclonal_antibody,ozogamicin,master_DB_2024_Q4.json
NCT05410418,monoclonal_antibody,polatuzumab vedotin,master_DB_2024_Q4.json
NCT05940064,monoclonal_antibody,polatuzumab vedotin,master_DB_2024_Q4.json
NCT06554600,small_molecule,polatuzumab vedotin,master_DB_2024_Q4.json
NCT05900206,small_molecule,trastuzumab deruxtecan,master_DB_2024_Q4.json
NCT05006794,monoclonal_antibody,sacituzumab govitecan,master_DB_2024_Q4.json
NCT05243693,monoclonal_antibody,brentuximab vedotin,master_DB_2024_Q4.json
NCT03504488,small_molecule,antibody drug conjugate,master_DB_2024_Q4.json
NCT05948865,monoclonal_antibody,antibody-drug conjugate,master_DB_2024_Q4.json
NCT05737615,radiopharmaceutical,immunoconjugate,master_DB_2024_Q4.json
NCT06087419,monoclonal_antibody,ozogamicin,master_DB_2024_Q4.json
NCT05535218,monoclonal_antibody,sacituzumab govitecan,master_DB_2024_Q4.json
NCT06058988,monoclonal_antibody,trastuzumab deruxtecan,master_DB_2024_Q4.json
NCT05048797,monoclonal_antibody,trastuzumab deruxtecan,master_DB_2024_Q4.json
NCT04197687,monoclonal_antibody,trastuzumab emtansine,master_DB_2024_Q4.json
NCT06470672,monoclonal_antibody,adc (weak),master_DB_2024_Q4.json
NCT04644068,small_molecule,dxd,master_DB_2024_Q4.json
NCT05955261,monoclonal_antibody,ozogamicin,master_DB_2024_Q4.json
NCT03900949,monoclonal_antibody,ozogamicin,master_DB_2024_Q4.json
NCT05629585,monoclonal_antibody,datopotamab deruxtecan,master_DB_2024_Q4.json
NCT06395103,monoclonal_antibody,vedotin,master_DB_2024_Q4.json
NCT04482309,monoclonal_antibody,trastuzumab deruxtecan,master_DB_2024_Q4.json
NCT05061550,small_molecule,dato-dxd,master_DB_2024_Q4.json
NCT06348134,monoclonal_antibody,trastuzumab emtansine,master_DB_2024_Q4.json
NCT06710132,monoclonal_antibody,antibody-drug conjugate,master_DB_2024_Q4.json
NCT05569811,monoclonal_antibody,patritumab deruxtecan,master_DB_2024_Q4.json
NCT05633615,monoclonal_antibody,polatuzumab vedotin,master_DB_2024_Q4.json
NCT05408845,monoclonal_antibody,ado-trastuzumab,master_DB_2024_Q4.json
NCT05558124,monoclonal_antibody,ozogamicin,master_DB_2024_Q4.json
NCT06248515,monoclonal_antibody,sacituzumab govitecan,master_DB_2024_Q4.json
NCT05489211,monoclonal_antibody,datopotamab deruxtecan,master_DB_2024_Q4.json
NCT03671018,monoclonal_antibody,polatuzumab vedotin,master_DB_2024_Q4.json
NCT04606914,monoclonal_antibody,mirvetuximab soravtansine,master_DB_2024_Q4.json
NCT06417814,small_molecule,dato-dxd,master_DB_2024_Q4.json
NCT05527184,monoclonal_antibody,antibody-drug conjugate,master_DB_2024_Q4.json
NCT05661357,monoclonal_antibody,disitamab vedotin,master_DB_2024_Q4.json
NCT04662580,small_molecule,adc (weak),master_DB_2024_Q4.json
NCT05633654,monoclonal_antibody,sacituzumab govitecan,master_DB_2024_Q4.json
NCT03356054,monoclonal_antibody,brentuximab vedotin,master_DB_2024_Q4.json
NCT06710379,small_molecule,antibody drug conjugate,master_DB_2024_Q4.json
NCT06680596,monoclonal_antibody,deruxtecan,master_DB_2024_Q4.json
NCT05144841,monoclonal_antibody,vedotin,master_DB_2024_Q4.json
NCT05991388,monoclonal_antibody,loncastuximab tesirine,master_DB_2024_Q4.json
NCT04940325,monoclonal_antibody,antibody-drug conjugate,master_DB_2024_Q4.json
NCT05798156,monoclonal_antibody,antibody-drug conjugate,master_DB_2024_Q4.json
NCT04986579,monoclonal_antibody,sacituzumab govitecan,master_DB_2024_Q4.json
NCT03835819,monoclonal_antibody,mirvetuximab soravtansine,master_DB_2024_Q4.json
NCT04965766,monoclonal_antibody,patritumab deruxtecan,master_DB_2024_Q4.json
NCT05180097,monoclonal_antibody,brentuximab vedotin,master_DB_2024_Q4.json
NCT06250777,monoclonal_antibody,t-dxd,master_DB_2024_Q4.json
NCT05868395,monoclonal_antibody,polatuzumab vedotin,master_DB_2024_Q4.json
NCT05039073,monoclonal_antibody,brentuximab vedotin,master_DB_2024_Q4.json
NCT06492317,monoclonal_antibody,disitamab vedotin,master_DB_2024_Q4.json
NCT03539536,monoclonal_antibody,telisotuzumab vedotin,master_DB_2024_Q4.json
NCT05755048,monoclonal_antibody,t-dm1,master_DB_2024_Q4.json
NCT06431490,small_molecule,antibody-drug conjugate,master_DB_2024_Q4.json
NCT06508216,monoclonal_antibody,dato-dxd,master_DB_2024_Q4.json
NCT04963153,monoclonal_antibody,enfortumab vedotin,master_DB_2025_Q3.json
NCT07082920,monoclonal_antibody,antibody drug conjugate,master_DB_2025_Q3.json
NCT06723236,biologic,antibody-drug conjugate,master_DB_2025_Q3.json
NCT05488353,monoclonal_antibody,disitamab vedotin,master_DB_2025_Q3.json
NCT07178730,monoclonal_antibody,sacituzumab govitecan,master_DB_2025_Q3.json
NCT05455697,monoclonal_antibody,polatuzumab vedotin,master_DB_2025_Q3.json
NCT05800366,monoclonal_antibody,antibody drug conjugate,master_DB_2025_Q3.json
NCT05868395,monoclonal_antibody,polatuzumab vedotin,master_DB_2025_Q3.json
NCT07052994,small_molecule,ozogamicin,master_DB_2025_Q3.json
NCT05081609,monoclonal_antibody,trastuzumab emtansine,master_DB_2025_Q3.json
NCT05845450,monoclonal_antibody,trastuzumab deruxtecan,master_DB_2025_Q3.json
NCT06071871,monoclonal_antibody,polatuzumab vedotin,master_DB_2025_Q3.json
NCT07178457,monoclonal_antibody,brentuximab vedotin,master_DB_2025_Q3.json
NCT02979522,monoclonal_antibody,brentuximab vedotin,master_DB_2025_Q3.json
NCT06040320,monoclonal_antibody,polatuzumab vedotin,master_DB_2025_Q3.json
NCT06797622,monoclonal_antibody,t-dxd,master_DB_2025_Q3.json
NCT06470672,monoclonal_antibody,adc (weak),master_DB_2025_Q3.json
NCT05775471,monoclonal_antibody,enfortumab vedotin,master_DB_2025_Q3.json
NCT06167317,monoclonal_antibody,sacituzumab govitecan,master_DB_2025_Q3.json
NCT05388149,small_molecule,kadcyla,master_DB_2025_Q3.json
NCT05239624,monoclonal_antibody,enfortumab vedotin,master_DB_2025_Q3.json
NCT04457596,monoclonal_antibody,t-dm1,master_DB_2025_Q3.json
NCT04379596,monoclonal_antibody,trastuzumab deruxtecan,master_DB_2025_Q3.json
NCT06851299,monoclonal_antibody,adc (weak),master_DB_2025_Q3.json
NCT05633615,monoclonal_antibody,polatuzumab vedotin,master_DB_2025_Q3.json
NCT03533283,monoclonal_antibody,polatuzumab vedotin,master_DB_2025_Q3.json
NCT06842498,monoclonal_antibody,antibody-drug conjugate,master_DB_2025_Q3.json
NCT06530511,monoclonal_antibody,polatuzumab vedotin,master_DB_2025_Q3.json
NCT05971251,monoclonal_antibody,loncastuximab tesirine,master_DB_2025_Q3.json
NCT06234423,monoclonal_antibody,antibody-drug conjugate,master_DB_2025_Q3.json
NCT05673785,monoclonal_antibody,brentuximab vedotin,master_DB_2025_Q3.json
NCT07063212,monoclonal_antibody,sacituzumab govitecan,master_DB_2025_Q3.json
NCT05016947,monoclonal_antibody,ozogamicin,master_DB_2025_Q3.json
NCT01712490,monoclonal_antibody,brentuximab vedotin,master_DB_2025_Q3.json
NCT04145622,monoclonal_antibody,deruxtecan,master_DB_2025_Q3.json
NCT04844866,monoclonal_antibody,polatuzumab vedotin,master_DB_2025_Q3.json
NCT06849492,monoclonal_antibody,adc (weak),master_DB_2025_Q3.json
NCT05662904,monoclonal_antibody,ozogamicin,master_DB_2025_Q3.json
NCT06558682,monoclonal_antibody,disitamab vedotin,master_DB_2025_Q3.json
NCT05134519,monoclonal_antibody,mmae,master_DB_2025_Q3.json
NCT06823427,monoclonal_antibody,mmae,master_DB_2025_Q3.json
NCT05586061,monoclonal_antibody,disitamab vedotin,master_DB_2025_Q3.json
NCT05199051,monoclonal_antibody,ozogamicin,master_DB_2025_Q3.json
NCT05332561,monoclonal_antibody,sacituzumab govitecan,master_DB_2025_Q3.json
NCT04704934,monoclonal_antibody,trastuzumab deruxtecan,master_DB_2025_Q3.json
NCT05833867,monoclonal_antibody,sacituzumab govitecan,master_DB_2025_Q3.json
NCT04538742,monoclonal_antibody,trastuzumab deruxtecan,master_DB_2025_Q3.json
NCT06839066,small_molecule,adc (weak),master_DB_2025_Q3.json
NCT06359002,monoclonal_antibody,antibody-drug conjugate,master_DB_2025_Q3.json
NCT06377566,monoclonal_antibody,brentuximab vedotin,master_DB_2025_Q3.json
NCT05884320,monoclonal_antibody,sacituzumab govitecan,master_DB_2025_Q3.json
NCT03057795,monoclonal_antibody,brentuximab vedotin,master_DB_2025_Q3.json
NCT03944772,monoclonal_antibody,datopotamab deruxtecan,master_DB_2025_Q3.json
NCT02326974,monoclonal_antibody,t-dm1,master_DB_2025_Q3.json
NCT04676477,monoclonal_antibody,her3-dxd,master_DB_2025_Q3.json
NCT06667960,monoclonal_antibody,antibody drug conjugate,master_DB_2025_Q3.json
NCT06861348,monoclonal_antibody,ozogamicin,master_DB_2025_Q3.json
NCT06248515,monoclonal_antibody,sacituzumab govitecan,master_DB_2025_Q3.json
NCT04965766,monoclonal_antibody,patritumab deruxtecan,master_DB_2025_Q3.json
NCT05053659,monoclonal_antibody,loncastuximab tesirine,master_DB_2025_Q3.json
NCT05357794,monoclonal_antibody,brentuximab vedotin,master_DB_2025_Q3.json
NCT06187506,monoclonal_antibody,disitamab vedotin,master_DB_2025_Q3.json
NCT06857747,oligonucleotide,disitamab vedotin,master_DB_2025_Q3.json
NCT06667167,monoclonal_antibody,sacituzumab govitecan,master_DB_2025_Q3.json
NCT06730373,monoclonal_antibody,disitamab vedotin,master_DB_2025_Q3.json
NCT07015697,monoclonal_antibody,trastuzumab deruxtecan,master_DB_2025_Q3.json
NCT06743945,monoclonal_antibody,polatuzumab vedotin,master_DB_2025_Q3.json
NCT06718933,monoclonal_antibody,adc (weak),master_DB_2025_Q3.json
NCT05006794,small_molecule,sacituzumab govitecan,master_DB_2025_Q3.json
NCT06819007,monoclonal_antibody,trastuzumab deruxtecan,master_DB_2025_Q3.json
NCT07069595,monoclonal_antibody,datopotamab deruxtecan,master_DB_2025_Q3.json
NCT04230109,monoclonal_antibody,sacituzumab govitecan,master_DB_2025_Q3.json
NCT04863885,monoclonal_antibody,sacituzumab govitecan,master_DB_2025_Q3.json
NCT06954480,monoclonal_antibody,datopotamab deruxtecan,master_DB_2025_Q3.json
NCT05456698,monoclonal_antibody,ozogamicin,master_DB_2025_Q3.json
NCT04039230,monoclonal_antibody,antibody-drug conjugate,master_DB_2025_Q3.json
NCT01042379,monoclonal_antibody,t-dm1,master_DB_2025_Q3.json
NCT04050280,monoclonal_antibody,ozogamicin,master_DB_2025_Q3.json
NCT05765851,monoclonal_antibody,t-dxd,master_DB_2025_Q3.json
NCT06742892,small_molecule,adc (weak),master_DB_2025_Q3.json
NCT06450314,small_molecule,deruxtecan,master_DB_2025_Q3.json
NCT05283330,small_molecule,immunoconjugate,master_DB_2025_Q3.json
NCT06439693,monoclonal_antibody,t-dm1,master_DB_2025_Q3.json
NCT06769113,small_molecule,adc (weak),master_DB_2025_Q3.json
NCT04724018,monoclonal_antibody,sacituzumab govitecan,master_DB_2025_Q3.json
NCT06749860,monoclonal_antibody,disitamab vedotin,master_DB_2025_Q3.json
NCT06739395,small_molecule,sacituzumab govitecan,master_DB_2025_Q3.json
NCT07106892,small_molecule,adc (weak),master_DB_2025_Q3.json
NCT05564858,monoclonal_antibody,antibody-drug conjugate,master_DB_2025_Q3.json
NCT03964727,monoclonal_antibody,sacituzumab govitecan,master_DB_2025_Q3.json
NCT05672251,monoclonal_antibody,loncastuximab tesirine,master_DB_2025_Q3.json
NCT06734182,monoclonal_antibody,disitamab vedotin,master_DB_2025_Q3.json
NCT05749588,monoclonal_antibody,antibody-drug conjugate,master_DB_2025_Q3.json
NCT06761911,monoclonal_antibody,brentuximab vedotin,master_DB_2025_Q3.json
NCT03856216,monoclonal_antibody,ozogamicin,master_DB_2025_Q3.json
NCT06752681,monoclonal_antibody,antibody-drug conjugate,master_DB_2025_Q3.json
NCT04878029,monoclonal_antibody,enfortumab vedotin,master_DB_2025_Q3.json
NCT06769152,small_molecule,adc (weak),master_DB_2025_Q3.json
NCT05922904,monoclonal_antibody,brentuximab vedotin,master_DB_2025_Q3.json
NCT06642545,monoclonal_antibody,disitamab vedotin,master_DB_2025_Q3.json
NCT05464719,monoclonal_antibody,loncastuximab tesirine,master_DB_2025_Q3.json
NCT05101096,monoclonal_antibody,sacituzumab govitecan,master_DB_2025_Q3.json
NCT05552001,monoclonal_antibody,sacituzumab govitecan,master_DB_2025_Q3.json
NCT03374332,monoclonal_antibody,ozogamicin,master_DB_2025_Q3.json
NCT05034887,monoclonal_antibody,trastuzumab deruxtecan,master_DB_2025_Q3.json
NCT06878625,monoclonal_antibody,sacituzumab govitecan,master_DB_2025_Q3.json
NCT06548672,small_molecule,antibody drug conjugate,master_DB_2025_Q3.json
NCT03523585,monoclonal_antibody,trastuzumab deruxtecan,master_DB_2025_Q3.json
NCT05594095,monoclonal_antibody,adc (weak),master_DB_2025_Q3.json
NCT03712202,monoclonal_antibody,brentuximab vedotin,master_DB_2025_Q3.json
NCT06222489,monoclonal_antibody,patritumab deruxtecan,master_DB_2025_Q3.json
NCT06123468,monoclonal_antibody,govitecan,master_DB_2025_Q3.json
NCT06561555,monoclonal_antibody,disitamab vedotin,master_DB_2025_Q3.json
NCT05755048,monoclonal_antibody,t-dm1,master_DB_2025_Q3.json
NCT06774963,monoclonal_antibody,antibody drug conjugate,master_DB_2025_Q3.json
NCT05923190,monoclonal_antibody,enfortumab vedotin,master_DB_2025_Q3.json
NCT06496490,small_molecule,antibody-drug conjugate,master_DB_2025_Q3.json
NCT05149768,monoclonal_antibody,brentuximab vedotin,master_DB_2025_Q3.json
NCT06797999,small_molecule,antibody-drug conjugate,master_DB_2025_Q3.json
NCT06201507,monoclonal_antibody,brentuximab vedotin,master_DB_2025_Q3.json
NCT06492317,monoclonal_antibody,disitamab vedotin,master_DB_2025_Q3.json
NCT06468943,monoclonal_antibody,polatuzumab vedotin,master_DB_2025_Q3.json
NCT05965479,monoclonal_antibody,trastuzumab deruxtecan,master_DB_2025_Q3.json
NCT06630130,monoclonal_antibody,trastuzumab deruxtecan,master_DB_2025_Q3.json
NCT06831370,monoclonal_antibody,brentuximab vedotin,master_DB_2025_Q3.json
NCT06121557,monoclonal_antibody,adc (weak),master_DB_2025_Q3.json
NCT04913103,monoclonal_antibody,vedotin,master_DB_2025_Q3.json
NCT06104618,monoclonal_antibody,enfortumab vedotin,master_DB_2025_Q3.json
NCT05581589,monoclonal_antibody,sacituzumab govitecan,master_DB_2025_Q3.json
NCT06951243,small_molecule,adc (weak),master_DB_2025_Q3.json
NCT04884035,monoclonal_antibody,polatuzumab vedotin,master_DB_2025_Q3.json
NCT04794699,monoclonal_antibody,sacituzumab govitecan,master_DB_2025_Q3.json
NCT06554626,monoclonal_antibody,ozogamicin,master_DB_2025_Q3.json
NCT05226117,monoclonal_antibody,sacituzumab govitecan,master_DB_2025_Q3.json
NCT05308225,monoclonal_antibody,antibody drug conjugate,master_DB_2025_Q3.json
NCT06904573,monoclonal_antibody,disitamab vedotin,master_DB_2025_Q3.json
NCT07013565,monoclonal_antibody,brentuximab vedotin,master_DB_2025_Q3.json
NCT02758717,monoclonal_antibody,brentuximab vedotin,master_DB_2025_Q3.json
NCT04686305,monoclonal_antibody,trastuzumab deruxtecan,master_DB_2025_Q3.json
NCT06302569,monoclonal_antibody,enfortumab vedotin,master_DB_2025_Q3.json
NCT06265727,monoclonal_antibody,antibody-drug conjugate,master_DB_2025_Q3.json
NCT05915351,monoclonal_antibody,enfortumab vedotin,master_DB_2025_Q3.json
NCT06966453,monoclonal_antibody,disitamab vedotin,master_DB_2025_Q3.json
NCT06178159,monoclonal_antibody,disitamab vedotin,master_DB_2025_Q3.json
NCT06400472,monoclonal_antibody,antibody-drug conjugate,master_DB_2025_Q3.json
NCT06660654,small_molecule,deruxtecan,master_DB_2025_Q3.json
NCT06350097,small_molecule,datopotamab deruxtecan,master_DB_2025_Q3.json
NCT01703949,monoclonal_antibody,brentuximab vedotin,master_DB_2025_Q3.json
NCT06227117,small_molecule,disitamab vedotin,master_DB_2025_Q3.json
NCT05061550,monoclonal_antibody,dato-dxd,master_DB_2025_Q3.json
NCT05652868,monoclonal_antibody,antibody-drug conjugate,master_DB_2025_Q3.json
NCT06758401,monoclonal_antibody,vedotin,master_DB_2025_Q3.json
NCT06607549,monoclonal_antibody,loncastuximab tesirine,master_DB_2025_Q3.json
NCT04784715,monoclonal_antibody,trastuzumab deruxtecan,master_DB_2025_Q3.json
NCT05562830,monoclonal_antibody,vedotin,master_DB_2025_Q3.json
NCT07162259,small_molecule,t-dxd,master_DB_2025_Q3.json
NCT03334617,monoclonal_antibody,trastuzumab deruxtecan,master_DB_2025_Q3.json
NCT04998669,monoclonal_antibody,loncastuximab tesirine,master_DB_2025_Q3.json
NCT05453396,monoclonal_antibody,loncastuximab tesirine,master_DB_2025_Q3.json
NCT05735496,small_molecule,antibody-drug conjugate,master_DB_2025_Q3.json
NCT07012980,monoclonal_antibody,polatuzumab vedotin,master_DB_2025_Q3.json
NCT07127874,monoclonal_antibody,antibody drug conjugate,master_DB_2025_Q3.json
NCT04556773,monoclonal_antibody,trastuzumab deruxtecan,master_DB_2025_Q3.json
NCT06015113,monoclonal_antibody,disitamab vedotin,master_DB_2025_Q3.json
NCT05217693,small_molecule,adc (weak),master_DB_2025_Q3.json
NCT06563778,oligonucleotide,brentuximab vedotin,master_DB_2025_Q3.json
NCT03576378,small_molecule,vedotin,master_DB_2025_Q3.json
NCT06857279,small_molecule,adc (weak),master_DB_2025_Q3.json
NCT04491370,monoclonal_antibody,polatuzumab vedotin,master_DB_2025_Q3.json
NCT04914741,monoclonal_antibody,polatuzumab vedotin,master_DB_2025_Q3.json
NCT05861635,monoclonal_antibody,disitamab vedotin,master_DB_2025_Q3.json
NCT06890338,monoclonal_antibody,mirvetuximab soravtansine,master_DB_2025_Q3.json
NCT06389006,monoclonal_antibody,disitamab vedotin,master_DB_2025_Q3.json
NCT05834764,small_molecule,t-dm1,master_DB_2025_Q3.json
NCT05311397,small_molecule,antibody drug conjugate,master_DB_2025_Q3.json
NCT03547973,monoclonal_antibody,sacituzumab govitecan,master_DB_2025_Q3.json
NCT06356155,monoclonal_antibody,enfortumab vedotin,master_DB_2025_Q3.json
NCT06172127,monoclonal_antibody,trastuzumab deruxtecan,master_DB_2025_Q3.json
NCT05406401,monoclonal_antibody,vedotin,master_DB_2025_Q3.json
NCT03126630,monoclonal_antibody,ravtansine,master_DB_2025_Q3.json
NCT06253650,monoclonal_antibody,trastuzumab deruxtecan,master_DB_2025_Q3.json
NCT05982834,monoclonal_antibody,disitamab vedotin,master_DB_2025_Q3.json
NCT06837792,monoclonal_antibody,trastuzumab deruxtecan,master_DB_2025_Q3.json
NCT06928363,small_molecule,antibody-drug conjugate,master_DB_2025_Q3.json
NCT04873362,monoclonal_antibody,trastuzumab emtansine,master_DB_2025_Q3.json
NCT06431490,small_molecule,antibody-drug conjugate,master_DB_2025_Q3.json
NCT05584709,monoclonal_antibody,antibody drug conjugate,master_DB_2025_Q3.json
NCT05408845,monoclonal_antibody,trastuzumab deruxtecan,master_DB_2025_Q3.json
NCT05867251,monoclonal_antibody,sacituzumab govitecan,master_DB_2025_Q3.json
NCT04606914,monoclonal_antibody,mirvetuximab soravtansine,master_DB_2025_Q3.json
NCT04385290,monoclonal_antibody,ozogamicin,master_DB_2025_Q3.json
NCT06577376,small_molecule,mmae,master_DB_2025_Q3.json
NCT06245824,monoclonal_antibody,trastuzumab deruxtecan,master_DB_2025_Q3.json
NCT07159217,monoclonal_antibody,disitamab vedotin,master_DB_2025_Q3.json
NCT06508216,monoclonal_antibody,dato-dxd,master_DB_2025_Q3.json
NCT06088056,small_molecule,t-dxd,master_DB_2025_Q3.json
NCT05578287,monoclonal_antibody,disitamab vedotin,master_DB_2025_Q3.json
NCT06364410,monoclonal_antibody,trastuzumab deruxtecan,master_DB_2025_Q3.json
NCT06919939,monoclonal_antibody,loncastuximab tesirine,master_DB_2025_Q3.json
NCT07040644,monoclonal_antibody,sacituzumab govitecan,master_DB_2025_Q3.json
NCT04274426,monoclonal_antibody,mirvetuximab soravtansine,master_DB_2025_Q3.json
NCT05215340,monoclonal_antibody,dato-dxd,master_DB_2025_Q3.json
NCT04680442,monoclonal_antibody,trastuzumab emtansine,master_DB_2025_Q3.json
NCT06238479,monoclonal_antibody,antibody-drug conjugate,master_DB_2025_Q3.json
NCT06948539,small_molecule,antibody drug conjugate,master_DB_2025_Q3.json
NCT04561206,monoclonal_antibody,brentuximab vedotin,master_DB_2025_Q3.json
NCT04754191,monoclonal_antibody,enfortumab vedotin,master_DB_2025_Q3.json
NCT05283720,monoclonal_antibody,polatuzumab vedotin,master_DB_2025_Q3.json
NCT06453044,monoclonal_antibody,polatuzumab vedotin,master_DB_2025_Q3.json
NCT05614739,monoclonal_antibody,enfortumab vedotin,master_DB_2025_Q3.json
NCT05941507,monoclonal_antibody,antibody-drug conjugate,master_DB_2025_Q3.json
NCT06305767,monoclonal_antibody,enfortumab vedotin,master_DB_2025_Q3.json
NCT02724163,monoclonal_antibody,ozogamicin,master_DB_2025_Q3.json
NCT07129993,small_molecule,datopotamab deruxtecan,master_DB_2025_Q3.json
NCT06957561,monoclonal_antibody,disitamab vedotin,master_DB_2025_Q3.json
NCT06827613,monoclonal_antibody,sacituzumab govitecan,master_DB_2025_Q3.json
NCT06435429,monoclonal_antibody,trastuzumab deruxtecan,master_DB_2025_Q3.json
NCT06823167,biologic,antibody-drug conjugate,master_DB_2025_Q3.json
NCT06747585,monoclonal_antibody,antibody-drug conjugate,master_DB_2025_Q3.json
NCT02661503,monoclonal_antibody,brentuximab vedotin,master_DB_2025_Q3.json
NCT05113251,monoclonal_antibody,trastuzumab deruxtecan,master_DB_2025_Q3.json
NCT05887609,monoclonal_antibody,mirvetuximab soravtansine,master_DB_2025_Q3.json
NCT05673928,monoclonal_antibody,ado-trastuzumab,master_DB_2025_Q3.json
NCT04378647,monoclonal_antibody,brentuximab vedotin,master_DB_2025_Q3.json
NCT04042701,monoclonal_antibody,trastuzumab deruxtecan,master_DB_2025_Q3.json
NCT07124117,small_molecule,antibody-drug conjugate,master_DB_2025_Q3.json
NCT05374512,oligonucleotide,datopotamab deruxtecan,master_DB_2025_Q3.json
NCT06545617,monoclonal_antibody,antibody drug conjugate,master_DB_2025_Q3.json
NCT04450732,monoclonal_antibody,antibody-drug conjugate,master_DB_2025_Q3.json
NCT01494662,monoclonal_antibody,ado-trastuzumab,master_DB_2025_Q3.json
NCT07100184,monoclonal_antibody,disitamab vedotin,master_DB_2025_Q3.json
NCT05613088,monoclonal_antibody,antibody-drug conjugate,master_DB_2025_Q3.json
NCT05520723,monoclonal_antibody,sacituzumab govitecan,master_DB_2025_Q3.json
NCT07102004,small_molecule,adc (weak),master_DB_2025_Q3.json
NCT06348134,monoclonal_antibody,trastuzumab emtansine,master_DB_2025_Q3.json
NCT06210490,monoclonal_antibody,disitamab vedotin,master_DB_2025_Q3.json
NCT05940051,monoclonal_antibody,polatuzumab vedotin,master_DB_2025_Q3.json
NCT06188559,monoclonal_antibody,antibody-drug conjugate,master_DB_2025_Q3.json
NCT06462079,monoclonal_antibody,sacituzumab govitecan,master_DB_2025_Q3.json
NCT04293562,monoclonal_antibody,ozogamicin,master_DB_2025_Q3.json
NCT04970901,monoclonal_antibody,loncastuximab tesirine,master_DB_2025_Q3.json
NCT06944496,monoclonal_antibody,disitamab vedotin,master_DB_2025_Q3.json
NCT03913559,monoclonal_antibody,ozogamicin,master_DB_2025_Q3.json
NCT03959085,monoclonal_antibody,ozogamicin,master_DB_2025_Q3.json
NCT06227156,monoclonal_antibody,disitamab vedotin,master_DB_2025_Q3.json
NCT06365853,monoclonal_antibody,mirvetuximab soravtansine,master_DB_2025_Q3.json
NCT06483334,monoclonal_antibody,enfortumab vedotin,master_DB_2025_Q3.json
NCT06065371,monoclonal_antibody,sacituzumab govitecan,master_DB_2025_Q3.json
NCT04165070,monoclonal_antibody,deruxtecan,master_DB_2025_Q3.json
NCT02981628,monoclonal_antibody,ozogamicin,master_DB_2025_Q3.json
NCT05382286,monoclonal_antibody,sacituzumab govitecan,master_DB_2025_Q3.json
NCT07181681,monoclonal_antibody,antibody-drug conjugate,master_DB_2025_Q3.json
NCT06906822,monoclonal_antibody,enfortumab vedotin,master_DB_2025_Q3.json
NCT07164313,monoclonal_antibody,antibody-drug conjugate,master_DB_2025_Q3.json
NCT04609566,monoclonal_antibody,brentuximab vedotin,master_DB_2025_Q3.json
NCT05156866,small_molecule,antibody drug conjugate,master_DB_2025_Q3.json
NCT06341400,monoclonal_antibody,vedotin,master_DB_2025_Q3.json
NCT07110038,monoclonal_antibody,enfortumab vedotin,master_DB_2025_Q3.json
NCT03975647,monoclonal_antibody,ado-trastuzumab,master_DB_2025_Q3.json
NCT06493552,monoclonal_antibody,enfortumab vedotin,master_DB_2025_Q3.json
NCT06481956,small_molecule,trastuzumab emtansine,master_DB_2025_Q3.json
NCT05039073,monoclonal_antibody,brentuximab vedotin,master_DB_2025_Q3.json
NCT07087860,monoclonal_antibody,enfortumab vedotin,master_DB_2025_Q3.json
NCT05675579,monoclonal_antibody,sacituzumab govitecan,master_DB_2025_Q3.json
NCT05994001,monoclonal_antibody,adc (weak),master_DB_2025_Q3.json
NCT05547321,monoclonal_antibody,antibody-drug conjugate,master_DB_2025_Q3.json
NCT04225117,monoclonal_antibody,enfortumab vedotin,master_DB_2025_Q3.json
NCT05514158,monoclonal_antibody,disitamab vedotin,master_DB_2025_Q3.json
NCT06299852,monoclonal_antibody,trastuzumab emtansine,master_DB_2025_Q3.json
NCT06886139,small_molecule,mmae,master_DB_2025_Q3.json
NCT04486352,monoclonal_antibody,trastuzumab emtansine,master_DB_2025_Q3.json
NCT06409390,monoclonal_antibody,trastuzumab deruxtecan,master_DB_2025_Q3.json
NCT06731803,monoclonal_antibody,deruxtecan,master_DB_2025_Q3.json
NCT06891560,monoclonal_antibody,enfortumab vedotin,master_DB_2025_Q3.json
NCT07136779,monoclonal_antibody,antibody drug conjugate,master_DB_2025_Q3.json
NCT05593094,monoclonal_antibody,t-dm1,master_DB_2025_Q3.json
NCT06990503,small_molecule,adc (weak),master_DB_2025_Q3.json
NCT04231877,monoclonal_antibody,polatuzumab vedotin,master_DB_2025_Q3.json
NCT05205850,small_molecule,antibody-drug conjugate,master_DB_2025_Q3.json
NCT06176729,monoclonal_antibody,polatuzumab vedotin,master_DB_2025_Q3.json
NCT07137416,monoclonal_antibody,trastuzumab deruxtecan,master_DB_2025_Q3.json
NCT05582499,monoclonal_antibody,antibody-drug conjugate,master_DB_2025_Q3.json
NCT03587740,monoclonal_antibody,ado-trastuzumab,master_DB_2025_Q3.json
NCT03104491,monoclonal_antibody,ozogamicin,master_DB_2025_Q3.json
NCT04647916,monoclonal_antibody,sacituzumab govitecan,master_DB_2025_Q3.json
NCT05410418,monoclonal_antibody,polatuzumab vedotin,master_DB_2025_Q3.json
NCT05303792,monoclonal_antibody,ozogamicin,master_DB_2025_Q3.json
NCT07086768,monoclonal_antibody,trastuzumab deruxtecan,master_DB_2025_Q3.json
NCT03589729,monoclonal_antibody,ozogamicin,master_DB_2025_Q3.json
NCT06885645,small_molecule,antibody drug conjugate,master_DB_2025_Q3.json
NCT03460522,monoclonal_antibody,ozogamicin,master_DB_2025_Q3.json
NCT06058988,monoclonal_antibody,trastuzumab deruxtecan,master_DB_2025_Q3.json
NCT05656235,monoclonal_antibody,enfortumab vedotin,master_DB_2025_Q3.json
NCT04300556,monoclonal_antibody,antibody-drug conjugate,master_DB_2025_Q3.json
NCT05404945,monoclonal_antibody,brentuximab vedotin,master_DB_2025_Q3.json
NCT05687266,monoclonal_antibody,datopotamab deruxtecan,master_DB_2025_Q3.json
NCT04587687,monoclonal_antibody,brentuximab vedotin,master_DB_2025_Q3.json
NCT06000033,monoclonal_antibody,disitamab vedotin,master_DB_2025_Q3.json
NCT05912205,monoclonal_antibody,disitamab vedotin,master_DB_2025_Q3.json
NCT06003231,monoclonal_antibody,disitamab vedotin,master_DB_2025_Q3.json
NCT06041503,monoclonal_antibody,enfortumab vedotin,master_DB_2025_Q3.json
NCT06161532,monoclonal_antibody,sacituzumab govitecan,master_DB_2025_Q3.json
NCT05323955,monoclonal_antibody,t-dm1,master_DB_2025_Q3.json
NCT06822543,monoclonal_antibody,datopotamab deruxtecan,master_DB_2025_Q3.json
NCT06462092,monoclonal_antibody,sacituzumab govitecan,master_DB_2025_Q3.json
NCT06417814,small_molecule,dato-dxd,master_DB_2025_Q3.json
NCT06440005,monoclonal_antibody,antibody drug conjugate,master_DB_2025_Q3.json
NCT05458297,monoclonal_antibody,vedotin,master_DB_2025_Q3.json
NCT00781612,monoclonal_antibody,trastuzumab emtansine,master_DB_2025_Q3.json
NCT04482309,monoclonal_antibody,trastuzumab deruxtecan,master_DB_2025_Q3.json
NCT05675410,monoclonal_antibody,brentuximab vedotin,master_DB_2025_Q3.json
NCT05564390,monoclonal_antibody,ozogamicin,master_DB_2025_Q3.json
NCT05948826,small_molecule,antibody drug conjugate,master_DB_2025_Q3.json
NCT01920932,monoclonal_antibody,adcetris,master_DB_2025_Q3.json
NCT04479267,monoclonal_antibody,polatuzumab vedotin,master_DB_2025_Q3.json
NCT05980481,monoclonal_antibody,adc (weak),master_DB_2025_Q3.json
NCT05797168,monoclonal_antibody,antibody-drug conjugate,master_DB_2025_Q3.json
NCT06263543,monoclonal_antibody,sacituzumab govitecan,master_DB_2025_Q3.json
NCT05139017,monoclonal_antibody,vedotin,master_DB_2025_Q3.json
NCT06311214,monoclonal_antibody,antibody-drug conjugate,master_DB_2025_Q3.json
NCT06330064,monoclonal_antibody,deruxtecan,master_DB_2025_Q3.json
NCT06548178,monoclonal_antibody,trastuzumab deruxtecan,master_DB_2025_Q3.json
NCT05838521,monoclonal_antibody,sacituzumab govitecan,master_DB_2025_Q3.json
NCT05710666,monoclonal_antibody,trastuzumab deruxtecan,master_DB_2025_Q3.json
NCT06357533,monoclonal_antibody,datopotamab deruxtecan,master_DB_2025_Q3.json
NCT07134556,monoclonal_antibody,sacituzumab govitecan,master_DB_2025_Q3.json
NCT06641908,monoclonal_antibody,antibody drug conjugate,master_DB_2025_Q3.json
NCT03500380,oligonucleotide,mmae,master_DB_2025_Q3.json
NCT06596694,monoclonal_antibody,patritumab deruxtecan,master_DB_2025_Q3.json
NCT06385873,monoclonal_antibody,disitamab vedotin,master_DB_2025_Q3.json
NCT06865677,monoclonal_antibody,sacituzumab govitecan,master_DB_2025_Q3.json
NCT06863272,small_molecule,deruxtecan,master_DB_2025_Q3.json
NCT05872295,monoclonal_antibody,antibody drug conjugate,master_DB_2025_Q3.json
NCT06554600,monoclonal_antibody,polatuzumab vedotin,master_DB_2025_Q3.json
NCT06686394,monoclonal_antibody,patritumab deruxtecan,master_DB_2025_Q3.json
NCT04589845,monoclonal_antibody,trastuzumab emtansine,master_DB_2025_Q3.json
NCT06956690,biologic,antibody-drug conjugate,master_DB_2025_Q3.json
NCT03755804,monoclonal_antibody,brentuximab vedotin,master_DB_2025_Q3.json
NCT06710132,monoclonal_antibody,antibody-drug conjugate,master_DB_2025_Q3.json
NCT06233942,monoclonal_antibody,antibody drug conjugate,master_DB_2025_Q3.json
NCT06890884,monoclonal_antibody,vedotin,master_DB_2025_Q3.json
NCT06717347,monoclonal_antibody,vedotin,master_DB_2025_Q3.json
NCT05417594,monoclonal_antibody,trastuzumab deruxtecan,master_DB_2025_Q3.json
NCT01896999,monoclonal_antibody,brentuximab vedotin,master_DB_2025_Q3.json
NCT06533826,monoclonal_antibody,datopotamab deruxtecan,master_DB_2025_Q3.json
NCT05558124,monoclonal_antibody,ozogamicin,master_DB_2025_Q3.json
NCT06780111,monoclonal_antibody,dxd,master_DB_2025_Q3.json
NCT06926920,monoclonal_antibody,sacituzumab govitecan,master_DB_2025_Q3.json
NCT07098338,monoclonal_antibody,dato-dxd,master_DB_2025_Q3.json
NCT07099898,small_molecule,antibody drug conjugate,master_DB_2025_Q3.json
NCT05296070,monoclonal_antibody,loncastuximab tesirine,master_DB_2025_Q3.json
NCT07134153,monoclonal_antibody,t-dxd,master_DB_2025_Q3.json
NCT02684292,monoclonal_antibody,brentuximab vedotin,master_DB_2025_Q3.json
NCT04579224,monoclonal_antibody,sacituzumab govitecan,master_DB_2025_Q3.json
NCT06680596,monoclonal_antibody,deruxtecan,master_DB_2025_Q3.json
NCT05183035,monoclonal_antibody,ozogamicin,master_DB_2025_Q3.json
NCT06921928,small_molecule,antibody-drug conjugate,master_DB_2025_Q3.json
NCT07144280,small_molecule,antibody drug conjugate,master_DB_2025_Q3.json
NCT06941272,monoclonal_antibody,patritumab deruxtecan,master_DB_2025_Q3.json
NCT06925555,monoclonal_antibody,brentuximab vedotin,master_DB_2025_Q3.json
NCT06172478,monoclonal_antibody,patritumab deruxtecan,master_DB_2025_Q3.json
NCT06650332,monoclonal_antibody,disitamab vedotin,master_DB_2025_Q3.json
NCT06422520,monoclonal_antibody,antibody-drug conjugate,master_DB_2025_Q3.json
NCT02465060,monoclonal_antibody,trastuzumab emtansine,master_DB_2025_Q3.json
NCT07183319,monoclonal_antibody,enfortumab vedotin,master_DB_2025_Q3.json
NCT07195344,monoclonal_antibody,deruxtecan,master_DB_2025_Q3.json
NCT06210815,small_molecule,adc (weak),master_DB_2025_Q3.json
NCT06899126,monoclonal_antibody,trastuzumab deruxtecan,master_DB_2025_Q3.json
NCT07109219,combination,antibody-drug conjugate,master_DB_2025_Q3.json
NCT07194005,monoclonal_antibody,disitamab vedotin,master_DB_2025_Q3.json
NCT06102824,monoclonal_antibody,trastuzumab deruxtecan,master_DB_2025_Q3.json
NCT07198672,small_molecule,t-dm1,master_DB_2025_Q3.json
NCT07198724,monoclonal_antibody,trastuzumab deruxtecan,master_DB_2025_Q3.json
NCT07198659,biologic,auristatin,master_DB_2025_Q3.json
NCT07197307,monoclonal_antibody,loncastuximab tesirine,master_DB_2025_Q3.json
NCT04833114,monoclonal_antibody,polatuzumab vedotin,master_DB_2025_Q3.json
NCT07184788,monoclonal_antibody,polatuzumab vedotin,master_DB_2025_Q3.json
NCT06764095,monoclonal_antibody,enfortumab vedotin,master_DB_2025_Q3.json
NCT06145308,monoclonal_antibody,trastuzumab deruxtecan,master_DB_2025_Q3.json
NCT06028932,monoclonal_antibody,sacituzumab govitecan,master_DB_2025_Q3.json
NCT06394570,monoclonal_antibody,enfortumab vedotin,master_DB_2025_Q3.json
NCT03816358,monoclonal_antibody,ravtansine,master_DB_2025_Q3.json
NCT06015880,monoclonal_antibody,polatuzumab vedotin,master_DB_2025_Q3.json
NCT06702566,small_molecule,antibody-drug conjugate,master_DB_2025_Q3.json
NCT06625593,monoclonal_antibody,antibody-drug conjugate,master_DB_2025_Q3.json
NCT07172217,monoclonal_antibody,disitamab vedotin,master_DB_2025_Q3.json
NCT04697628,monoclonal_antibody,tisotumab vedotin,master_DB_2025_Q3.json
NCT04341181,monoclonal_antibody,trastuzumab emtansine,master_DB_2025_Q3.json
NCT06331169,monoclonal_antibody,trastuzumab deruxtecan,master_DB_2025_Q3.json
NCT02568839,monoclonal_antibody,trastuzumab emtansine,master_DB_2025_Q3.json
NCT05302284,monoclonal_antibody,adc (weak),master_DB_2025_Q3.json
NCT05527184,monoclonal_antibody,antibody-drug conjugate,master_DB_2025_Q3.json
NCT03274492,monoclonal_antibody,polatuzumab vedotin,master_DB_2025_Q3.json
NCT06238921,monoclonal_antibody,sacituzumab govitecan,master_DB_2025_Q3.json
NCT05866432,monoclonal_antibody,deruxtecan,master_DB_2025_Q3.json
NCT06923826,monoclonal_antibody,sacituzumab govitecan,master_DB_2025_Q3.json
NCT06801834,monoclonal_antibody,sacituzumab govitecan,master_DB_2025_Q3.json
NCT05824975,monoclonal_antibody,trastuzumab deruxtecan,master_DB_2025_Q3.json
NCT05356351,monoclonal_antibody,adc (weak),master_DB_2025_Q3.json
NCT06373406,small_molecule,antibody-drug conjugate,master_DB_2025_Q3.json
NCT06780098,small_molecule,dxd,master_DB_2025_Q3.json
NCT06788964,monoclonal_antibody,loncastuximab tesirine,master_DB_2025_Q3.json
NCT06465069,monoclonal_antibody,antibody-drug conjugate,master_DB_2025_Q3.json
NCT07046923,monoclonal_antibody,antibody drug conjugate,master_DB_2025_Q3.json
NCT06731907,monoclonal_antibody,her3-dxd,master_DB_2025_Q3.json
NCT07085091,monoclonal_antibody,antibody drug conjugate,master_DB_2025_Q3.json
NCT05104866,oligonucleotide,dato-dxd,master_DB_2025_Q3.json
NCT06427330,monoclonal_antibody,ozogamicin,master_DB_2025_Q3.json
NCT05629585,monoclonal_antibody,datopotamab deruxtecan,master_DB_2025_Q3.json
NCT06780085,monoclonal_antibody,deruxtecan,master_DB_2025_Q3.json
NCT05327530,monoclonal_antibody,sacituzumab govitecan,master_DB_2025_Q3.json
NCT05117476,monoclonal_antibody,datopotamab deruxtecan,master_DB_2025_Q3.json
NCT04487756,monoclonal_antibody,adc (weak),master_DB_2025_Q3.json
NCT04639986,monoclonal_antibody,sacituzumab govitecan,master_DB_2025_Q3.json
NCT05940064,monoclonal_antibody,polatuzumab vedotin,master_DB_2025_Q3.json
NCT03719105,monoclonal_antibody,brentuximab vedotin,master_DB_2025_Q3.json
NCT06528483,monoclonal_antibody,sacituzumab govitecan,master_DB_2025_Q3.json
NCT03869190,monoclonal_antibody,enfortumab vedotin,master_DB_2025_Q3.json
NCT04983121,monoclonal_antibody,antibody-drug conjugate,master_DB_2025_Q3.json
NCT05414500,monoclonal_antibody,brentuximab vedotin,master_DB_2025_Q3.json
NCT05249959,monoclonal_antibody,loncastuximab tesirine,master_DB_2025_Q3.json
NCT05633667,monoclonal_antibody,sacituzumab govitecan,master_DB_2025_Q3.json
NCT03424005,monoclonal_antibody,sacituzumab govitecan,master_DB_2025_Q3.json
NCT05904964,monoclonal_antibody,disitamab vedotin,master_DB_2025_Q3.json
NCT06932094,small_molecule,antibody drug conjugate,master_DB_2025_Q3.json
NCT06047080,monoclonal_antibody,polatuzumab vedotin,master_DB_2025_Q3.json
NCT03606967,monoclonal_antibody,sacituzumab govitecan,master_DB_2025_Q3.json
NCT06572319,monoclonal_antibody,disitamab vedotin,master_DB_2025_Q3.json
NCT06595563,monoclonal_antibody,antibody-drug conjugate,master_DB_2025_Q3.json
NCT03737955,monoclonal_antibody,ozogamicin,master_DB_2025_Q3.json
NCT06480240,small_molecule,antibody-drug conjugate,master_DB_2025_Q3.json
NCT04665765,monoclonal_antibody,polatuzumab vedotin,master_DB_2025_Q3.json
NCT05372614,monoclonal_antibody,trastuzumab deruxtecan,master_DB_2025_Q3.json
NCT06963905,monoclonal_antibody,sacituzumab govitecan,master_DB_2025_Q3.json
NCT05280470,monoclonal_antibody,deruxtecan,master_DB_2025_Q3.json
NCT07060807,monoclonal_antibody,patritumab deruxtecan,master_DB_2025_Q3.json
NCT06524544,monoclonal_antibody,sacituzumab govitecan,master_DB_2025_Q3.json
NCT05395533,monoclonal_antibody,mmae,master_DB_2025_Q3.json
NCT07067567,monoclonal_antibody,antibody-drug conjugate,master_DB_2025_Q3.json
NCT06393361,monoclonal_antibody,brentuximab vedotin,master_DB_2025_Q3.json
NCT04887870,monoclonal_antibody,enfortumab vedotin,master_DB_2025_Q3.json
NCT06665178,monoclonal_antibody,sacituzumab govitecan,master_DB_2025_Q3.json
NCT06925737,small_molecule,deruxtecan,master_DB_2025_Q3.json
NCT07110883,small_molecule,antibody-drug conjugate,master_DB_2025_Q3.json
NCT04448886,monoclonal_antibody,sacituzumab govitecan,master_DB_2025_Q3.json
NCT06467357,monoclonal_antibody,trastuzumab deruxtecan,master_DB_2025_Q3.json
NCT03742102,monoclonal_antibody,trastuzumab deruxtecan,master_DB_2025_Q3.json
NCT05795101,monoclonal_antibody,trastuzumab deruxtecan,master_DB_2025_Q3.json
NCT07003074,monoclonal_antibody,antibody-drug conjugate,master_DB_2025_Q3.json
NCT06830889,monoclonal_antibody,trastuzumab emtansine,master_DB_2025_Q3.json
NCT06235216,monoclonal_antibody,antibody-drug conjugate,master_DB_2025_Q3.json
NCT06644781,small_molecule,deruxtecan,master_DB_2025_Q3.json
NCT03820063,small_molecule,t-dm1,master_DB_2025_Q3.json
NCT03907488,monoclonal_antibody,brentuximab vedotin,master_DB_2025_Q3.json
NCT07151560,monoclonal_antibody,disitamab vedotin,master_DB_2025_Q3.json
NCT07151586,monoclonal_antibody,govitecan,master_DB_2025_Q3.json
NCT07152782,monoclonal_antibody,trastuzumab deruxtecan,master_DB_2025_Q3.json
NCT04940325,monoclonal_antibody,antibody-drug conjugate,master_DB_2025_Q3.json
NCT04612751,monoclonal_antibody,datopotamab deruxtecan,master_DB_2025_Q3.json
NCT04294628,monoclonal_antibody,trastuzumab deruxtecan,master_DB_2025_Q3.json
NCT07022483,monoclonal_antibody,trastuzumab deruxtecan,master_DB_2025_Q3.json
NCT06378242,monoclonal_antibody,disitamab vedotin,master_DB_2025_Q3.json
NCT06036121,small_molecule,antibody drug conjugate,master_DB_2025_Q3.json
NCT07182721,monoclonal_antibody,t-dxd,master_DB_2025_Q3.json
NCT04189614,monoclonal_antibody,antibody drug conjugate,master_DB_2025_Q3.json
NCT05824325,monoclonal_antibody,antibody-drug conjugate,master_DB_2025_Q3.json
NCT04995419,monoclonal_antibody,enfortumab vedotin,master_DB_2025_Q3.json
NCT07126561,monoclonal_antibody,trastuzumab deruxtecan,master_DB_2025_Q3.json
NCT06663007,monoclonal_antibody,disitamab vedotin,master_DB_2025_Q3.json
NCT05350917,monoclonal_antibody,vedotin,master_DB_2025_Q3.json
NCT06100874,monoclonal_antibody,sacituzumab govitecan,master_DB_2025_Q3.json
NCT04893109,monoclonal_antibody,trastuzumab emtansine,master_DB_2025_Q3.json
NCT06441097,monoclonal_antibody,polatuzumab vedotin,master_DB_2025_Q3.json
NCT04439110,monoclonal_antibody,ado-trastuzumab,master_DB_2025_Q3.json
NCT06907615,small_molecule,adc (weak),master_DB_2025_Q3.json
NCT05660395,monoclonal_antibody,loncastuximab tesirine,master_DB_2025_Q3.json
NCT07002216,monoclonal_antibody,brentuximab vedotin,master_DB_2025_Q3.json
NCT06585969,monoclonal_antibody,trastuzumab deruxtecan,master_DB_2025_Q3.json
NCT05445778,monoclonal_antibody,mirvetuximab soravtansine,master_DB_2025_Q3.json
NCT06561607,oligonucleotide,antibody-drug conjugate,master_DB_2025_Q3.json
NCT06594939,monoclonal_antibody,polatuzumab vedotin,master_DB_2025_Q3.json
NCT07034508,monoclonal_antibody,polatuzumab vedotin,master_DB_2025_Q3.json
NCT00801489,monoclonal_antibody,ozogamicin,master_DB_2025_Q3.json
NCT06265428,monoclonal_antibody,t-dm1,master_DB_2025_Q3.json
NCT06630871,monoclonal_antibody,disitamab vedotin,master_DB_2025_Q3.json
NCT06560528,monoclonal_antibody,disitamab vedotin,master_DB_2025_Q3.json
NCT06730542,monoclonal_antibody,polatuzumab vedotin,master_DB_2025_Q3.json
NCT06154343,small_molecule,antibody drug conjugate,master_DB_2025_Q3.json
NCT06733233,small_molecule,t-dxd,master_DB_2025_Q3.json
NCT06176261,monoclonal_antibody,deruxtecan,master_DB_2025_Q3.json
NCT06040970,monoclonal_antibody,sacituzumab govitecan,master_DB_2025_Q3.json
NCT05014139,monoclonal_antibody,enfortumab vedotin,master_DB_2025_Q3.json
NCT05840211,monoclonal_antibody,sacituzumab govitecan,master_DB_2025_Q3.json
NCT01409161,monoclonal_antibody,ozogamicin,master_DB_2025_Q3.json
NCT05103683,small_molecule,antibody drug conjugate,master_DB_2025_Q3.json
NCT01371630,monoclonal_antibody,ozogamicin,master_DB_2025_Q3.json
NCT04168502,monoclonal_antibody,ozogamicin,master_DB_2025_Q3.json
NCT06244485,monoclonal_antibody,dxd,master_DB_2025_Q3.json
NCT06968585,monoclonal_antibody,trastuzumab emtansine,master_DB_2025_Q3.json
NCT03900949,monoclonal_antibody,ozogamicin,master_DB_2025_Q3.json
NCT07093866,monoclonal_antibody,disitamab vedotin,master_DB_2025_Q3.json
NCT06578286,monoclonal_antibody,t-dxd,master_DB_2025_Q3.json
NCT06238687,biologic,antibody-drug conjugate,master_DB_2025_Q3.json
NCT03672539,monoclonal_antibody,ozogamicin,master_DB_2025_Q3.json
NCT05845814,monoclonal_antibody,enfortumab vedotin,master_DB_2025_Q3.json
NCT05609968,monoclonal_antibody,sacituzumab govitecan,master_DB_2025_Q3.json
NCT05687032,monoclonal_antibody,ozogamicin,master_DB_2025_Q3.json
NCT05950945,monoclonal_antibody,trastuzumab deruxtecan,master_DB_2025_Q3.json
NCT04938817,monoclonal_antibody,dxd,master_DB_2025_Q3.json
NCT06564844,small_molecule,datopotamab deruxtecan,master_DB_2025_Q3.json
NCT04323956,monoclonal_antibody,polatuzumab vedotin,master_DB_2025_Q3.json
NCT05143229,monoclonal_antibody,sacituzumab govitecan,master_DB_2025_Q3.json
NCT06155383,monoclonal_antibody,disitamab vedotin,master_DB_2025_Q3.json
NCT05426486,monoclonal_antibody,antibody-drug conjugate,master_DB_2025_Q3.json
NCT05388500,monoclonal_antibody,trastuzumab emtansine,master_DB_2025_Q3.json
NCT03725761,monoclonal_antibody,sacituzumab govitecan,master_DB_2025_Q3.json
NCT04679012,monoclonal_antibody,polatuzumab vedotin,master_DB_2025_Q3.json
NCT06682728,monoclonal_antibody,sacituzumab govitecan,master_DB_2025_Q3.json
NCT04662580,small_molecule,adc (weak),master_DB_2025_Q3.json
NCT04644068,small_molecule,dxd,master_DB_2025_Q3.json
NCT04739761,monoclonal_antibody,trastuzumab deruxtecan,master_DB_2025_Q3.json
NCT06313086,monoclonal_antibody,trastuzumab emtansine,master_DB_2025_Q3.json
NCT06522555,monoclonal_antibody,polatuzumab vedotin,master_DB_2025_Q3.json
NCT07011654,monoclonal_antibody,sacituzumab govitecan,master_DB_2025_Q3.json
NCT05868226,antibody_protein,trastuzumab deruxtecan,master_DB_2025_Q3.json
NCT05770531,monoclonal_antibody,sacituzumab govitecan,master_DB_2025_Q3.json
NCT06203210,small_molecule,deruxtecan,master_DB_2025_Q3.json
NCT06470282,monoclonal_antibody,enfortumab vedotin,master_DB_2025_Q3.json
NCT06271837,monoclonal_antibody,trastuzumab deruxtecan,master_DB_2025_Q3.json
NCT06809140,monoclonal_antibody,enfortumab vedotin,master_DB_2025_Q3.json
NCT06103864,monoclonal_antibody,datopotamab deruxtecan,master_DB_2025_Q3.json
NCT04064359,monoclonal_antibody,antibody-drug conjugate,master_DB_2025_Q3.json
NCT06459180,monoclonal_antibody,tisotumab vedotin,master_DB_2025_Q3.json
NCT03260491,monoclonal_antibody,her3-dxd,master_DB_2025_Q3.json
NCT06395103,monoclonal_antibody,vedotin,master_DB_2025_Q3.json
NCT06161025,small_molecule,deruxtecan,master_DB_2025_Q3.json
NCT06115902,small_molecule,antibody-drug conjugate,master_DB_2025_Q3.json
NCT05940896,monoclonal_antibody,disitamab vedotin,master_DB_2025_Q3.json
NCT05186974,monoclonal_antibody,sacituzumab govitecan,master_DB_2025_Q3.json
NCT06840483,small_molecule,vedotin,master_DB_2025_Q3.json
NCT06864169,biologic,deruxtecan,master_DB_2025_Q3.json
NCT06933329,small_molecule,vedotin,master_DB_2025_Q3.json
NCT06927180,monoclonal_antibody,antibody-drug conjugate,master_DB_2025_Q3.json
NCT07163481,monoclonal_antibody,sacituzumab govitecan,master_DB_2025_Q3.json
NCT04494425,monoclonal_antibody,trastuzumab deruxtecan,master_DB_2025_Q3.json
NCT06390995,monoclonal_antibody,mirvetuximab soravtansine,master_DB_2025_Q3.json
NCT05123482,small_molecule,antibody drug conjugate,master_DB_2025_Q3.json
NCT07138547,small_molecule,brentuximab vedotin,master_DB_2025_Q3.json
NCT06832202,monoclonal_antibody,trastuzumab deruxtecan,master_DB_2025_Q3.json
NCT06643585,monoclonal_antibody,deruxtecan,master_DB_2025_Q3.json
NCT03288545,monoclonal_antibody,enfortumab vedotin,master_DB_2025_Q3.json
NCT05940961,monoclonal_antibody,ozogamicin,master_DB_2025_Q3.json
NCT07139977,monoclonal_antibody,enfortumab vedotin,master_DB_2025_Q3.json
NCT05652855,small_molecule,adc (weak),master_DB_2025_Q3.json
NCT06126640,monoclonal_antibody,trastuzumab emtansine,master_DB_2025_Q3.json
NCT06452706,small_molecule,antibody-drug conjugate,master_DB_2025_Q3.json
NCT03587844,monoclonal_antibody,brentuximab vedotin,master_DB_2025_Q3.json
NCT05498597,monoclonal_antibody,antibody-drug conjugate,master_DB_2025_Q3.json
NCT05798156,monoclonal_antibody,antibody-drug conjugate,master_DB_2025_Q3.json
NCT03971409,monoclonal_antibody,sacituzumab govitecan,master_DB_2025_Q3.json
NCT06710379,small_molecule,antibody drug conjugate,master_DB_2025_Q3.json
NCT06227325,monoclonal_antibody,disitamab vedotin,master_DB_2025_Q3.json
NCT06660511,monoclonal_antibody,disitamab vedotin,master_DB_2025_Q3.json
NCT06401824,monoclonal_antibody,sacituzumab govitecan,master_DB_2025_Q3.json
NCT05804864,monoclonal_antibody,adc (weak),master_DB_2025_Q3.json
NCT06917911,monoclonal_antibody,ozogamicin,master_DB_2025_Q3.json
NCT06413615,small_molecule,antibody-drug conjugate,master_DB_2025_Q3.json
NCT03832361,monoclonal_antibody,mirvetuximab soravtansine,master_DB_2025_Q3.json
NCT05904106,monoclonal_antibody,ozogamicin,master_DB_2025_Q3.json
NCT07072208,monoclonal_antibody,polatuzumab vedotin,master_DB_2025_Q3.json
NCT06233864,monoclonal_antibody,disitamab vedotin,master_DB_2025_Q3.json
NCT05716009,monoclonal_antibody,ozogamicin,master_DB_2025_Q3.json
NCT06798207,small_molecule,antibody-drug conjugate,master_DB_2025_Q3.json
NCT04329429,small_molecule,antibody-drug conjugate,master_DB_2025_Q3.json
NCT06919679,small_molecule,brentuximab vedotin,master_DB_2025_Q3.json
NCT06918912,monoclonal_antibody,loncastuximab tesirine,master_DB_2025_Q3.json
NCT05599360,monoclonal_antibody,ozogamicin,master_DB_2025_Q3.json
NCT04471727,monoclonal_antibody,deruxtecan,master_DB_2025_Q3.json
NCT05555732,monoclonal_antibody,datopotamab deruxtecan,master_DB_2025_Q3.json
NCT06486883,monoclonal_antibody,trastuzumab deruxtecan,master_DB_2025_Q3.json
NCT05831878,monoclonal_antibody,disitamab vedotin,master_DB_2025_Q3.json
NCT04931342,monoclonal_antibody,trastuzumab emtansine,master_DB_2025_Q3.json
NCT04826341,monoclonal_antibody,sacituzumab govitecan,master_DB_2025_Q3.json
NCT04704661,monoclonal_antibody,trastuzumab deruxtecan,master_DB_2025_Q3.json
NCT06843447,monoclonal_antibody,deruxtecan,master_DB_2025_Q3.json
NCT06797635,monoclonal_antibody,patritumab deruxtecan,master_DB_2025_Q3.json
NCT06383884,monoclonal_antibody,patritumab deruxtecan,master_DB_2025_Q3.json
NCT06078982,monoclonal_antibody,disitamab vedotin,master_DB_2025_Q3.json
NCT06185400,monoclonal_antibody,disitamab vedotin,master_DB_2025_Q3.json
NCT05868265,monoclonal_antibody,enfortumab vedotin,master_DB_2025_Q3.json
NCT06329869,monoclonal_antibody,sacituzumab govitecan,master_DB_2025_Q3.json
NCT05119907,monoclonal_antibody,sacituzumab govitecan,master_DB_2025_Q3.json
NCT03441061,monoclonal_antibody,ozogamicin,master_DB_2025_Q3.json
NCT05565807,monoclonal_antibody,antibody drug conjugate,master_DB_2025_Q3.json
NCT03474107,monoclonal_antibody,enfortumab vedotin,master_DB_2025_Q3.json
NCT04559230,monoclonal_antibody,sacituzumab govitecan,master_DB_2025_Q3.json
NCT06434350,monoclonal_antibody,enfortumab vedotin,master_DB_2025_Q3.json
NCT04025541,biologic,t-dxd,master_DB_2025_Q3.json
NCT06665217,monoclonal_antibody,polatuzumab vedotin,master_DB_2025_Q3.json
NCT05415215,monoclonal_antibody,trastuzumab emtansine,master_DB_2025_Q3.json
NCT02227199,monoclonal_antibody,brentuximab vedotin,master_DB_2025_Q3.json
NCT02734771,monoclonal_antibody,brentuximab vedotin,master_DB_2025_Q3.json
NCT03517137,monoclonal_antibody,brentuximab vedotin,master_DB_2025_Q3.json
NCT02099058,monoclonal_antibody,antibody drug conjugate,master_DB_2025_Q3.json
NCT06718335,small_molecule,trastuzumab emtansine,master_DB_2025_Q3.json
NCT05922501,monoclonal_antibody,antibody-drug conjugate,master_DB_2025_Q3.json
NCT04468061,monoclonal_antibody,sacituzumab govitecan,master_DB_2025_Q3.json
NCT06507514,antibody_protein,brentuximab vedotin,master_DB_2025_Q3.json
NCT05600686,monoclonal_antibody,loncastuximab tesirine,master_DB_2025_Q3.json
NCT04639219,monoclonal_antibody,trastuzumab deruxtecan,master_DB_2025_Q3.json
NCT07041437,monoclonal_antibody,adc (weak),master_DB_2025_Q3.json
NCT05953168,monoclonal_antibody,trastuzumab deruxtecan,master_DB_2025_Q3.json
NCT04595565,monoclonal_antibody,sacituzumab govitecan,master_DB_2025_Q3.json
NCT05535218,monoclonal_antibody,sacituzumab govitecan,master_DB_2025_Q3.json
NCT06487429,small_molecule,disitamab vedotin,master_DB_2025_Q3.json
NCT04591431,monoclonal_antibody,trastuzumab emtansine,master_DB_2025_Q3.json
NCT07008976,monoclonal_antibody,trastuzumab emtansine,master_DB_2025_Q3.json
NCT05633654,monoclonal_antibody,sacituzumab govitecan,master_DB_2025_Q3.json
NCT03734029,monoclonal_antibody,antibody drug conjugate,master_DB_2025_Q3.json
NCT04700124,monoclonal_antibody,enfortumab vedotin,master_DB_2025_Q3.json
NCT03539536,monoclonal_antibody,telisotuzumab vedotin,master_DB_2025_Q3.json
NCT05048797,monoclonal_antibody,trastuzumab deruxtecan,master_DB_2025_Q3.json
NCT04152499,small_molecule,antibody drug conjugate,master_DB_2025_Q3.json
NCT06974604,small_molecule,datopotamab deruxtecan,master_DB_2025_Q3.json
NCT01352520,monoclonal_antibody,brentuximab vedotin,master_DB_2025_Q3.json
NCT04617522,monoclonal_antibody,sacituzumab govitecan,master_DB_2025_Q3.json
NCT06590857,monoclonal_antibody,antibody-drug conjugate,master_DB_2025_Q3.json
NCT06597721,monoclonal_antibody,antibody-drug conjugate,master_DB_2025_Q3.json
NCT06081244,monoclonal_antibody,sacituzumab govitecan,master_DB_2025_Q3.json
NCT03786081,monoclonal_antibody,tisotumab vedotin,master_DB_2025_Q3.json
NCT04251416,monoclonal_antibody,sacituzumab govitecan,master_DB_2025_Q3.json
NCT04404283,monoclonal_antibody,brentuximab vedotin,master_DB_2025_Q3.json
NCT04526691,monoclonal_antibody,datopotamab deruxtecan,master_DB_2025_Q3.json
NCT04619004,monoclonal_antibody,patritumab deruxtecan,master_DB_2025_Q3.json
NCT07142200,monoclonal_antibody,disitamab vedotin,master_DB_2025_Q3.json
NCT05171647,monoclonal_antibody,polatuzumab vedotin,master_DB_2025_Q3.json
NCT03401385,small_molecule,datopotamab deruxtecan,master_DB_2025_Q3.json
NCT05293496,monoclonal_antibody,antibody drug conjugate,master_DB_2025_Q3.json
NCT05279300,monoclonal_antibody,antibody-drug conjugate,master_DB_2025_Q3.json
NCT07122609,monoclonal_antibody,polatuzumab vedotin,master_DB_2025_Q3.json
NCT06287229,monoclonal_antibody,ozogamicin,master_DB_2025_Q3.json
NCT06610825,monoclonal_antibody,trastuzumab deruxtecan,master_DB_2025_Q3.json
NCT07113925,small_molecule,antibody-drug conjugate,master_DB_2025_Q3.json
NCT02166463,monoclonal_antibody,brentuximab vedotin,master_DB_2025_Q3.json
NCT07117851,small_molecule,disitamab vedotin,master_DB_2025_Q3.json
NCT05756569,monoclonal_antibody,enfortumab vedotin,master_DB_2025_Q3.json
NCT07123454,small_molecule,antibody-drug conjugate,master_DB_2025_Q3.json
NCT05645718,monoclonal_antibody,ozogamicin,master_DB_2025_Q3.json
NCT03587311,monoclonal_antibody,ravtansine,master_DB_2025_Q3.json
NCT00658814,monoclonal_antibody,ozogamicin,master_DB_2025_Q3.json
NCT06221748,monoclonal_antibody,disitamab vedotin,master_DB_2025_Q3.json
NCT06750484,monoclonal_antibody,trastuzumab deruxtecan,master_DB_2025_Q3.json
NCT05633979,monoclonal_antibody,trastuzumab deruxtecan,master_DB_2025_Q3.json
NCT05320588,monoclonal_antibody,antibody-drug conjugate,master_DB_2025_Q3.json
NCT06354231,monoclonal_antibody,disitamab vedotin,master_DB_2025_Q3.json
NCT07117864,combination,t-dxd,master_DB_2025_Q3.json
NCT01868451,monoclonal_antibody,brentuximab vedotin,master_DB_2025_Q3.json
NCT05898373,monoclonal_antibody,mmae,master_DB_2025_Q3.json
NCT06612203,monoclonal_antibody,sacituzumab govitecan,master_DB_2025_Q3.json
NCT06186986,monoclonal_antibody,brentuximab vedotin,master_DB_2025_Q3.json
NCT06243393,monoclonal_antibody,sacituzumab govitecan,master_DB_2025_Q3.json
NCT05894824,monoclonal_antibody,t-dxd,master_DB_2025_Q3.json
NCT05650879,monoclonal_antibody,trastuzumab deruxtecan,master_DB_2025_Q3.json
NCT02877303,monoclonal_antibody,ozogamicin,master_DB_2025_Q3.json
NCT04398914,monoclonal_antibody,t-dm1,master_DB_2025_Q3.json
NCT07065435,monoclonal_antibody,disitamab vedotin,master_DB_2025_Q3.json
NCT04960709,monoclonal_antibody,enfortumab vedotin,master_DB_2025_Q3.json
NCT05253495,small_molecule,polatuzumab vedotin,master_DB_2025_Q3.json
NCT06848699,monoclonal_antibody,adc (weak),master_DB_2025_Q3.json
NCT05144841,monoclonal_antibody,vedotin,master_DB_2025_Q3.json
NCT06055465,monoclonal_antibody,sacituzumab govitecan,master_DB_2025_Q3.json
NCT06475443,oligonucleotide,antibody-drug conjugate,master_DB_2025_Q3.json
NCT04223856,monoclonal_antibody,enfortumab vedotin,master_DB_2025_Q3.json
NCT06477419,monoclonal_antibody,sacituzumab govitecan,master_DB_2025_Q3.json
NCT06431633,monoclonal_antibody,sacituzumab govitecan,master_DB_2025_Q3.json
NCT06174987,monoclonal_antibody,t-dxd,master_DB_2025_Q3.json
NCT06863259,monoclonal_antibody,ozogamicin,master_DB_2025_Q3.json
NCT06195709,combination,antibody-drug conjugate,master_DB_2025_Q3.json
NCT06001086,small_molecule,vedotin,master_DB_2025_Q3.json
NCT05837806,monoclonal_antibody,vedotin,master_DB_2025_Q3.json
NCT04622319,monoclonal_antibody,trastuzumab deruxtecan,master_DB_2025_Q3.json
NCT06198751,small_molecule,antibody-drug conjugate,master_DB_2025_Q3.json
NCT06551051,small_molecule,antibody-drug conjugate,master_DB_2025_Q3.json
NCT05270057,monoclonal_antibody,loncastuximab tesirine,master_DB_2025_Q3.json
NCT06298084,monoclonal_antibody,dxd,master_DB_2025_Q3.json
NCT06525298,monoclonal_antibody,trastuzumab deruxtecan,master_DB_2025_Q3.json
NCT04332822,monoclonal_antibody,vedotin,master_DB_2025_Q3.json
NCT05489211,monoclonal_antibody,datopotamab deruxtecan,master_DB_2025_Q3.json
NCT06125834,monoclonal_antibody,trastuzumab emtansine,master_DB_2025_Q3.json
NCT03962465,monoclonal_antibody,ozogamicin,master_DB_2025_Q3.json
NCT04301375,monoclonal_antibody,tdm1,master_DB_2025_Q3.json
NCT06115642,small_molecule,adc (weak),master_DB_2025_Q3.json
NCT06592417,small_molecule,antibody drug conjugate,master_DB_2025_Q3.json
NCT05865990,monoclonal_antibody,her3-dxd,master_DB_2025_Q3.json
NCT06992687,small_molecule,adc (weak),master_DB_2025_Q3.json
NCT06236269,monoclonal_antibody,sacituzumab govitecan,master_DB_2025_Q3.json
NCT04822337,monoclonal_antibody,antibody drug conjugate,master_DB_2025_Q3.json
NCT06383533,monoclonal_antibody,disitamab vedotin,master_DB_2025_Q3.json
NCT07061639,small_molecule,antibody drug conjugate,master_DB_2025_Q3.json
NCT06387121,monoclonal_antibody,ozogamicin,master_DB_2025_Q3.json
NCT07046455,monoclonal_antibody,sacituzumab govitecan,master_DB_2025_Q3.json
NCT06178588,monoclonal_antibody,sacituzumab govitecan,master_DB_2025_Q3.json
NCT06568939,monoclonal_antibody,telisotuzumab vedotin,master_DB_2025_Q3.json
NCT06516978,monoclonal_antibody,polatuzumab vedotin,master_DB_2025_Q3.json
NCT04928846,monoclonal_antibody,telisotuzumab vedotin,master_DB_2025_Q3.json
NCT06341478,small_molecule,sacituzumab govitecan,master_DB_2025_Q3.json
NCT07043972,small_molecule,enfortumab vedotin,master_DB_2025_Q3.json
NCT06278870,monoclonal_antibody,disitamab vedotin,master_DB_2025_Q3.json
NCT07074457,monoclonal_antibody,brentuximab vedotin,master_DB_2025_Q3.json
NCT06806046,small_molecule,antibodydrug conjugate,master_DB_2025_Q3.json
NCT06805825,monoclonal_antibody,antibody-drug conjugate,master_DB_2025_Q3.json
NCT06563804,small_molecule,antibody-drug conjugate,master_DB_2025_Q3.json
NCT04617314,small_molecule,antibody-drug conjugate,master_DB_2025_Q3.json
NCT06157892,monoclonal_antibody,disitamab vedotin,master_DB_2025_Q3.json
NCT03835819,monoclonal_antibody,mirvetuximab soravtansine,master_DB_2025_Q3.json
NCT04879329,monoclonal_antibody,disitamab vedotin,master_DB_2025_Q3.json
NCT06041516,monoclonal_antibody,antibody drug conjugate,master_DB_2025_Q3.json
NCT05382299,monoclonal_antibody,sacituzumab govitecan,master_DB_2025_Q3.json
NCT07145255,monoclonal_antibody,antibody-drug conjugate,master_DB_2025_Q3.json
NCT05464030,monoclonal_antibody,antibody drug conjugate,master_DB_2025_Q3.json
NCT07157956,monoclonal_antibody,enfortumab vedotin,master_DB_2025_Q3.json
NCT06014658,small_molecule,auristatin,master_DB_2025_Q3.json
NCT06155396,monoclonal_antibody,disitamab vedotin,master_DB_2025_Q3.json
NCT05367635,small_molecule,antibody drug conjugate,master_DB_2025_Q3.json
NCT05246514,monoclonal_antibody,trastuzumab deruxtecan,master_DB_2025_Q3.json
NCT04685616,monoclonal_antibody,brentuximab vedotin,master_DB_2025_Q3.json
NCT06682988,monoclonal_antibody,mirvetuximab soravtansine,master_DB_2025_Q3.json
NCT06085755,monoclonal_antibody,trastuzumab deruxtecan,master_DB_2025_Q3.json
NCT07059845,monoclonal_antibody,mirvetuximab soravtansine,master_DB_2025_Q3.json
NCT06178601,small_molecule,adc (weak),master_DB_2025_Q3.json
NCT07012031,monoclonal_antibody,trastuzumab deruxtecan,master_DB_2025_Q3.json
NCT06112379,monoclonal_antibody,datopotamab deruxtecan,master_DB_2025_Q3.json
NCT05376878,monoclonal_antibody,trastuzumab deruxtecan,master_DB_2025_Q3.json
NCT04745949,monoclonal_antibody,brentuximab vedotin,master_DB_2025_Q3.json
NCT07043725,monoclonal_antibody,antibody-drug conjugate,master_DB_2025_Q3.json
NCT05456685,monoclonal_antibody,mirvetuximab soravtansine,master_DB_2025_Q3.json
NCT06985485,monoclonal_antibody,ozogamicin,master_DB_2025_Q3.json
NCT04307576,antibody_protein,ozogamicin,master_DB_2025_Q3.json
NCT02675829,monoclonal_antibody,ado-trastuzumab,master_DB_2025_Q3.json
NCT06862219,monoclonal_antibody,enfortumab vedotin,master_DB_2025_Q3.json
NCT06908928,monoclonal_antibody,vedotin,master_DB_2025_Q3.json
NCT06616987,monoclonal_antibody,sacituzumab govitecan,master_DB_2025_Q3.json
NCT03924895,monoclonal_antibody,enfortumab vedotin,master_DB_2025_Q3.json
NCT06780137,monoclonal_antibody,deruxtecan,master_DB_2025_Q3.json
NCT05243693,monoclonal_antibody,brentuximab vedotin,master_DB_2025_Q3.json
NCT06316531,small_molecule,t-dm1,master_DB_2025_Q3.json
NCT06457997,monoclonal_antibody,antibody drug conjugate,master_DB_2025_Q3.json
NCT05948865,monoclonal_antibody,antibody-drug conjugate,master_DB_2025_Q3.json
NCT05180097,monoclonal_antibody,brentuximab vedotin,master_DB_2025_Q3.json
NCT04434040,monoclonal_antibody,sacituzumab govitecan,master_DB_2025_Q3.json
NCT06328387,monoclonal_antibody,antibody-drug conjugate,master_DB_2025_Q3.json
NCT05460273,monoclonal_antibody,dato-dxd,master_DB_2025_Q3.json
NCT04143711,monoclonal_antibody,sacituzumab govitecan,master_DB_2025_Q3.json
NCT05274048,small_molecule,trastuzumab deruxtecan,master_DB_2025_Q3.json
NCT03568994,monoclonal_antibody,ozogamicin,master_DB_2025_Q3.json
NCT06664411,monoclonal_antibody,polatuzumab vedotin,master_DB_2025_Q3.json
NCT06087419,monoclonal_antibody,ozogamicin,master_DB_2025_Q3.json
NCT04454437,monoclonal_antibody,sacituzumab govitecan,master_DB_2025_Q3.json
NCT03529110,monoclonal_antibody,trastuzumab deruxtecan,master_DB_2025_Q3.json
NCT03337698,monoclonal_antibody,sacituzumab govitecan,master_DB_2025_Q3.json
NCT01853748,monoclonal_antibody,trastuzumab emtansine,master_DB_2025_Q3.json
NCT05313243,monoclonal_antibody,brentuximab vedotin,master_DB_2025_Q3.json
NCT04620187,monoclonal_antibody,ado-trastuzumab,master_DB_2025_Q3.json
NCT06043674,monoclonal_antibody,polatuzumab vedotin,master_DB_2025_Q3.json
NCT06433609,monoclonal_antibody,antibody-drug conjugate,master_DB_2025_Q3.json
NCT05748171,monoclonal_antibody,ozogamicin,master_DB_2025_Q3.json
NCT04569032,monoclonal_antibody,brentuximab vedotin,master_DB_2025_Q3.json
NCT06549816,small_molecule,vedotin,master_DB_2025_Q3.json
NCT03485209,monoclonal_antibody,tisotumab vedotin,master_DB_2025_Q3.json
NCT06362252,monoclonal_antibody,deruxtecan,master_DB_2025_Q3.json
NCT04384484,monoclonal_antibody,loncastuximab tesirine,master_DB_2025_Q3.json
NCT05338970,monoclonal_antibody,patritumab deruxtecan,master_DB_2025_Q3.json
NCT04389632,monoclonal_antibody,vedotin,master_DB_2025_Q3.json
NCT06012435,small_molecule,vedotin,master_DB_2025_Q3.json
NCT05911295,monoclonal_antibody,disitamab vedotin,master_DB_2025_Q3.json
NCT07069712,monoclonal_antibody,trastuzumab deruxtecan,master_DB_2025_Q3.json
NCT06731478,monoclonal_antibody,trastuzumab deruxtecan,master_DB_2025_Q3.json
NCT07169734,monoclonal_antibody,antibody-drug conjugate,master_DB_2025_Q3.json
NCT06764875,monoclonal_antibody,trastuzumab deruxtecan,master_DB_2025_Q3.json
NCT04553770,monoclonal_antibody,trastuzumab deruxtecan,master_DB_2025_Q3.json
NCT07043751,small_molecule,adc (weak),master_DB_2025_Q3.json
NCT06553885,monoclonal_antibody,enfortumab vedotin,master_DB_2025_Q3.json
NCT05288777,monoclonal_antibody,t-dm1,master_DB_2025_Q3.json
NCT04733118,monoclonal_antibody,t-dm1,master_DB_2025_Q3.json
NCT06005740,small_molecule,antibody drug conjugate,master_DB_2025_Q3.json
NCT06048718,monoclonal_antibody,deruxtecan,master_DB_2025_Q3.json
NCT04986579,monoclonal_antibody,sacituzumab govitecan,master_DB_2025_Q3.json
NCT06486441,monoclonal_antibody,sacituzumab govitecan,master_DB_2025_Q3.json
NCT06429761,monoclonal_antibody,trastuzumab deruxtecan,master_DB_2025_Q3.json
NCT05498220,monoclonal_antibody,polatuzumab vedotin,master_DB_2025_Q3.json
NCT06219941,small_molecule,antibody-drug conjugate,master_DB_2025_Q3.json
NCT06959108,monoclonal_antibody,adc (weak),master_DB_2025_Q3.json
NCT06224673,monoclonal_antibody,antibody drug conjugate,master_DB_2025_Q3.json
NCT05661357,small_molecule,disitamab vedotin,master_DB_2025_Q3.json
NCT06324357,monoclonal_antibody,trastuzumab deruxtecan,master_DB_2025_Q3.json
NCT05900206,monoclonal_antibody,trastuzumab deruxtecan,master_DB_2025_Q3.json
NCT05991388,monoclonal_antibody,loncastuximab tesirine,master_DB_2025_Q3.json
NCT03356054,monoclonal_antibody,brentuximab vedotin,master_DB_2025_Q3.json
NCT05569811,monoclonal_antibody,patritumab deruxtecan,master_DB_2025_Q3.json
NCT03671018,monoclonal_antibody,polatuzumab vedotin,master_DB_2025_Q3.json
NCT07150208,monoclonal_antibody,trastuzumab deruxtecan,master_DB_2025_Q3.json
NCT06775236,small_molecule,adc (weak),master_DB_2025_Q3.json
NCT07077564,small_molecule,sacituzumab govitecan,master_DB_2025_Q3.json
NCT06803693,monoclonal_antibody,polatuzumab vedotin,master_DB_2025_Q3.json
NCT06929663,monoclonal_antibody,antibody-drug conjugate,master_DB_2025_Q3.json
NCT02314481,monoclonal_antibody,trastuzumab emtansine,master_DB_2025_Q3.json
NCT06555744,monoclonal_antibody,antibody drug conjugate,master_DB_2025_Q3.json
NCT05704829,monoclonal_antibody,deruxtecan,master_DB_2025_Q3.json
NCT06791070,monoclonal_antibody,disitamab vedotin,master_DB_2025_Q3.json
NCT05982678,monoclonal_antibody,deruxtecan,master_DB_2025_Q3.json
NCT03264131,monoclonal_antibody,brentuximab vedotin,master_DB_2025_Q3.json
NCT03113500,monoclonal_antibody,brentuximab vedotin,master_DB_2025_Q3.json
NCT06250777,monoclonal_antibody,t-dxd,master_DB_2025_Q3.json
NCT04266249,monoclonal_antibody,trastuzumab emtansine,master_DB_2025_Q3.json
NCT03007030,monoclonal_antibody,adcetris,master_DB_2025_Q3.json
NCT04982224,monoclonal_antibody,antibody-drug conjugate,master_DB_2025_Q3.json
NCT07001540,monoclonal_antibody,polatuzumab vedotin,master_DB_2025_Q3.json
NCT06846437,monoclonal_antibody,trastuzumab emtansine,master_DB_2025_Q3.json
NCT06782334,small_molecule,antibody drug conjugate,master_DB_2025_Q3.json
NCT06220864,monoclonal_antibody,trastuzumab deruxtecan,master_DB_2025_Q3.json
NCT05595447,monoclonal_antibody,brentuximab vedotin,master_DB_2025_Q3.json
NCT05190705,monoclonal_antibody,loncastuximab tesirine,master_DB_2025_Q3.json
NCT06793332,monoclonal_antibody,sacituzumab govitecan,master_DB_2025_Q3.json
NCT04829604,monoclonal_antibody,t-dxd,master_DB_2025_Q3.json
NCT04594798,monoclonal_antibody,polatuzumab vedotin,master_DB_2025_Q3.json
NCT04747912,monoclonal_antibody,ozogamicin,master_DB_2025_Q3.json
NCT05917158,small_molecule,disitamab vedotin,master_DB_2025_Q3.json
NCT06540729,monoclonal_antibody,disitamab vedotin,master_DB_2025_Q3.json
NCT05955261,monoclonal_antibody,ozogamicin,master_DB_2025_Q3.json
NCT02226276,monoclonal_antibody,antibody drug conjugate,master_DB_2025_Q3.json
NCT06133517,monoclonal_antibody,sacituzumab govitecan,master_DB_2025_Q3.json
NCT05089734,monoclonal_antibody,sacituzumab govitecan,master_DB_2025_Q3.json
NCT06989112,monoclonal_antibody,trastuzumab deruxtecan,master_DB_2025_Q3.json
NCT06952660,small_molecule,tivdak,master_DB_2025_Q3.json
NCT05615636,monoclonal_antibody,polatuzumab vedotin,master_DB_2025_Q3.json
NCT05480384,monoclonal_antibody,trastuzumab deruxtecan,master_DB_2025_Q3.json
NCT06563245,monoclonal_antibody,brentuximab vedotin,master_DB_2025_Q3.json
NCT04620187,monoclonal_antibody,ado-trastuzumab,master_DB_2025_Q4.json
NCT05320588,monoclonal_antibody,antibody-drug conjugate,master_DB_2025_Q4.json
NCT05215340,monoclonal_antibody,dato-dxd,master_DB_2025_Q4.json
NCT04189614,monoclonal_antibody,antibody drug conjugate,master_DB_2025_Q4.json
NCT05338970,monoclonal_antibody,patritumab deruxtecan,master_DB_2025_Q4.json
NCT05824325,monoclonal_antibody,antibody-drug conjugate,master_DB_2025_Q4.json
NCT03264131,monoclonal_antibody,brentuximab vedotin,master_DB_2025_Q4.json
NCT05113251,monoclonal_antibody,trastuzumab deruxtecan,master_DB_2025_Q4.json
NCT01868451,monoclonal_antibody,brentuximab vedotin,master_DB_2025_Q4.json
NCT04042701,monoclonal_antibody,trastuzumab deruxtecan,master_DB_2025_Q4.json
NCT05831878,monoclonal_antibody,disitamab vedotin,master_DB_2025_Q4.json
NCT06219941,small_molecule,antibody-drug conjugate,master_DB_2025_Q4.json
NCT01853748,monoclonal_antibody,trastuzumab emtansine,master_DB_2025_Q4.json
NCT05313243,monoclonal_antibody,brentuximab vedotin,master_DB_2025_Q4.json
NCT07001540,monoclonal_antibody,polatuzumab vedotin,master_DB_2025_Q4.json
NCT07043751,small_molecule,adc (weak),master_DB_2025_Q4.json
NCT06555744,monoclonal_antibody,antibody drug conjugate,master_DB_2025_Q4.json
NCT06055465,monoclonal_antibody,sacituzumab govitecan,master_DB_2025_Q4.json
NCT06005740,small_molecule,antibody drug conjugate,master_DB_2025_Q4.json
NCT05838521,monoclonal_antibody,sacituzumab govitecan,master_DB_2025_Q4.json
NCT05139017,monoclonal_antibody,vedotin,master_DB_2025_Q4.json
NCT06596694,monoclonal_antibody,patritumab deruxtecan,master_DB_2025_Q4.json
NCT06459180,monoclonal_antibody,tisotumab vedotin,master_DB_2025_Q4.json
NCT06682988,monoclonal_antibody,mirvetuximab soravtansine,master_DB_2025_Q4.json
NCT05609968,monoclonal_antibody,sacituzumab govitecan,master_DB_2025_Q4.json
NCT05748171,monoclonal_antibody,ozogamicin,master_DB_2025_Q4.json
NCT05458297,monoclonal_antibody,vedotin,master_DB_2025_Q4.json
NCT00781612,monoclonal_antibody,trastuzumab emtansine,master_DB_2025_Q4.json
NCT06305767,monoclonal_antibody,enfortumab vedotin,master_DB_2025_Q4.json
NCT05562830,monoclonal_antibody,vedotin,master_DB_2025_Q4.json
NCT07301229,small_molecule,adc (weak),master_DB_2025_Q4.json
NCT07129993,small_molecule,datopotamab deruxtecan,master_DB_2025_Q4.json
NCT06890884,monoclonal_antibody,vedotin,master_DB_2025_Q4.json
NCT06717347,monoclonal_antibody,vedotin,master_DB_2025_Q4.json
NCT06780085,monoclonal_antibody,deruxtecan,master_DB_2025_Q4.json
NCT07286149,monoclonal_antibody,patritumab deruxtecan,master_DB_2025_Q4.json
NCT05456698,monoclonal_antibody,ozogamicin,master_DB_2025_Q4.json
NCT07303283,small_molecule,vedotin,master_DB_2025_Q4.json
NCT06780098,small_molecule,dxd,master_DB_2025_Q4.json
NCT06863272,small_molecule,deruxtecan,master_DB_2025_Q4.json
NCT06941272,monoclonal_antibody,patritumab deruxtecan,master_DB_2025_Q4.json
NCT06925737,small_molecule,deruxtecan,master_DB_2025_Q4.json
NCT06395103,monoclonal_antibody,vedotin,master_DB_2025_Q4.json
NCT06780137,monoclonal_antibody,deruxtecan,master_DB_2025_Q4.json
NCT07060807,monoclonal_antibody,patritumab deruxtecan,master_DB_2025_Q4.json
NCT07230977,small_molecule,antibody drug conjugate,master_DB_2025_Q4.json
NCT06686394,monoclonal_antibody,patritumab deruxtecan,master_DB_2025_Q4.json
NCT07223125,monoclonal_antibody,antibody drug conjugate,master_DB_2025_Q4.json
NCT07195344,monoclonal_antibody,deruxtecan,master_DB_2025_Q4.json
NCT05374512,oligonucleotide,datopotamab deruxtecan,master_DB_2025_Q4.json
NCT04398914,monoclonal_antibody,t-dm1,master_DB_2025_Q4.json
NCT05898373,monoclonal_antibody,mmae,master_DB_2025_Q4.json
NCT07117864,combination,t-dxd,master_DB_2025_Q4.json
NCT06201507,monoclonal_antibody,brentuximab vedotin,master_DB_2025_Q4.json
NCT05900206,monoclonal_antibody,trastuzumab deruxtecan,master_DB_2025_Q4.json
NCT04225117,monoclonal_antibody,enfortumab vedotin,master_DB_2025_Q4.json
NCT05350917,monoclonal_antibody,vedotin,master_DB_2025_Q4.json
NCT06178159,monoclonal_antibody,disitamab vedotin,master_DB_2025_Q4.json
NCT05971251,monoclonal_antibody,loncastuximab tesirine,master_DB_2025_Q4.json
NCT03356054,monoclonal_antibody,brentuximab vedotin,master_DB_2025_Q4.json
NCT05991388,monoclonal_antibody,loncastuximab tesirine,master_DB_2025_Q4.json
NCT03975647,monoclonal_antibody,ado-trastuzumab,master_DB_2025_Q4.json
NCT05950945,monoclonal_antibody,trastuzumab deruxtecan,master_DB_2025_Q4.json
NCT07218809,monoclonal_antibody,mirvetuximab soravtansine,master_DB_2025_Q4.json
NCT02314481,monoclonal_antibody,trastuzumab emtansine,master_DB_2025_Q4.json
NCT06791070,monoclonal_antibody,disitamab vedotin,master_DB_2025_Q4.json
NCT04622319,monoclonal_antibody,trastuzumab deruxtecan,master_DB_2025_Q4.json
NCT05687266,monoclonal_antibody,datopotamab deruxtecan,master_DB_2025_Q4.json
NCT07002216,monoclonal_antibody,brentuximab vedotin,master_DB_2025_Q4.json
NCT07046455,monoclonal_antibody,sacituzumab govitecan,master_DB_2025_Q4.json
NCT05488353,monoclonal_antibody,disitamab vedotin,master_DB_2025_Q4.json
NCT03374332,monoclonal_antibody,ozogamicin,master_DB_2025_Q4.json
NCT06775236,small_molecule,adc (weak),master_DB_2025_Q4.json
NCT03587844,monoclonal_antibody,brentuximab vedotin,master_DB_2025_Q4.json
NCT04931342,monoclonal_antibody,trastuzumab emtansine,master_DB_2025_Q4.json
NCT07275216,monoclonal_antibody,brentuximab vedotin,master_DB_2025_Q4.json
NCT06929663,monoclonal_antibody,antibody-drug conjugate,master_DB_2025_Q4.json
NCT07178730,monoclonal_antibody,sacituzumab govitecan,master_DB_2025_Q4.json
NCT06723236,biologic,antibody-drug conjugate,master_DB_2025_Q4.json
NCT07178457,monoclonal_antibody,brentuximab vedotin,master_DB_2025_Q4.json
NCT05615636,monoclonal_antibody,polatuzumab vedotin,master_DB_2025_Q4.json
NCT07077564,small_molecule,sacituzumab govitecan,master_DB_2025_Q4.json
NCT06377566,monoclonal_antibody,brentuximab vedotin,master_DB_2025_Q4.json
NCT03057795,monoclonal_antibody,brentuximab vedotin,master_DB_2025_Q4.json
NCT05149768,monoclonal_antibody,brentuximab vedotin,master_DB_2025_Q4.json
NCT01042379,monoclonal_antibody,t-dm1,master_DB_2025_Q4.json
NCT06373406,small_molecule,antibody-drug conjugate,master_DB_2025_Q4.json
NCT06954480,monoclonal_antibody,datopotamab deruxtecan,master_DB_2025_Q4.json
NCT04676477,monoclonal_antibody,her3-dxd,master_DB_2025_Q4.json
NCT06123468,monoclonal_antibody,govitecan,master_DB_2025_Q4.json
NCT04986579,monoclonal_antibody,sacituzumab govitecan,master_DB_2025_Q4.json
NCT06548672,small_molecule,antibody drug conjugate,master_DB_2025_Q4.json
NCT05034887,monoclonal_antibody,trastuzumab deruxtecan,master_DB_2025_Q4.json
NCT06468943,monoclonal_antibody,polatuzumab vedotin,master_DB_2025_Q4.json
NCT05704829,monoclonal_antibody,deruxtecan,master_DB_2025_Q4.json
NCT05357794,monoclonal_antibody,brentuximab vedotin,master_DB_2025_Q4.json
NCT05053659,monoclonal_antibody,loncastuximab tesirine,master_DB_2025_Q4.json
NCT06081244,monoclonal_antibody,sacituzumab govitecan,master_DB_2025_Q4.json
NCT05464719,monoclonal_antibody,loncastuximab tesirine,master_DB_2025_Q4.json
NCT06563778,oligonucleotide,brentuximab vedotin,master_DB_2025_Q4.json
NCT05965479,monoclonal_antibody,trastuzumab deruxtecan,master_DB_2025_Q4.json
NCT06253650,monoclonal_antibody,trastuzumab deruxtecan,master_DB_2025_Q4.json
NCT05406401,monoclonal_antibody,vedotin,master_DB_2025_Q4.json
NCT05867251,monoclonal_antibody,sacituzumab govitecan,master_DB_2025_Q4.json
NCT06846437,monoclonal_antibody,trastuzumab emtansine,master_DB_2025_Q4.json
NCT07231250,monoclonal_antibody,polatuzumab vedotin,master_DB_2025_Q4.json
NCT06364410,monoclonal_antibody,trastuzumab deruxtecan,master_DB_2025_Q4.json
NCT04384484,monoclonal_antibody,loncastuximab tesirine,master_DB_2025_Q4.json
NCT03539536,monoclonal_antibody,telisotuzumab vedotin,master_DB_2025_Q4.json
NCT04385290,monoclonal_antibody,ozogamicin,master_DB_2025_Q4.json
NCT06187506,monoclonal_antibody,disitamab vedotin,master_DB_2025_Q4.json
NCT07198724,monoclonal_antibody,trastuzumab deruxtecan,master_DB_2025_Q4.json
NCT05190705,monoclonal_antibody,loncastuximab tesirine,master_DB_2025_Q4.json
NCT05749588,monoclonal_antibody,antibody-drug conjugate,master_DB_2025_Q4.json
NCT04606914,monoclonal_antibody,mirvetuximab soravtansine,master_DB_2025_Q4.json
NCT03737955,monoclonal_antibody,ozogamicin,master_DB_2025_Q4.json
NCT04039230,monoclonal_antibody,antibody-drug conjugate,master_DB_2025_Q4.json
NCT05006794,monoclonal_antibody,sacituzumab govitecan,master_DB_2025_Q4.json
NCT04829604,small_molecule,t-dxd,master_DB_2025_Q4.json
NCT03523585,monoclonal_antibody,trastuzumab deruxtecan,master_DB_2025_Q4.json
NCT05595447,monoclonal_antibody,brentuximab vedotin,master_DB_2025_Q4.json
NCT06545617,monoclonal_antibody,antibody drug conjugate,master_DB_2025_Q4.json
NCT07040644,monoclonal_antibody,sacituzumab govitecan,master_DB_2025_Q4.json
NCT07159217,monoclonal_antibody,disitamab vedotin,master_DB_2025_Q4.json
NCT03113500,monoclonal_antibody,brentuximab vedotin,master_DB_2025_Q4.json
NCT06793332,monoclonal_antibody,sacituzumab govitecan,master_DB_2025_Q4.json
NCT07127874,monoclonal_antibody,antibody drug conjugate,master_DB_2025_Q4.json
NCT06220864,monoclonal_antibody,trastuzumab deruxtecan,master_DB_2025_Q4.json
NCT04300556,monoclonal_antibody,antibody-drug conjugate,master_DB_2025_Q4.json
NCT05564858,monoclonal_antibody,antibody-drug conjugate,master_DB_2025_Q4.json
NCT05917158,small_molecule,disitamab vedotin,master_DB_2025_Q4.json
NCT01494662,monoclonal_antibody,ado-trastuzumab,master_DB_2025_Q4.json
NCT04914741,monoclonal_antibody,polatuzumab vedotin,master_DB_2025_Q4.json
NCT06341400,monoclonal_antibody,vedotin,master_DB_2025_Q4.json
NCT06597721,monoclonal_antibody,antibody-drug conjugate,master_DB_2025_Q4.json
NCT05547321,monoclonal_antibody,antibody-drug conjugate,master_DB_2025_Q4.json
NCT04970901,monoclonal_antibody,loncastuximab tesirine,master_DB_2025_Q4.json
NCT07015697,monoclonal_antibody,trastuzumab deruxtecan,master_DB_2025_Q4.json
NCT06554600,monoclonal_antibody,polatuzumab vedotin,master_DB_2025_Q4.json
NCT06121557,monoclonal_antibody,adc (weak),master_DB_2025_Q4.json
NCT06230055,small_molecule,sacituzumab govitecan,master_DB_2025_Q4.json
NCT04893109,monoclonal_antibody,trastuzumab emtansine,master_DB_2025_Q4.json
NCT06801834,monoclonal_antibody,sacituzumab govitecan,master_DB_2025_Q4.json
NCT04686305,monoclonal_antibody,trastuzumab deruxtecan,master_DB_2025_Q4.json
NCT05600686,monoclonal_antibody,loncastuximab tesirine,master_DB_2025_Q4.json
NCT05581589,monoclonal_antibody,sacituzumab govitecan,master_DB_2025_Q4.json
NCT05308225,monoclonal_antibody,antibody drug conjugate,master_DB_2025_Q4.json
NCT05915351,monoclonal_antibody,enfortumab vedotin,master_DB_2025_Q4.json
NCT02758717,monoclonal_antibody,brentuximab vedotin,master_DB_2025_Q4.json
NCT04998669,monoclonal_antibody,loncastuximab tesirine,master_DB_2025_Q4.json
NCT06302569,monoclonal_antibody,enfortumab vedotin,master_DB_2025_Q4.json
NCT04747912,monoclonal_antibody,ozogamicin,master_DB_2025_Q4.json
NCT06554626,monoclonal_antibody,ozogamicin,master_DB_2025_Q4.json
NCT04595565,monoclonal_antibody,sacituzumab govitecan,master_DB_2025_Q4.json
NCT07012031,monoclonal_antibody,trastuzumab deruxtecan,master_DB_2025_Q4.json
NCT07162259,small_molecule,t-dxd,master_DB_2025_Q4.json
NCT06133517,monoclonal_antibody,sacituzumab govitecan,master_DB_2025_Q4.json
NCT05217693,small_molecule,adc (weak),master_DB_2025_Q4.json
NCT02226276,monoclonal_antibody,antibody drug conjugate,master_DB_2025_Q4.json
NCT05800366,monoclonal_antibody,antibody drug conjugate,master_DB_2025_Q4.json
NCT05205850,small_molecule,antibody-drug conjugate,master_DB_2025_Q4.json
NCT06563245,monoclonal_antibody,brentuximab vedotin,master_DB_2025_Q4.json
NCT05940064,monoclonal_antibody,polatuzumab vedotin,master_DB_2025_Q4.json
NCT06782334,small_molecule,antibody drug conjugate,master_DB_2025_Q4.json
NCT05104866,small_molecule,dato-dxd,master_DB_2025_Q4.json
NCT04143711,monoclonal_antibody,sacituzumab govitecan,master_DB_2025_Q4.json
NCT05834764,small_molecule,t-dm1,master_DB_2025_Q4.json
NCT05089734,monoclonal_antibody,sacituzumab govitecan,master_DB_2025_Q4.json
NCT06071871,monoclonal_antibody,polatuzumab vedotin,master_DB_2025_Q4.json
NCT05982678,monoclonal_antibody,deruxtecan,master_DB_2025_Q4.json
NCT04704661,monoclonal_antibody,trastuzumab deruxtecan,master_DB_2025_Q4.json
NCT06161532,monoclonal_antibody,sacituzumab govitecan,master_DB_2025_Q4.json
NCT07034508,monoclonal_antibody,polatuzumab vedotin,master_DB_2025_Q4.json
NCT06830889,monoclonal_antibody,trastuzumab emtansine,master_DB_2025_Q4.json
NCT04940325,monoclonal_antibody,antibody-drug conjugate,master_DB_2025_Q4.json
NCT05633654,monoclonal_antibody,sacituzumab govitecan,master_DB_2025_Q4.json
NCT07251062,small_molecule,adc (weak),master_DB_2025_Q4.json
NCT06356155,monoclonal_antibody,enfortumab vedotin,master_DB_2025_Q4.json
NCT06172127,monoclonal_antibody,trastuzumab deruxtecan,master_DB_2025_Q4.json
NCT06797622,monoclonal_antibody,t-dxd,master_DB_2025_Q4.json
NCT06682728,monoclonal_antibody,sacituzumab govitecan,master_DB_2025_Q4.json
NCT06470672,monoclonal_antibody,adc (weak),master_DB_2025_Q4.json
NCT06530511,monoclonal_antibody,polatuzumab vedotin,master_DB_2025_Q4.json
NCT06167317,monoclonal_antibody,sacituzumab govitecan,master_DB_2025_Q4.json
NCT05775471,monoclonal_antibody,enfortumab vedotin,master_DB_2025_Q4.json
NCT06660511,monoclonal_antibody,disitamab vedotin,master_DB_2025_Q4.json
NCT05633615,monoclonal_antibody,polatuzumab vedotin,master_DB_2025_Q4.json
NCT06837792,monoclonal_antibody,trastuzumab deruxtecan,master_DB_2025_Q4.json
NCT05016947,monoclonal_antibody,ozogamicin,master_DB_2025_Q4.json
NCT06233864,monoclonal_antibody,disitamab vedotin,master_DB_2025_Q4.json
NCT05982834,monoclonal_antibody,disitamab vedotin,master_DB_2025_Q4.json
NCT05660395,monoclonal_antibody,loncastuximab tesirine,master_DB_2025_Q4.json
NCT06849492,monoclonal_antibody,adc (weak),master_DB_2025_Q4.json
NCT05586061,monoclonal_antibody,disitamab vedotin,master_DB_2025_Q4.json
NCT05388149,small_molecule,kadcyla,master_DB_2025_Q4.json
NCT06245824,monoclonal_antibody,trastuzumab deruxtecan,master_DB_2025_Q4.json
NCT05332561,monoclonal_antibody,sacituzumab govitecan,master_DB_2025_Q4.json
NCT05498220,monoclonal_antibody,polatuzumab vedotin,master_DB_2025_Q4.json
NCT06948539,small_molecule,antibody drug conjugate,master_DB_2025_Q4.json
NCT07063212,monoclonal_antibody,sacituzumab govitecan,master_DB_2025_Q4.json
NCT05673785,monoclonal_antibody,brentuximab vedotin,master_DB_2025_Q4.json
NCT04526691,monoclonal_antibody,datopotamab deruxtecan,master_DB_2025_Q4.json
NCT05673928,monoclonal_antibody,ado-trastuzumab,master_DB_2025_Q4.json
NCT04619004,monoclonal_antibody,patritumab deruxtecan,master_DB_2025_Q4.json
NCT04152499,small_molecule,antibody drug conjugate,master_DB_2025_Q4.json
NCT07041437,monoclonal_antibody,adc (weak),master_DB_2025_Q4.json
NCT06823427,monoclonal_antibody,mmae,master_DB_2025_Q4.json
NCT07213804,monoclonal_antibody,mirvetuximab soravtansine,master_DB_2025_Q4.json
NCT06462079,monoclonal_antibody,sacituzumab govitecan,master_DB_2025_Q4.json
NCT06359002,monoclonal_antibody,antibody-drug conjugate,master_DB_2025_Q4.json
NCT04617522,monoclonal_antibody,sacituzumab govitecan,master_DB_2025_Q4.json
NCT05833867,monoclonal_antibody,sacituzumab govitecan,master_DB_2025_Q4.json
NCT07102004,small_molecule,adc (weak),master_DB_2025_Q4.json
NCT07100184,monoclonal_antibody,disitamab vedotin,master_DB_2025_Q4.json
NCT05199051,monoclonal_antibody,ozogamicin,master_DB_2025_Q4.json
NCT07124117,small_molecule,antibody-drug conjugate,master_DB_2025_Q4.json
NCT05143229,monoclonal_antibody,sacituzumab govitecan,master_DB_2025_Q4.json
NCT06610825,monoclonal_antibody,trastuzumab deruxtecan,master_DB_2025_Q4.json
NCT05633979,monoclonal_antibody,trastuzumab deruxtecan,master_DB_2025_Q4.json
NCT05756569,monoclonal_antibody,enfortumab vedotin,master_DB_2025_Q4.json
NCT07201675,monoclonal_antibody,adc (weak),master_DB_2025_Q4.json
NCT05672251,monoclonal_antibody,loncastuximab tesirine,master_DB_2025_Q4.json
NCT05994001,monoclonal_antibody,adc (weak),master_DB_2025_Q4.json
NCT03334617,monoclonal_antibody,trastuzumab deruxtecan,master_DB_2025_Q4.json
NCT06299852,monoclonal_antibody,trastuzumab emtansine,master_DB_2025_Q4.json
NCT06357533,monoclonal_antibody,datopotamab deruxtecan,master_DB_2025_Q4.json
NCT04589845,monoclonal_antibody,trastuzumab emtansine,master_DB_2025_Q4.json
NCT06990503,small_molecule,adc (weak),master_DB_2025_Q4.json
NCT06176729,monoclonal_antibody,polatuzumab vedotin,master_DB_2025_Q4.json
NCT06221748,monoclonal_antibody,disitamab vedotin,master_DB_2025_Q4.json
NCT00658814,monoclonal_antibody,ozogamicin,master_DB_2025_Q4.json
NCT06747585,monoclonal_antibody,antibody-drug conjugate,master_DB_2025_Q4.json
NCT06548178,monoclonal_antibody,trastuzumab deruxtecan,master_DB_2025_Q4.json
NCT05404945,monoclonal_antibody,brentuximab vedotin,master_DB_2025_Q4.json
NCT01409161,monoclonal_antibody,ozogamicin,master_DB_2025_Q4.json
NCT04482309,monoclonal_antibody,trastuzumab deruxtecan,master_DB_2025_Q4.json
NCT03485209,monoclonal_antibody,tisotumab vedotin,master_DB_2025_Q4.json
NCT05797168,monoclonal_antibody,antibody-drug conjugate,master_DB_2025_Q4.json
NCT02326974,monoclonal_antibody,t-dm1,master_DB_2025_Q4.json
NCT04556773,monoclonal_antibody,trastuzumab deruxtecan,master_DB_2025_Q4.json
NCT06248515,monoclonal_antibody,sacituzumab govitecan,master_DB_2025_Q4.json
NCT06387121,monoclonal_antibody,ozogamicin,master_DB_2025_Q4.json
NCT07134153,monoclonal_antibody,t-dxd,master_DB_2025_Q4.json
NCT06680596,monoclonal_antibody,deruxtecan,master_DB_2025_Q4.json
NCT07287995,monoclonal_antibody,enfortumab vedotin,master_DB_2025_Q4.json
NCT05765851,monoclonal_antibody,t-dxd,master_DB_2025_Q4.json
NCT04594798,monoclonal_antibody,polatuzumab vedotin,master_DB_2025_Q4.json
NCT05866432,monoclonal_antibody,deruxtecan,master_DB_2025_Q4.json
NCT06809140,monoclonal_antibody,enfortumab vedotin,master_DB_2025_Q4.json
NCT06224673,monoclonal_antibody,antibody drug conjugate,master_DB_2025_Q4.json
NCT04863885,monoclonal_antibody,sacituzumab govitecan,master_DB_2025_Q4.json
NCT03944772,monoclonal_antibody,datopotamab deruxtecan,master_DB_2025_Q4.json
NCT06112379,monoclonal_antibody,datopotamab deruxtecan,master_DB_2025_Q4.json
NCT06857747,oligonucleotide,disitamab vedotin,master_DB_2025_Q4.json
NCT07184788,monoclonal_antibody,polatuzumab vedotin,master_DB_2025_Q4.json
NCT06840483,small_molecule,vedotin,master_DB_2025_Q4.json
NCT02568839,monoclonal_antibody,trastuzumab emtansine,master_DB_2025_Q4.json
NCT07082920,monoclonal_antibody,antibody drug conjugate,master_DB_2025_Q4.json
NCT06331169,monoclonal_antibody,trastuzumab deruxtecan,master_DB_2025_Q4.json
NCT06561607,oligonucleotide,antibody-drug conjugate,master_DB_2025_Q4.json
NCT06560528,monoclonal_antibody,disitamab vedotin,master_DB_2025_Q4.json
NCT06058988,monoclonal_antibody,trastuzumab deruxtecan,master_DB_2025_Q4.json
NCT06210815,small_molecule,adc (weak),master_DB_2025_Q4.json
NCT06842498,monoclonal_antibody,antibody-drug conjugate,master_DB_2025_Q4.json
NCT07123454,small_molecule,antibody-drug conjugate,master_DB_2025_Q4.json
NCT07069712,monoclonal_antibody,trastuzumab deruxtecan,master_DB_2025_Q4.json
NCT03104491,monoclonal_antibody,ozogamicin,master_DB_2025_Q4.json
NCT06921928,small_molecule,antibody-drug conjugate,master_DB_2025_Q4.json
NCT03755804,monoclonal_antibody,brentuximab vedotin,master_DB_2025_Q4.json
NCT06933329,small_molecule,vedotin,master_DB_2025_Q4.json
NCT06558682,monoclonal_antibody,disitamab vedotin,master_DB_2025_Q4.json
NCT04639986,monoclonal_antibody,sacituzumab govitecan,master_DB_2025_Q4.json
NCT04878029,monoclonal_antibody,enfortumab vedotin,master_DB_2025_Q4.json
NCT04647916,monoclonal_antibody,sacituzumab govitecan,master_DB_2025_Q4.json
NCT06667960,monoclonal_antibody,antibody drug conjugate,master_DB_2025_Q4.json
NCT04665765,monoclonal_antibody,polatuzumab vedotin,master_DB_2025_Q4.json
NCT03719105,monoclonal_antibody,brentuximab vedotin,master_DB_2025_Q4.json
NCT05414500,monoclonal_antibody,brentuximab vedotin,master_DB_2025_Q4.json
NCT04928846,monoclonal_antibody,telisotuzumab vedotin,master_DB_2025_Q4.json
NCT06743945,monoclonal_antibody,polatuzumab vedotin,master_DB_2025_Q4.json
NCT06749860,monoclonal_antibody,disitamab vedotin,master_DB_2025_Q4.json
NCT07207824,monoclonal_antibody,disitamab vedotin,master_DB_2025_Q4.json
NCT03734029,monoclonal_antibody,antibody drug conjugate,master_DB_2025_Q4.json
NCT05249959,monoclonal_antibody,loncastuximab tesirine,master_DB_2025_Q4.json
NCT04644068,small_molecule,dxd,master_DB_2025_Q4.json
NCT06932094,small_molecule,antibody drug conjugate,master_DB_2025_Q4.json
NCT02877303,monoclonal_antibody,ozogamicin,master_DB_2025_Q4.json
NCT05795101,monoclonal_antibody,trastuzumab deruxtecan,master_DB_2025_Q4.json
NCT04294628,monoclonal_antibody,trastuzumab deruxtecan,master_DB_2025_Q4.json
NCT05453396,monoclonal_antibody,loncastuximab tesirine,master_DB_2025_Q4.json
NCT04231877,monoclonal_antibody,polatuzumab vedotin,master_DB_2025_Q4.json
NCT07152782,monoclonal_antibody,trastuzumab deruxtecan,master_DB_2025_Q4.json
NCT06595563,monoclonal_antibody,antibody-drug conjugate,master_DB_2025_Q4.json
NCT06644781,small_molecule,deruxtecan,master_DB_2025_Q4.json
NCT06480240,small_molecule,antibody-drug conjugate,master_DB_2025_Q4.json
NCT06186986,monoclonal_antibody,brentuximab vedotin,master_DB_2025_Q4.json
NCT05650879,monoclonal_antibody,trastuzumab deruxtecan,master_DB_2025_Q4.json
NCT07067567,monoclonal_antibody,antibody-drug conjugate,master_DB_2025_Q4.json
NCT06718933,monoclonal_antibody,adc (weak),master_DB_2025_Q4.json
NCT07151560,monoclonal_antibody,disitamab vedotin,master_DB_2025_Q4.json
NCT07151586,monoclonal_antibody,govitecan,master_DB_2025_Q4.json
NCT07110883,small_molecule,antibody-drug conjugate,master_DB_2025_Q4.json
NCT06861348,monoclonal_antibody,ozogamicin,master_DB_2025_Q4.json
NCT05887609,monoclonal_antibody,mirvetuximab soravtansine,master_DB_2025_Q4.json
NCT06486441,monoclonal_antibody,sacituzumab govitecan,master_DB_2025_Q4.json
NCT04639219,monoclonal_antibody,trastuzumab deruxtecan,master_DB_2025_Q4.json
NCT06730373,monoclonal_antibody,disitamab vedotin,master_DB_2025_Q4.json
NCT07182721,monoclonal_antibody,t-dxd,master_DB_2025_Q4.json
NCT05296070,monoclonal_antibody,loncastuximab tesirine,master_DB_2025_Q4.json
NCT06926920,monoclonal_antibody,sacituzumab govitecan,master_DB_2025_Q4.json
NCT03820063,small_molecule,t-dm1,master_DB_2025_Q4.json
NCT06968585,monoclonal_antibody,trastuzumab emtansine,master_DB_2025_Q4.json
NCT03126630,monoclonal_antibody,ravtansine,master_DB_2025_Q4.json
NCT06797635,monoclonal_antibody,patritumab deruxtecan,master_DB_2025_Q4.json
NCT07217496,monoclonal_antibody,enfortumab vedotin,master_DB_2025_Q4.json
NCT07065435,monoclonal_antibody,disitamab vedotin,master_DB_2025_Q4.json
NCT06797999,small_molecule,antibody-drug conjugate,master_DB_2025_Q4.json
NCT05144841,monoclonal_antibody,vedotin,master_DB_2025_Q4.json
NCT06385873,monoclonal_antibody,disitamab vedotin,master_DB_2025_Q4.json
NCT06742892,small_molecule,adc (weak),master_DB_2025_Q4.json
NCT06843447,monoclonal_antibody,deruxtecan,master_DB_2025_Q4.json
NCT04050280,monoclonal_antibody,ozogamicin,master_DB_2025_Q4.json
NCT06667167,monoclonal_antibody,sacituzumab govitecan,master_DB_2025_Q4.json
NCT06102824,monoclonal_antibody,trastuzumab deruxtecan,master_DB_2025_Q4.json
NCT05710666,monoclonal_antibody,trastuzumab deruxtecan,master_DB_2025_Q4.json
NCT04587687,monoclonal_antibody,brentuximab vedotin,master_DB_2025_Q4.json
NCT06440005,monoclonal_antibody,antibody drug conjugate,master_DB_2025_Q4.json
NCT04168502,monoclonal_antibody,ozogamicin,master_DB_2025_Q4.json
NCT03401385,small_molecule,datopotamab deruxtecan,master_DB_2025_Q4.json
NCT06650332,monoclonal_antibody,disitamab vedotin,master_DB_2025_Q4.json
NCT06238687,biologic,antibody-drug conjugate,master_DB_2025_Q4.json
NCT03529110,monoclonal_antibody,trastuzumab deruxtecan,master_DB_2025_Q4.json
NCT06439693,monoclonal_antibody,t-dm1,master_DB_2025_Q4.json
NCT06477419,monoclonal_antibody,sacituzumab govitecan,master_DB_2025_Q4.json
NCT07013565,monoclonal_antibody,brentuximab vedotin,master_DB_2025_Q4.json
NCT06578286,monoclonal_antibody,t-dxd,master_DB_2025_Q4.json
NCT06431633,monoclonal_antibody,sacituzumab govitecan,master_DB_2025_Q4.json
NCT05426486,monoclonal_antibody,antibody-drug conjugate,master_DB_2025_Q4.json
NCT05868265,monoclonal_antibody,enfortumab vedotin,master_DB_2025_Q4.json
NCT06161025,small_molecule,deruxtecan,master_DB_2025_Q4.json
NCT05283330,small_molecule,immunoconjugate,master_DB_2025_Q4.json
NCT06750484,monoclonal_antibody,trastuzumab deruxtecan,master_DB_2025_Q4.json
NCT03725761,monoclonal_antibody,sacituzumab govitecan,master_DB_2025_Q4.json
NCT06450314,small_molecule,deruxtecan,master_DB_2025_Q4.json
NCT07099898,small_molecule,antibody drug conjugate,master_DB_2025_Q4.json
NCT02166463,monoclonal_antibody,brentuximab vedotin,master_DB_2025_Q4.json
NCT05940961,monoclonal_antibody,ozogamicin,master_DB_2025_Q4.json
NCT05661357,small_molecule,disitamab vedotin,master_DB_2025_Q4.json
NCT06891560,monoclonal_antibody,enfortumab vedotin,master_DB_2025_Q4.json
NCT05872295,monoclonal_antibody,antibody drug conjugate,master_DB_2025_Q4.json
NCT06761911,monoclonal_antibody,brentuximab vedotin,master_DB_2025_Q4.json
NCT06313086,monoclonal_antibody,trastuzumab emtansine,master_DB_2025_Q4.json
NCT06250777,monoclonal_antibody,t-dxd,master_DB_2025_Q4.json
NCT07198672,small_molecule,t-dm1,master_DB_2025_Q4.json
NCT03671018,monoclonal_antibody,polatuzumab vedotin,master_DB_2025_Q4.json
NCT05770531,monoclonal_antibody,sacituzumab govitecan,master_DB_2025_Q4.json
NCT05569811,monoclonal_antibody,patritumab deruxtecan,master_DB_2025_Q4.json
NCT04439110,monoclonal_antibody,ado-trastuzumab,master_DB_2025_Q4.json
NCT07136779,monoclonal_antibody,antibody drug conjugate,master_DB_2025_Q4.json
NCT07098338,monoclonal_antibody,dato-dxd,master_DB_2025_Q4.json
NCT05868226,antibody_protein,trastuzumab deruxtecan,master_DB_2025_Q4.json
NCT06625593,small_molecule,antibody-drug conjugate,master_DB_2025_Q4.json
NCT06522555,monoclonal_antibody,polatuzumab vedotin,master_DB_2025_Q4.json
NCT06889610,combination,sacituzumab govitecan,master_DB_2025_Q4.json
NCT06540729,monoclonal_antibody,disitamab vedotin,master_DB_2025_Q4.json
NCT07138547,small_molecule,brentuximab vedotin,master_DB_2025_Q4.json
NCT06551051,small_molecule,antibody-drug conjugate,master_DB_2025_Q4.json
NCT07150208,monoclonal_antibody,trastuzumab deruxtecan,master_DB_2025_Q4.json
NCT07139977,monoclonal_antibody,enfortumab vedotin,master_DB_2025_Q4.json
NCT06507514,antibody_protein,brentuximab vedotin,master_DB_2025_Q4.json
NCT04754191,monoclonal_antibody,enfortumab vedotin,master_DB_2025_Q4.json
NCT06104618,monoclonal_antibody,enfortumab vedotin,master_DB_2025_Q4.json
NCT05061550,monoclonal_antibody,dato-dxd,master_DB_2025_Q4.json
NCT06470282,monoclonal_antibody,enfortumab vedotin,master_DB_2025_Q4.json
NCT03260491,monoclonal_antibody,her3-dxd,master_DB_2025_Q4.json
NCT06974604,small_molecule,datopotamab deruxtecan,master_DB_2025_Q4.json
NCT04165070,monoclonal_antibody,deruxtecan,master_DB_2025_Q4.json
NCT06103864,monoclonal_antibody,datopotamab deruxtecan,master_DB_2025_Q4.json
NCT04064359,monoclonal_antibody,antibody-drug conjugate,master_DB_2025_Q4.json
NCT06823167,biologic,antibody-drug conjugate,master_DB_2025_Q4.json
NCT06533826,monoclonal_antibody,datopotamab deruxtecan,master_DB_2025_Q4.json
NCT04833114,monoclonal_antibody,polatuzumab vedotin,master_DB_2025_Q4.json
NCT07198659,biologic,auristatin,master_DB_2025_Q4.json
NCT06769113,small_molecule,adc (weak),master_DB_2025_Q4.json
NCT06806046,small_molecule,antibodydrug conjugate,master_DB_2025_Q4.json
NCT06925555,monoclonal_antibody,brentuximab vedotin,master_DB_2025_Q4.json
NCT05940896,monoclonal_antibody,disitamab vedotin,master_DB_2025_Q4.json
NCT07163481,monoclonal_antibody,sacituzumab govitecan,master_DB_2025_Q4.json
NCT06702566,small_molecule,antibody-drug conjugate,master_DB_2025_Q4.json
NCT04332822,monoclonal_antibody,vedotin,master_DB_2025_Q4.json
NCT05186974,monoclonal_antibody,sacituzumab govitecan,master_DB_2025_Q4.json
NCT06734182,monoclonal_antibody,disitamab vedotin,master_DB_2025_Q4.json
NCT05101096,monoclonal_antibody,sacituzumab govitecan,master_DB_2025_Q4.json
NCT06298084,monoclonal_antibody,dxd,master_DB_2025_Q4.json
NCT06739395,small_molecule,sacituzumab govitecan,master_DB_2025_Q4.json
NCT05302284,monoclonal_antibody,adc (weak),master_DB_2025_Q4.json
NCT06525298,monoclonal_antibody,trastuzumab deruxtecan,master_DB_2025_Q4.json
NCT05824975,monoclonal_antibody,trastuzumab deruxtecan,master_DB_2025_Q4.json
NCT04822337,monoclonal_antibody,antibody drug conjugate,master_DB_2025_Q4.json
NCT04494425,monoclonal_antibody,trastuzumab deruxtecan,master_DB_2025_Q4.json
NCT06851299,monoclonal_antibody,adc (weak),master_DB_2025_Q4.json
NCT05356351,monoclonal_antibody,adc (weak),master_DB_2025_Q4.json
NCT03962465,monoclonal_antibody,ozogamicin,master_DB_2025_Q4.json
NCT06878625,monoclonal_antibody,sacituzumab govitecan,master_DB_2025_Q4.json
NCT06832202,monoclonal_antibody,trastuzumab deruxtecan,master_DB_2025_Q4.json
NCT06427330,monoclonal_antibody,ozogamicin,master_DB_2025_Q4.json
NCT06222489,monoclonal_antibody,patritumab deruxtecan,master_DB_2025_Q4.json
NCT06125834,monoclonal_antibody,trastuzumab emtansine,master_DB_2025_Q4.json
NCT06643585,monoclonal_antibody,deruxtecan,master_DB_2025_Q4.json
NCT06390995,monoclonal_antibody,mirvetuximab soravtansine,master_DB_2025_Q4.json
NCT06642545,monoclonal_antibody,disitamab vedotin,master_DB_2025_Q4.json
NCT06561555,monoclonal_antibody,disitamab vedotin,master_DB_2025_Q4.json
NCT05662904,monoclonal_antibody,ozogamicin,master_DB_2025_Q4.json
NCT06126640,monoclonal_antibody,trastuzumab emtansine,master_DB_2025_Q4.json
NCT04301375,monoclonal_antibody,tdm1,master_DB_2025_Q4.json
NCT04983121,monoclonal_antibody,antibody-drug conjugate,master_DB_2025_Q4.json
NCT06462092,monoclonal_antibody,sacituzumab govitecan,master_DB_2025_Q4.json
NCT04487756,monoclonal_antibody,adc (weak),master_DB_2025_Q4.json
NCT06528483,monoclonal_antibody,sacituzumab govitecan,master_DB_2025_Q4.json
NCT05865990,monoclonal_antibody,her3-dxd,master_DB_2025_Q4.json
NCT06568939,monoclonal_antibody,telisotuzumab vedotin,master_DB_2025_Q4.json
NCT04293562,monoclonal_antibody,ozogamicin,master_DB_2025_Q4.json
NCT02981628,monoclonal_antibody,ozogamicin,master_DB_2025_Q4.json
NCT06330064,monoclonal_antibody,deruxtecan,master_DB_2025_Q4.json
NCT03959085,monoclonal_antibody,ozogamicin,master_DB_2025_Q4.json
NCT03424005,monoclonal_antibody,sacituzumab govitecan,master_DB_2025_Q4.json
NCT04784715,monoclonal_antibody,trastuzumab deruxtecan,master_DB_2025_Q4.json
NCT06324357,monoclonal_antibody,trastuzumab deruxtecan,master_DB_2025_Q4.json
NCT06831370,monoclonal_antibody,brentuximab vedotin,master_DB_2025_Q4.json
NCT06465069,monoclonal_antibody,antibody-drug conjugate,master_DB_2025_Q4.json
NCT04794699,monoclonal_antibody,sacituzumab govitecan,master_DB_2025_Q4.json
NCT05171647,monoclonal_antibody,polatuzumab vedotin,master_DB_2025_Q4.json
NCT07043972,small_molecule,enfortumab vedotin,master_DB_2025_Q4.json
NCT07046923,monoclonal_antibody,antibody drug conjugate,master_DB_2025_Q4.json
NCT05417594,monoclonal_antibody,trastuzumab deruxtecan,master_DB_2025_Q4.json
NCT06822543,monoclonal_antibody,datopotamab deruxtecan,master_DB_2025_Q4.json
NCT04938817,monoclonal_antibody,dxd,master_DB_2025_Q4.json
NCT05798156,monoclonal_antibody,antibody-drug conjugate,master_DB_2025_Q4.json
NCT07227298,biologic,vedotin,master_DB_2025_Q4.json
NCT03971409,monoclonal_antibody,sacituzumab govitecan,master_DB_2025_Q4.json
NCT04479267,monoclonal_antibody,polatuzumab vedotin,master_DB_2025_Q4.json
NCT05716009,monoclonal_antibody,ozogamicin,master_DB_2025_Q4.json
NCT07164313,monoclonal_antibody,antibody-drug conjugate,master_DB_2025_Q4.json
NCT07197307,monoclonal_antibody,loncastuximab tesirine,master_DB_2025_Q4.json
NCT03832361,monoclonal_antibody,mirvetuximab soravtansine,master_DB_2025_Q4.json
NCT06592417,small_molecule,antibody drug conjugate,master_DB_2025_Q4.json
NCT05980481,monoclonal_antibody,adc (weak),master_DB_2025_Q4.json
NCT06065371,monoclonal_antibody,sacituzumab govitecan,master_DB_2025_Q4.json
NCT06401824,monoclonal_antibody,sacituzumab govitecan,master_DB_2025_Q4.json
NCT07279597,monoclonal_antibody,adc (weak),master_DB_2025_Q4.json
NCT06400472,monoclonal_antibody,antibody-drug conjugate,master_DB_2025_Q4.json
NCT05629585,monoclonal_antibody,datopotamab deruxtecan,master_DB_2025_Q4.json
NCT06383533,monoclonal_antibody,disitamab vedotin,master_DB_2025_Q4.json
NCT06992687,small_molecule,adc (weak),master_DB_2025_Q4.json
NCT04960709,monoclonal_antibody,enfortumab vedotin,master_DB_2025_Q4.json
NCT06710132,monoclonal_antibody,antibody-drug conjugate,master_DB_2025_Q4.json
NCT07294534,monoclonal_antibody,trastuzumab deruxtecan,master_DB_2025_Q4.json
NCT04826341,monoclonal_antibody,sacituzumab govitecan,master_DB_2025_Q4.json
NCT07022483,monoclonal_antibody,trastuzumab deruxtecan,master_DB_2025_Q4.json
NCT07205822,small_molecule,dato-dxd,master_DB_2025_Q4.json
NCT07072208,monoclonal_antibody,polatuzumab vedotin,master_DB_2025_Q4.json
NCT06265428,monoclonal_antibody,t-dm1,master_DB_2025_Q4.json
NCT03964727,monoclonal_antibody,sacituzumab govitecan,master_DB_2025_Q4.json
NCT04685616,monoclonal_antibody,brentuximab vedotin,master_DB_2025_Q4.json
NCT03712202,monoclonal_antibody,brentuximab vedotin,master_DB_2025_Q4.json
NCT06236269,monoclonal_antibody,sacituzumab govitecan,master_DB_2025_Q4.json
NCT06951243,small_molecule,adc (weak),master_DB_2025_Q4.json
NCT05735496,small_molecule,antibody-drug conjugate,master_DB_2025_Q4.json
NCT05552001,monoclonal_antibody,sacituzumab govitecan,master_DB_2025_Q4.json
NCT05395533,monoclonal_antibody,mmae,master_DB_2025_Q4.json
NCT05845450,monoclonal_antibody,trastuzumab deruxtecan,master_DB_2025_Q4.json
NCT04913103,monoclonal_antibody,vedotin,master_DB_2025_Q4.json
NCT04329429,small_molecule,antibody-drug conjugate,master_DB_2025_Q4.json
NCT06174987,monoclonal_antibody,t-dxd,master_DB_2025_Q4.json
NCT06341478,small_molecule,sacituzumab govitecan,master_DB_2025_Q4.json
NCT05868395,monoclonal_antibody,polatuzumab vedotin,master_DB_2025_Q4.json
NCT06271837,monoclonal_antibody,trastuzumab deruxtecan,master_DB_2025_Q4.json
NCT05327530,monoclonal_antibody,sacituzumab govitecan,master_DB_2025_Q4.json
NCT04379596,monoclonal_antibody,trastuzumab deruxtecan,master_DB_2025_Q4.json
NCT06798207,small_molecule,antibody-drug conjugate,master_DB_2025_Q4.json
NCT06233942,monoclonal_antibody,antibody drug conjugate,master_DB_2025_Q4.json
NCT07012980,monoclonal_antibody,polatuzumab vedotin,master_DB_2025_Q4.json
NCT07254416,small_molecule,t-dxd,master_DB_2025_Q4.json
NCT07218146,monoclonal_antibody,antibody-drug conjugate,master_DB_2025_Q4.json
NCT07257809,small_molecule,t-dm1,master_DB_2025_Q4.json
NCT07258680,monoclonal_antibody,brentuximab vedotin,master_DB_2025_Q4.json
NCT06516978,monoclonal_antibody,polatuzumab vedotin,master_DB_2025_Q4.json
NCT07253142,monoclonal_antibody,adc (weak),master_DB_2025_Q4.json
NCT06486883,monoclonal_antibody,trastuzumab deruxtecan,master_DB_2025_Q4.json
NCT06040970,monoclonal_antibody,sacituzumab govitecan,master_DB_2025_Q4.json
NCT06665178,monoclonal_antibody,sacituzumab govitecan,master_DB_2025_Q4.json
NCT05081609,monoclonal_antibody,trastuzumab emtansine,master_DB_2025_Q4.json
NCT07052994,small_molecule,ozogamicin,master_DB_2025_Q4.json
NCT06963905,monoclonal_antibody,sacituzumab govitecan,master_DB_2025_Q4.json
NCT06409390,monoclonal_antibody,trastuzumab deruxtecan,master_DB_2025_Q4.json
NCT05593094,monoclonal_antibody,t-dm1,master_DB_2025_Q4.json
NCT06435429,monoclonal_antibody,trastuzumab deruxtecan,master_DB_2025_Q4.json
NCT06594939,monoclonal_antibody,polatuzumab vedotin,master_DB_2025_Q4.json
NCT07003074,monoclonal_antibody,antibody-drug conjugate,master_DB_2025_Q4.json
NCT05594095,monoclonal_antibody,adc (weak),master_DB_2025_Q4.json
NCT04448886,monoclonal_antibody,sacituzumab govitecan,master_DB_2025_Q4.json
NCT03441061,monoclonal_antibody,ozogamicin,master_DB_2025_Q4.json
NCT06014658,small_molecule,auristatin,master_DB_2025_Q4.json
NCT05555732,monoclonal_antibody,datopotamab deruxtecan,master_DB_2025_Q4.json
NCT05464030,monoclonal_antibody,antibody drug conjugate,master_DB_2025_Q4.json
NCT06641908,monoclonal_antibody,antibody drug conjugate,master_DB_2025_Q4.json
NCT07183319,monoclonal_antibody,enfortumab vedotin,master_DB_2025_Q4.json
NCT03907488,monoclonal_antibody,brentuximab vedotin,master_DB_2025_Q4.json
NCT07059845,monoclonal_antibody,mirvetuximab soravtansine,master_DB_2025_Q4.json
NCT06378242,monoclonal_antibody,disitamab vedotin,master_DB_2025_Q4.json
NCT06899126,monoclonal_antibody,trastuzumab deruxtecan,master_DB_2025_Q4.json
NCT04679012,monoclonal_antibody,polatuzumab vedotin,master_DB_2025_Q4.json
NCT03576378,small_molecule,vedotin,master_DB_2025_Q4.json
NCT06441097,monoclonal_antibody,polatuzumab vedotin,master_DB_2025_Q4.json
NCT07074457,monoclonal_antibody,brentuximab vedotin,master_DB_2025_Q4.json
NCT03517137,monoclonal_antibody,brentuximab vedotin,master_DB_2025_Q4.json
NCT02734771,monoclonal_antibody,brentuximab vedotin,master_DB_2025_Q4.json
NCT06227117,small_molecule,disitamab vedotin,master_DB_2025_Q4.json
NCT04559230,monoclonal_antibody,sacituzumab govitecan,master_DB_2025_Q4.json
NCT06904573,monoclonal_antibody,disitamab vedotin,master_DB_2025_Q4.json
NCT06155396,monoclonal_antibody,disitamab vedotin,master_DB_2025_Q4.json
NCT06389006,monoclonal_antibody,disitamab vedotin,master_DB_2025_Q4.json
NCT06952660,small_molecule,tivdak,master_DB_2025_Q4.json
NCT06157892,monoclonal_antibody,disitamab vedotin,master_DB_2025_Q4.json
NCT06015113,monoclonal_antibody,disitamab vedotin,master_DB_2025_Q4.json
NCT07069595,monoclonal_antibody,datopotamab deruxtecan,master_DB_2025_Q4.json
NCT06857279,small_molecule,adc (weak),master_DB_2025_Q4.json
NCT03786081,monoclonal_antibody,tisotumab vedotin,master_DB_2025_Q4.json
NCT05382299,monoclonal_antibody,sacituzumab govitecan,master_DB_2025_Q4.json
NCT05645718,monoclonal_antibody,ozogamicin,master_DB_2025_Q4.json
NCT03924895,monoclonal_antibody,enfortumab vedotin,master_DB_2025_Q4.json
NCT04145622,monoclonal_antibody,deruxtecan,master_DB_2025_Q4.json
NCT05565807,monoclonal_antibody,antibody drug conjugate,master_DB_2025_Q4.json
NCT05239624,monoclonal_antibody,enfortumab vedotin,master_DB_2025_Q4.json
NCT06178601,small_molecule,adc (weak),master_DB_2025_Q4.json
NCT04457596,monoclonal_antibody,t-dm1,master_DB_2025_Q4.json
NCT05755048,monoclonal_antibody,t-dm1,master_DB_2025_Q4.json
NCT06956690,biologic,antibody-drug conjugate,master_DB_2025_Q4.json
NCT05923190,monoclonal_antibody,enfortumab vedotin,master_DB_2025_Q4.json
NCT07157956,monoclonal_antibody,enfortumab vedotin,master_DB_2025_Q4.json
NCT05246514,monoclonal_antibody,trastuzumab deruxtecan,master_DB_2025_Q4.json
NCT05274048,small_molecule,trastuzumab deruxtecan,master_DB_2025_Q4.json
NCT05243693,monoclonal_antibody,brentuximab vedotin,master_DB_2025_Q4.json
NCT03587311,monoclonal_antibody,ravtansine,master_DB_2025_Q4.json
NCT03547973,monoclonal_antibody,sacituzumab govitecan,master_DB_2025_Q4.json
NCT06758401,monoclonal_antibody,vedotin,master_DB_2025_Q4.json
NCT05861635,monoclonal_antibody,disitamab vedotin,master_DB_2025_Q4.json
NCT03533283,monoclonal_antibody,polatuzumab vedotin,master_DB_2025_Q4.json
NCT06665217,monoclonal_antibody,polatuzumab vedotin,master_DB_2025_Q4.json
NCT06985485,monoclonal_antibody,ozogamicin,master_DB_2025_Q4.json
NCT04307576,antibody_protein,ozogamicin,master_DB_2025_Q4.json
NCT06616987,monoclonal_antibody,sacituzumab govitecan,master_DB_2025_Q4.json
NCT06862219,monoclonal_antibody,enfortumab vedotin,master_DB_2025_Q4.json
NCT06492317,monoclonal_antibody,disitamab vedotin,master_DB_2025_Q4.json
NCT04700124,monoclonal_antibody,enfortumab vedotin,master_DB_2025_Q4.json
NCT06577376,small_molecule,mmae,master_DB_2025_Q4.json
NCT01703949,monoclonal_antibody,brentuximab vedotin,master_DB_2025_Q4.json
NCT06928363,small_molecule,antibody-drug conjugate,master_DB_2025_Q4.json
NCT05948865,monoclonal_antibody,antibody-drug conjugate,master_DB_2025_Q4.json
NCT06088056,small_molecule,t-dxd,master_DB_2025_Q4.json
NCT05912816,monoclonal_antibody,disitamab vedotin,master_DB_2025_Q4.json
NCT06467357,monoclonal_antibody,trastuzumab deruxtecan,master_DB_2025_Q4.json
NCT06328387,monoclonal_antibody,antibody-drug conjugate,master_DB_2025_Q4.json
NCT06957561,monoclonal_antibody,disitamab vedotin,master_DB_2025_Q4.json
NCT05288777,monoclonal_antibody,t-dm1,master_DB_2025_Q4.json
NCT05226117,monoclonal_antibody,sacituzumab govitecan,master_DB_2025_Q4.json
NCT02661503,monoclonal_antibody,brentuximab vedotin,master_DB_2025_Q4.json
NCT06087419,monoclonal_antibody,ozogamicin,master_DB_2025_Q4.json
NCT06227156,monoclonal_antibody,disitamab vedotin,master_DB_2025_Q4.json
NCT05948826,small_molecule,antibody drug conjugate,master_DB_2025_Q4.json
NCT06362252,monoclonal_antibody,deruxtecan,master_DB_2025_Q4.json
NCT06041503,monoclonal_antibody,enfortumab vedotin,master_DB_2025_Q4.json
NCT06524544,monoclonal_antibody,sacituzumab govitecan,master_DB_2025_Q4.json
NCT03606967,monoclonal_antibody,sacituzumab govitecan,master_DB_2025_Q4.json
NCT06003231,monoclonal_antibody,disitamab vedotin,master_DB_2025_Q4.json
NCT03274492,monoclonal_antibody,polatuzumab vedotin,master_DB_2025_Q4.json
NCT05837806,monoclonal_antibody,vedotin,master_DB_2025_Q4.json
NCT05480384,monoclonal_antibody,trastuzumab deruxtecan,master_DB_2025_Q4.json
NCT04569032,monoclonal_antibody,brentuximab vedotin,master_DB_2025_Q4.json
NCT05675410,monoclonal_antibody,brentuximab vedotin,master_DB_2025_Q4.json
NCT05564390,monoclonal_antibody,ozogamicin,master_DB_2025_Q4.json
NCT06311214,monoclonal_antibody,antibody-drug conjugate,master_DB_2025_Q4.json
NCT05614739,monoclonal_antibody,enfortumab vedotin,master_DB_2025_Q4.json
NCT06015880,monoclonal_antibody,polatuzumab vedotin,master_DB_2025_Q4.json
NCT07294508,monoclonal_antibody,t-dxd,master_DB_2025_Q4.json
NCT07299747,monoclonal_antibody,antibody-drug conjugate,master_DB_2025_Q4.json
NCT04266249,monoclonal_antibody,trastuzumab emtansine,master_DB_2025_Q4.json
NCT04378647,monoclonal_antibody,brentuximab vedotin,master_DB_2025_Q4.json
NCT07307053,small_molecule,antibody-drug conjugate,master_DB_2025_Q4.json
NCT06422520,monoclonal_antibody,antibody-drug conjugate,master_DB_2025_Q4.json
NCT07311577,monoclonal_antibody,disitamab vedotin,master_DB_2025_Q4.json
NCT06752681,monoclonal_antibody,antibody-drug conjugate,master_DB_2025_Q4.json
NCT07311603,monoclonal_antibody,antibody-drug conjugate,master_DB_2025_Q4.json
NCT04585958,monoclonal_antibody,trastuzumab deruxtecan,master_DB_2025_Q4.json
NCT06890338,monoclonal_antibody,mirvetuximab soravtansine,master_DB_2025_Q4.json
NCT04733118,monoclonal_antibody,t-dm1,master_DB_2025_Q4.json
NCT06864169,biologic,deruxtecan,master_DB_2025_Q4.json
NCT06238479,monoclonal_antibody,antibody-drug conjugate,master_DB_2025_Q4.json
NCT04963153,monoclonal_antibody,enfortumab vedotin,master_DB_2025_Q4.json
NCT07239271,small_molecule,adc (weak),master_DB_2025_Q4.json
NCT07137416,monoclonal_antibody,trastuzumab deruxtecan,master_DB_2025_Q4.json
NCT04579224,monoclonal_antibody,sacituzumab govitecan,master_DB_2025_Q4.json
NCT06917911,monoclonal_antibody,ozogamicin,master_DB_2025_Q4.json
NCT07227597,monoclonal_antibody,deruxtecan,master_DB_2025_Q4.json
NCT06496490,small_molecule,antibody-drug conjugate,master_DB_2025_Q4.json
NCT04745949,monoclonal_antibody,brentuximab vedotin,master_DB_2025_Q4.json
NCT03589729,monoclonal_antibody,ozogamicin,master_DB_2025_Q4.json
NCT05922904,monoclonal_antibody,brentuximab vedotin,master_DB_2025_Q4.json
NCT07285941,monoclonal_antibody,vedotin,master_DB_2025_Q4.json
NCT06774963,monoclonal_antibody,antibody drug conjugate,master_DB_2025_Q4.json
NCT02724163,monoclonal_antibody,ozogamicin,master_DB_2025_Q4.json
NCT06048718,monoclonal_antibody,deruxtecan,master_DB_2025_Q4.json
NCT02099058,monoclonal_antibody,antibody drug conjugate,master_DB_2025_Q4.json
NCT06263543,monoclonal_antibody,sacituzumab govitecan,master_DB_2025_Q4.json
NCT06434350,monoclonal_antibody,enfortumab vedotin,master_DB_2025_Q4.json
NCT04389632,monoclonal_antibody,vedotin,master_DB_2025_Q4.json
NCT05372614,monoclonal_antibody,trastuzumab deruxtecan,master_DB_2025_Q4.json
NCT07271992,monoclonal_antibody,sacituzumab govitecan,master_DB_2025_Q4.json
NCT07087860,monoclonal_antibody,enfortumab vedotin,master_DB_2025_Q4.json
NCT05408845,monoclonal_antibody,trastuzumab deruxtecan,master_DB_2025_Q4.json
NCT01352520,monoclonal_antibody,brentuximab vedotin,master_DB_2025_Q4.json
NCT06731478,monoclonal_antibody,trastuzumab deruxtecan,master_DB_2025_Q4.json
NCT07221942,monoclonal_antibody,enfortumab vedotin,master_DB_2025_Q4.json
NCT06348134,monoclonal_antibody,trastuzumab emtansine,master_DB_2025_Q4.json
NCT04251416,monoclonal_antibody,sacituzumab govitecan,master_DB_2025_Q4.json
NCT07268053,monoclonal_antibody,antibody-drug conjugate,master_DB_2025_Q4.json
NCT06188559,monoclonal_antibody,antibody-drug conjugate,master_DB_2025_Q4.json
NCT06115642,small_molecule,adc (weak),master_DB_2025_Q4.json
NCT07304128,small_molecule,antibody drug conjugate,master_DB_2025_Q4.json
NCT03913559,monoclonal_antibody,ozogamicin,master_DB_2025_Q4.json
NCT04468061,monoclonal_antibody,sacituzumab govitecan,master_DB_2025_Q4.json
NCT04704934,monoclonal_antibody,trastuzumab deruxtecan,master_DB_2025_Q4.json
NCT04873362,monoclonal_antibody,trastuzumab emtansine,master_DB_2025_Q4.json
NCT01712490,monoclonal_antibody,brentuximab vedotin,master_DB_2025_Q4.json
NCT03288545,monoclonal_antibody,enfortumab vedotin,master_DB_2025_Q4.json
NCT02979522,monoclonal_antibody,brentuximab vedotin,master_DB_2025_Q4.json
NCT04884035,monoclonal_antibody,polatuzumab vedotin,master_DB_2025_Q4.json
NCT06417814,small_molecule,dato-dxd,master_DB_2025_Q4.json
NCT04662580,small_molecule,adc (weak),master_DB_2025_Q4.json
NCT03869190,monoclonal_antibody,enfortumab vedotin,master_DB_2025_Q4.json
NCT06612203,monoclonal_antibody,sacituzumab govitecan,master_DB_2025_Q4.json
NCT04553770,monoclonal_antibody,trastuzumab deruxtecan,master_DB_2025_Q4.json
NCT01920932,monoclonal_antibody,adcetris,master_DB_2025_Q4.json
NCT06238921,monoclonal_antibody,sacituzumab govitecan,master_DB_2025_Q4.json
NCT05578287,monoclonal_antibody,disitamab vedotin,master_DB_2025_Q4.json
NCT06769152,small_molecule,adc (weak),master_DB_2025_Q4.json
NCT06508216,monoclonal_antibody,dato-dxd,master_DB_2025_Q4.json
NCT06819007,monoclonal_antibody,trastuzumab deruxtecan,master_DB_2025_Q4.json
NCT06788964,monoclonal_antibody,loncastuximab tesirine,master_DB_2025_Q4.json
NCT05445778,monoclonal_antibody,mirvetuximab soravtansine,master_DB_2025_Q4.json
NCT04561206,monoclonal_antibody,brentuximab vedotin,master_DB_2025_Q4.json
NCT03233347,monoclonal_antibody,brentuximab vedotin,master_DB_2025_Q4.json
NCT04274426,monoclonal_antibody,mirvetuximab soravtansine,master_DB_2025_Q4.json
NCT07181681,monoclonal_antibody,antibody-drug conjugate,master_DB_2025_Q4.json
NCT05840211,monoclonal_antibody,sacituzumab govitecan,master_DB_2025_Q4.json
NCT05941507,monoclonal_antibody,antibody-drug conjugate,master_DB_2025_Q4.json
NCT06989112,monoclonal_antibody,trastuzumab deruxtecan,master_DB_2025_Q4.json
NCT04680442,monoclonal_antibody,trastuzumab emtansine,master_DB_2025_Q4.json
NCT06553885,monoclonal_antibody,enfortumab vedotin,master_DB_2025_Q4.json
NCT06453044,monoclonal_antibody,polatuzumab vedotin,master_DB_2025_Q4.json
NCT06827613,monoclonal_antibody,sacituzumab govitecan,master_DB_2025_Q4.json
NCT05382286,monoclonal_antibody,sacituzumab govitecan,master_DB_2025_Q4.json
NCT05156866,small_molecule,antibody drug conjugate,master_DB_2025_Q4.json
NCT06906822,monoclonal_antibody,enfortumab vedotin,master_DB_2025_Q4.json
NCT06607549,monoclonal_antibody,loncastuximab tesirine,master_DB_2025_Q4.json
NCT06959108,monoclonal_antibody,adc (weak),master_DB_2025_Q4.json
NCT06481956,small_molecule,trastuzumab emtansine,master_DB_2025_Q4.json
NCT05514158,monoclonal_antibody,disitamab vedotin,master_DB_2025_Q4.json
NCT06493552,monoclonal_antibody,enfortumab vedotin,master_DB_2025_Q4.json
NCT06885645,small_molecule,antibody drug conjugate,master_DB_2025_Q4.json
NCT07110038,monoclonal_antibody,enfortumab vedotin,master_DB_2025_Q4.json
NCT06394570,monoclonal_antibody,enfortumab vedotin,master_DB_2025_Q4.json
NCT05323955,monoclonal_antibody,t-dm1,master_DB_2025_Q4.json
NCT03460522,monoclonal_antibody,ozogamicin,master_DB_2025_Q4.json
NCT03816358,monoclonal_antibody,ravtansine,master_DB_2025_Q4.json
NCT06764095,monoclonal_antibody,enfortumab vedotin,master_DB_2025_Q4.json
NCT06145308,monoclonal_antibody,trastuzumab deruxtecan,master_DB_2025_Q4.json
NCT06028932,monoclonal_antibody,sacituzumab govitecan,master_DB_2025_Q4.json
NCT04341181,monoclonal_antibody,trastuzumab emtansine,master_DB_2025_Q4.json
NCT07172217,monoclonal_antibody,disitamab vedotin,master_DB_2025_Q4.json
NCT06923826,monoclonal_antibody,sacituzumab govitecan,master_DB_2025_Q4.json
NCT05904964,monoclonal_antibody,disitamab vedotin,master_DB_2025_Q4.json
NCT06393361,monoclonal_antibody,brentuximab vedotin,master_DB_2025_Q4.json
NCT06572319,monoclonal_antibody,disitamab vedotin,master_DB_2025_Q4.json
NCT06036121,small_molecule,antibody drug conjugate,master_DB_2025_Q4.json
NCT06235216,monoclonal_antibody,antibody-drug conjugate,master_DB_2025_Q4.json
NCT07126561,monoclonal_antibody,trastuzumab deruxtecan,master_DB_2025_Q4.json
NCT06663007,monoclonal_antibody,disitamab vedotin,master_DB_2025_Q4.json
NCT06944496,monoclonal_antibody,disitamab vedotin,master_DB_2025_Q4.json
NCT06730542,monoclonal_antibody,polatuzumab vedotin,master_DB_2025_Q4.json
NCT06630871,monoclonal_antibody,disitamab vedotin,master_DB_2025_Q4.json
NCT04230109,monoclonal_antibody,sacituzumab govitecan,master_DB_2025_Q4.json
NCT06176261,monoclonal_antibody,deruxtecan,master_DB_2025_Q4.json
NCT06907615,small_molecule,adc (weak),master_DB_2025_Q4.json
NCT06100874,monoclonal_antibody,sacituzumab govitecan,master_DB_2025_Q4.json
NCT06585969,monoclonal_antibody,trastuzumab deruxtecan,master_DB_2025_Q4.json
NCT06733233,small_molecule,t-dxd,master_DB_2025_Q4.json
NCT05675579,monoclonal_antibody,sacituzumab govitecan,master_DB_2025_Q4.json
NCT04724018,monoclonal_antibody,sacituzumab govitecan,master_DB_2025_Q4.json
NCT05103683,small_molecule,antibody drug conjugate,master_DB_2025_Q4.json
NCT06660654,small_molecule,deruxtecan,master_DB_2025_Q4.json
NCT06265727,monoclonal_antibody,antibody-drug conjugate,master_DB_2025_Q4.json
NCT05039073,monoclonal_antibody,brentuximab vedotin,master_DB_2025_Q4.json
NCT06564844,small_molecule,datopotamab deruxtecan,master_DB_2025_Q4.json
NCT06155383,monoclonal_antibody,disitamab vedotin,master_DB_2025_Q4.json
NCT03742102,monoclonal_antibody,trastuzumab deruxtecan,master_DB_2025_Q4.json
NCT04323956,monoclonal_antibody,polatuzumab vedotin,master_DB_2025_Q4.json
NCT05845814,monoclonal_antibody,enfortumab vedotin,master_DB_2025_Q4.json
NCT03474107,monoclonal_antibody,enfortumab vedotin,master_DB_2025_Q4.json
NCT07011654,monoclonal_antibody,sacituzumab govitecan,master_DB_2025_Q4.json
NCT07093866,monoclonal_antibody,disitamab vedotin,master_DB_2025_Q4.json
NCT05388500,monoclonal_antibody,trastuzumab emtansine,master_DB_2025_Q4.json
NCT04739761,monoclonal_antibody,trastuzumab deruxtecan,master_DB_2025_Q4.json
NCT06234423,monoclonal_antibody,antibody-drug conjugate,master_DB_2025_Q4.json
NCT06172478,monoclonal_antibody,patritumab deruxtecan,master_DB_2025_Q4.json
NCT06115902,small_molecule,antibody-drug conjugate,master_DB_2025_Q4.json
NCT04486352,monoclonal_antibody,trastuzumab emtansine,master_DB_2025_Q4.json
NCT01896999,monoclonal_antibody,brentuximab vedotin,master_DB_2025_Q4.json
NCT06927180,monoclonal_antibody,antibody-drug conjugate,master_DB_2025_Q4.json
NCT06848699,monoclonal_antibody,adc (weak),master_DB_2025_Q4.json
NCT07106892,small_molecule,adc (weak),master_DB_2025_Q4.json
NCT05311397,small_molecule,antibody drug conjugate,master_DB_2025_Q4.json
NCT05119907,monoclonal_antibody,sacituzumab govitecan,master_DB_2025_Q4.json
NCT05367635,monoclonal_antibody,antibody drug conjugate,master_DB_2025_Q4.json
NCT06350097,small_molecule,datopotamab deruxtecan,master_DB_2025_Q4.json
NCT02465060,monoclonal_antibody,trastuzumab emtansine,master_DB_2025_Q4.json
NCT06452706,small_molecule,antibody-drug conjugate,master_DB_2025_Q4.json
NCT05652855,small_molecule,adc (weak),master_DB_2025_Q4.json
NCT06203210,small_molecule,deruxtecan,master_DB_2025_Q4.json
NCT05656235,monoclonal_antibody,enfortumab vedotin,master_DB_2025_Q4.json
NCT07258407,monoclonal_antibody,antibody-drug conjugate,master_DB_2025_Q4.json
NCT05904106,monoclonal_antibody,ozogamicin,master_DB_2025_Q4.json
NCT05123482,small_molecule,antibody drug conjugate,master_DB_2025_Q4.json
NCT06803693,monoclonal_antibody,polatuzumab vedotin,master_DB_2025_Q4.json
NCT04538742,monoclonal_antibody,trastuzumab deruxtecan,master_DB_2025_Q4.json
NCT03007030,monoclonal_antibody,adcetris,master_DB_2025_Q4.json
NCT05804864,monoclonal_antibody,adc (weak),master_DB_2025_Q4.json
NCT03672539,monoclonal_antibody,ozogamicin,master_DB_2025_Q4.json
NCT05599360,monoclonal_antibody,ozogamicin,master_DB_2025_Q4.json
NCT06710379,small_molecule,antibody drug conjugate,master_DB_2025_Q4.json
NCT06227325,monoclonal_antibody,disitamab vedotin,master_DB_2025_Q4.json
NCT06413615,small_molecule,antibody-drug conjugate,master_DB_2025_Q4.json
NCT05912205,monoclonal_antibody,disitamab vedotin,master_DB_2025_Q4.json
NCT06886139,small_molecule,mmae,master_DB_2025_Q4.json
NCT06919679,small_molecule,brentuximab vedotin,master_DB_2025_Q4.json
NCT05303792,monoclonal_antibody,ozogamicin,master_DB_2025_Q4.json
NCT06329869,monoclonal_antibody,sacituzumab govitecan,master_DB_2025_Q4.json
NCT06731803,monoclonal_antibody,deruxtecan,master_DB_2025_Q4.json
NCT05582499,monoclonal_antibody,antibody-drug conjugate,master_DB_2025_Q4.json
NCT06918912,monoclonal_antibody,loncastuximab tesirine,master_DB_2025_Q4.json
NCT06185400,monoclonal_antibody,disitamab vedotin,master_DB_2025_Q4.json
NCT07086768,monoclonal_antibody,trastuzumab deruxtecan,master_DB_2025_Q4.json
NCT05953168,monoclonal_antibody,trastuzumab deruxtecan,master_DB_2025_Q4.json
NCT07085091,monoclonal_antibody,antibody drug conjugate,master_DB_2025_Q4.json
NCT04025541,biologic,t-dxd,master_DB_2025_Q4.json
NCT06000033,monoclonal_antibody,disitamab vedotin,master_DB_2025_Q4.json
NCT05922501,monoclonal_antibody,antibody-drug conjugate,master_DB_2025_Q4.json
NCT05048797,monoclonal_antibody,trastuzumab deruxtecan,master_DB_2025_Q4.json
NCT05633667,monoclonal_antibody,sacituzumab govitecan,master_DB_2025_Q4.json
NCT06718335,small_molecule,trastuzumab emtansine,master_DB_2025_Q4.json
NCT04965766,monoclonal_antibody,patritumab deruxtecan,master_DB_2025_Q4.json
NCT06445972,monoclonal_antibody,her3-dxd,master_DB_2025_Q4.json
NCT07299409,monoclonal_antibody,sacituzumab govitecan,master_DB_2025_Q4.json
NCT06731907,monoclonal_antibody,her3-dxd,master_DB_2025_Q4.json
NCT06780111,monoclonal_antibody,dxd,master_DB_2025_Q4.json
NCT06483334,monoclonal_antibody,enfortumab vedotin,master_DB_2025_Q4.json
NCT07232602,monoclonal_antibody,enfortumab vedotin,master_DB_2025_Q4.json
NCT07194005,monoclonal_antibody,disitamab vedotin,master_DB_2025_Q4.json
NCT05894824,monoclonal_antibody,t-dxd,master_DB_2025_Q4.json
NCT05535218,monoclonal_antibody,sacituzumab govitecan,master_DB_2025_Q4.json
NCT05456685,monoclonal_antibody,mirvetuximab soravtansine,master_DB_2025_Q4.json
NCT05117476,monoclonal_antibody,datopotamab deruxtecan,master_DB_2025_Q4.json
NCT06429761,monoclonal_antibody,trastuzumab deruxtecan,master_DB_2025_Q4.json
NCT03587740,monoclonal_antibody,ado-trastuzumab,master_DB_2025_Q4.json
NCT06040320,monoclonal_antibody,polatuzumab vedotin,master_DB_2025_Q4.json
NCT06047080,monoclonal_antibody,polatuzumab vedotin,master_DB_2025_Q4.json
NCT05455697,monoclonal_antibody,polatuzumab vedotin,master_DB_2025_Q4.json
NCT06365853,monoclonal_antibody,mirvetuximab soravtansine,master_DB_2025_Q4.json
NCT06487429,small_molecule,disitamab vedotin,master_DB_2025_Q4.json
NCT06469944,monoclonal_antibody,patritumab deruxtecan,master_DB_2025_Q4.json
NCT06244485,monoclonal_antibody,dxd,master_DB_2025_Q4.json
NCT06839066,small_molecule,adc (weak),master_DB_2025_Q4.json
NCT06195709,combination,antibody-drug conjugate,master_DB_2025_Q4.json
NCT00801489,monoclonal_antibody,ozogamicin,master_DB_2025_Q4.json
NCT04697628,monoclonal_antibody,tisotumab vedotin,master_DB_2025_Q4.json
NCT05283720,monoclonal_antibody,polatuzumab vedotin,master_DB_2025_Q4.json
NCT01371630,monoclonal_antibody,ozogamicin,master_DB_2025_Q4.json
NCT07291037,small_molecule,datopotamab deruxtecan,master_DB_2025_Q4.json
NCT04404283,monoclonal_antibody,brentuximab vedotin,master_DB_2025_Q4.json
NCT07134556,monoclonal_antibody,sacituzumab govitecan,master_DB_2025_Q4.json
NCT04612751,monoclonal_antibody,datopotamab deruxtecan,master_DB_2025_Q4.json
NCT07169734,monoclonal_antibody,antibody-drug conjugate,master_DB_2025_Q4.json
NCT06919939,monoclonal_antibody,loncastuximab tesirine,master_DB_2025_Q4.json
NCT06243393,monoclonal_antibody,sacituzumab govitecan,master_DB_2025_Q4.json
NCT04617314,small_molecule,antibody-drug conjugate,master_DB_2025_Q4.json
NCT06475443,oligonucleotide,antibody-drug conjugate,master_DB_2025_Q4.json
NCT07218380,monoclonal_antibody,enfortumab vedotin,master_DB_2025_Q4.json
NCT05280470,monoclonal_antibody,deruxtecan,master_DB_2025_Q4.json
NCT05270057,monoclonal_antibody,loncastuximab tesirine,master_DB_2025_Q4.json
NCT07061639,small_molecule,antibody drug conjugate,master_DB_2025_Q4.json
NCT05376878,monoclonal_antibody,trastuzumab deruxtecan,master_DB_2025_Q4.json
NCT06354231,monoclonal_antibody,disitamab vedotin,master_DB_2025_Q4.json
NCT05884320,monoclonal_antibody,sacituzumab govitecan,master_DB_2025_Q4.json
NCT03835819,monoclonal_antibody,mirvetuximab soravtansine,master_DB_2025_Q4.json
NCT05489211,monoclonal_antibody,datopotamab deruxtecan,master_DB_2025_Q4.json
NCT06041516,monoclonal_antibody,antibody drug conjugate,master_DB_2025_Q4.json
NCT06178588,monoclonal_antibody,sacituzumab govitecan,master_DB_2025_Q4.json
NCT02675829,monoclonal_antibody,ado-trastuzumab,master_DB_2025_Q4.json
NCT05253495,small_molecule,polatuzumab vedotin,master_DB_2025_Q4.json
NCT06278870,monoclonal_antibody,disitamab vedotin,master_DB_2025_Q4.json
NCT06001086,small_molecule,vedotin,master_DB_2025_Q4.json
NCT04223856,monoclonal_antibody,enfortumab vedotin,master_DB_2025_Q4.json
NCT06457997,monoclonal_antibody,antibody drug conjugate,master_DB_2025_Q4.json
NCT03568994,monoclonal_antibody,ozogamicin,master_DB_2025_Q4.json
NCT06805825,monoclonal_antibody,antibody-drug conjugate,master_DB_2025_Q4.json
NCT06316531,small_molecule,t-dm1,master_DB_2025_Q4.json
NCT06863259,monoclonal_antibody,ozogamicin,master_DB_2025_Q4.json
NCT04471727,monoclonal_antibody,deruxtecan,master_DB_2025_Q4.json
NCT05180097,monoclonal_antibody,brentuximab vedotin,master_DB_2025_Q4.json
NCT06908928,monoclonal_antibody,vedotin,master_DB_2025_Q4.json
NCT06198751,small_molecule,antibody-drug conjugate,master_DB_2025_Q4.json
NCT04434040,monoclonal_antibody,sacituzumab govitecan,master_DB_2025_Q4.json
NCT07043725,monoclonal_antibody,antibody-drug conjugate,master_DB_2025_Q4.json
NCT05460273,monoclonal_antibody,dato-dxd,master_DB_2025_Q4.json
NCT07145255,monoclonal_antibody,antibody-drug conjugate,master_DB_2025_Q4.json
NCT04454437,monoclonal_antibody,sacituzumab govitecan,master_DB_2025_Q4.json
NCT06433609,monoclonal_antibody,antibody-drug conjugate,master_DB_2025_Q4.json
NCT06664411,monoclonal_antibody,polatuzumab vedotin,master_DB_2025_Q4.json
NCT06043674,monoclonal_antibody,polatuzumab vedotin,master_DB_2025_Q4.json
NCT04609566,monoclonal_antibody,brentuximab vedotin,master_DB_2025_Q4.json
NCT05410418,monoclonal_antibody,polatuzumab vedotin,master_DB_2025_Q4.json
NCT07281001,monoclonal_antibody,trastuzumab deruxtecan,master_DB_2025_Q4.json
NCT07283198,small_molecule,adc (weak),master_DB_2025_Q4.json
NCT07281209,monoclonal_antibody,adc (weak),master_DB_2025_Q4.json
NCT05183035,monoclonal_antibody,ozogamicin,master_DB_2025_Q4.json
NCT06630130,monoclonal_antibody,trastuzumab deruxtecan,master_DB_2025_Q4.json
NCT06012435,small_molecule,vedotin,master_DB_2025_Q4.json
NCT06966453,monoclonal_antibody,disitamab vedotin,master_DB_2025_Q4.json
NCT06210490,monoclonal_antibody,disitamab vedotin,master_DB_2025_Q4.json
NCT06431490,small_molecule,antibody-drug conjugate,master_DB_2025_Q4.json
NCT07269782,monoclonal_antibody,adc (weak),master_DB_2025_Q4.json
NCT06085755,monoclonal_antibody,trastuzumab deruxtecan,master_DB_2025_Q4.json
NCT07109219,combination,antibody-drug conjugate,master_DB_2025_Q4.json
NCT06764875,monoclonal_antibody,trastuzumab deruxtecan,master_DB_2025_Q4.json
NCT04879329,monoclonal_antibody,disitamab vedotin,master_DB_2025_Q4.json
NCT07144280,small_molecule,antibody drug conjugate,master_DB_2025_Q4.json
NCT06383884,monoclonal_antibody,patritumab deruxtecan,master_DB_2025_Q4.json
NCT05558124,monoclonal_antibody,ozogamicin,master_DB_2025_Q4.json
NCT05527184,monoclonal_antibody,antibody-drug conjugate,master_DB_2025_Q4.json
NCT05911295,monoclonal_antibody,disitamab vedotin,master_DB_2025_Q4.json
NCT07008976,monoclonal_antibody,trastuzumab emtansine,master_DB_2025_Q4.json
NCT07113925,small_molecule,antibody-drug conjugate,master_DB_2025_Q4.json
NCT06287229,monoclonal_antibody,ozogamicin,master_DB_2025_Q4.json
NCT05279300,monoclonal_antibody,antibody-drug conjugate,master_DB_2025_Q4.json
NCT06590857,monoclonal_antibody,antibody-drug conjugate,master_DB_2025_Q4.json
NCT07117851,small_molecule,disitamab vedotin,master_DB_2025_Q4.json
NCT07122609,monoclonal_antibody,polatuzumab vedotin,master_DB_2025_Q4.json
NCT07142200,monoclonal_antibody,disitamab vedotin,master_DB_2025_Q4.json
NCT04620187,monoclonal_antibody,ado-trastuzumab,master_DB_2025_Q4_with_sources.json
NCT05320588,monoclonal_antibody,antibody-drug conjugate,master_DB_2025_Q4_with_sources.json
NCT05215340,monoclonal_antibody,dato-dxd,master_DB_2025_Q4_with_sources.json
NCT04189614,monoclonal_antibody,antibody drug conjugate,master_DB_2025_Q4_with_sources.json
NCT05338970,monoclonal_antibody,patritumab deruxtecan,master_DB_2025_Q4_with_sources.json
NCT05824325,monoclonal_antibody,antibody-drug conjugate,master_DB_2025_Q4_with_sources.json
NCT03264131,monoclonal_antibody,brentuximab vedotin,master_DB_2025_Q4_with_sources.json
NCT05113251,monoclonal_antibody,trastuzumab deruxtecan,master_DB_2025_Q4_with_sources.json
NCT01868451,monoclonal_antibody,brentuximab vedotin,master_DB_2025_Q4_with_sources.json
NCT04042701,monoclonal_antibody,trastuzumab deruxtecan,master_DB_2025_Q4_with_sources.json
NCT05831878,monoclonal_antibody,disitamab vedotin,master_DB_2025_Q4_with_sources.json
NCT06219941,small_molecule,antibody-drug conjugate,master_DB_2025_Q4_with_sources.json
NCT01853748,monoclonal_antibody,trastuzumab emtansine,master_DB_2025_Q4_with_sources.json
NCT05313243,monoclonal_antibody,brentuximab vedotin,master_DB_2025_Q4_with_sources.json
NCT07001540,monoclonal_antibody,polatuzumab vedotin,master_DB_2025_Q4_with_sources.json
NCT07043751,small_molecule,adc (weak),master_DB_2025_Q4_with_sources.json
NCT06555744,monoclonal_antibody,antibody drug conjugate,master_DB_2025_Q4_with_sources.json
NCT06055465,monoclonal_antibody,sacituzumab govitecan,master_DB_2025_Q4_with_sources.json
NCT06005740,small_molecule,antibody drug conjugate,master_DB_2025_Q4_with_sources.json
NCT05838521,monoclonal_antibody,sacituzumab govitecan,master_DB_2025_Q4_with_sources.json
NCT05139017,monoclonal_antibody,vedotin,master_DB_2025_Q4_with_sources.json
NCT06596694,monoclonal_antibody,patritumab deruxtecan,master_DB_2025_Q4_with_sources.json
NCT06459180,monoclonal_antibody,tisotumab vedotin,master_DB_2025_Q4_with_sources.json
NCT06682988,monoclonal_antibody,mirvetuximab soravtansine,master_DB_2025_Q4_with_sources.json
NCT05609968,monoclonal_antibody,sacituzumab govitecan,master_DB_2025_Q4_with_sources.json
NCT05748171,monoclonal_antibody,ozogamicin,master_DB_2025_Q4_with_sources.json
NCT05458297,monoclonal_antibody,vedotin,master_DB_2025_Q4_with_sources.json
NCT00781612,monoclonal_antibody,trastuzumab emtansine,master_DB_2025_Q4_with_sources.json
NCT06305767,monoclonal_antibody,enfortumab vedotin,master_DB_2025_Q4_with_sources.json
NCT05562830,monoclonal_antibody,vedotin,master_DB_2025_Q4_with_sources.json
NCT07301229,small_molecule,adc (weak),master_DB_2025_Q4_with_sources.json
NCT07129993,small_molecule,datopotamab deruxtecan,master_DB_2025_Q4_with_sources.json
NCT06890884,monoclonal_antibody,vedotin,master_DB_2025_Q4_with_sources.json
NCT06717347,monoclonal_antibody,vedotin,master_DB_2025_Q4_with_sources.json
NCT06780085,monoclonal_antibody,deruxtecan,master_DB_2025_Q4_with_sources.json
NCT07286149,monoclonal_antibody,patritumab deruxtecan,master_DB_2025_Q4_with_sources.json
NCT05456698,monoclonal_antibody,ozogamicin,master_DB_2025_Q4_with_sources.json
NCT07303283,small_molecule,vedotin,master_DB_2025_Q4_with_sources.json
NCT06780098,small_molecule,dxd,master_DB_2025_Q4_with_sources.json
NCT06863272,small_molecule,deruxtecan,master_DB_2025_Q4_with_sources.json
NCT06941272,monoclonal_antibody,patritumab deruxtecan,master_DB_2025_Q4_with_sources.json
NCT06925737,small_molecule,deruxtecan,master_DB_2025_Q4_with_sources.json
NCT06395103,monoclonal_antibody,vedotin,master_DB_2025_Q4_with_sources.json
NCT06780137,monoclonal_antibody,deruxtecan,master_DB_2025_Q4_with_sources.json
NCT07060807,monoclonal_antibody,patritumab deruxtecan,master_DB_2025_Q4_with_sources.json
NCT07230977,small_molecule,antibody drug conjugate,master_DB_2025_Q4_with_sources.json
NCT06686394,monoclonal_antibody,patritumab deruxtecan,master_DB_2025_Q4_with_sources.json
NCT07223125,monoclonal_antibody,antibody drug conjugate,master_DB_2025_Q4_with_sources.json
NCT07195344,monoclonal_antibody,deruxtecan,master_DB_2025_Q4_with_sources.json
NCT05374512,oligonucleotide,datopotamab deruxtecan,master_DB_2025_Q4_with_sources.json
NCT04398914,monoclonal_antibody,t-dm1,master_DB_2025_Q4_with_sources.json
NCT05898373,monoclonal_antibody,mmae,master_DB_2025_Q4_with_sources.json
NCT07117864,combination,t-dxd,master_DB_2025_Q4_with_sources.json
NCT06201507,monoclonal_antibody,brentuximab vedotin,master_DB_2025_Q4_with_sources.json
NCT05900206,monoclonal_antibody,trastuzumab deruxtecan,master_DB_2025_Q4_with_sources.json
NCT04225117,monoclonal_antibody,enfortumab vedotin,master_DB_2025_Q4_with_sources.json
NCT05350917,monoclonal_antibody,vedotin,master_DB_2025_Q4_with_sources.json
NCT06178159,monoclonal_antibody,disitamab vedotin,master_DB_2025_Q4_with_sources.json
NCT05971251,monoclonal_antibody,loncastuximab tesirine,master_DB_2025_Q4_with_sources.json
NCT03356054,monoclonal_antibody,brentuximab vedotin,master_DB_2025_Q4_with_sources.json
NCT05991388,monoclonal_antibody,loncastuximab tesirine,master_DB_2025_Q4_with_sources.json
NCT03975647,monoclonal_antibody,ado-trastuzumab,master_DB_2025_Q4_with_sources.json
NCT05950945,monoclonal_antibody,trastuzumab deruxtecan,master_DB_2025_Q4_with_sources.json
NCT07218809,monoclonal_antibody,mirvetuximab soravtansine,master_DB_2025_Q4_with_sources.json
NCT02314481,monoclonal_antibody,trastuzumab emtansine,master_DB_2025_Q4_with_sources.json
NCT06791070,monoclonal_antibody,disitamab vedotin,master_DB_2025_Q4_with_sources.json
NCT04622319,monoclonal_antibody,trastuzumab deruxtecan,master_DB_2025_Q4_with_sources.json
NCT05687266,monoclonal_antibody,datopotamab deruxtecan,master_DB_2025_Q4_with_sources.json
NCT07002216,monoclonal_antibody,brentuximab vedotin,master_DB_2025_Q4_with_sources.json
NCT07046455,monoclonal_antibody,sacituzumab govitecan,master_DB_2025_Q4_with_sources.json
NCT05488353,monoclonal_antibody,disitamab vedotin,master_DB_2025_Q4_with_sources.json
NCT03374332,monoclonal_antibody,ozogamicin,master_DB_2025_Q4_with_sources.json
NCT06775236,small_molecule,adc (weak),master_DB_2025_Q4_with_sources.json
NCT03587844,monoclonal_antibody,brentuximab vedotin,master_DB_2025_Q4_with_sources.json
NCT04931342,monoclonal_antibody,trastuzumab emtansine,master_DB_2025_Q4_with_sources.json
NCT07275216,monoclonal_antibody,brentuximab vedotin,master_DB_2025_Q4_with_sources.json
NCT06929663,monoclonal_antibody,antibody-drug conjugate,master_DB_2025_Q4_with_sources.json
NCT07178730,monoclonal_antibody,sacituzumab govitecan,master_DB_2025_Q4_with_sources.json
NCT06723236,biologic,antibody-drug conjugate,master_DB_2025_Q4_with_sources.json
NCT07178457,monoclonal_antibody,brentuximab vedotin,master_DB_2025_Q4_with_sources.json
NCT05615636,monoclonal_antibody,polatuzumab vedotin,master_DB_2025_Q4_with_sources.json
NCT07077564,small_molecule,sacituzumab govitecan,master_DB_2025_Q4_with_sources.json
NCT06377566,monoclonal_antibody,brentuximab vedotin,master_DB_2025_Q4_with_sources.json
NCT03057795,monoclonal_antibody,brentuximab vedotin,master_DB_2025_Q4_with_sources.json
NCT05149768,monoclonal_antibody,brentuximab vedotin,master_DB_2025_Q4_with_sources.json
NCT01042379,monoclonal_antibody,t-dm1,master_DB_2025_Q4_with_sources.json
NCT06373406,small_molecule,antibody-drug conjugate,master_DB_2025_Q4_with_sources.json
NCT06954480,monoclonal_antibody,datopotamab deruxtecan,master_DB_2025_Q4_with_sources.json
NCT04676477,monoclonal_antibody,her3-dxd,master_DB_2025_Q4_with_sources.json
NCT06123468,monoclonal_antibody,govitecan,master_DB_2025_Q4_with_sources.json
NCT04986579,monoclonal_antibody,sacituzumab govitecan,master_DB_2025_Q4_with_sources.json
NCT06548672,small_molecule,antibody drug conjugate,master_DB_2025_Q4_with_sources.json
NCT05034887,monoclonal_antibody,trastuzumab deruxtecan,master_DB_2025_Q4_with_sources.json
NCT06468943,monoclonal_antibody,polatuzumab vedotin,master_DB_2025_Q4_with_sources.json
NCT05704829,monoclonal_antibody,deruxtecan,master_DB_2025_Q4_with_sources.json
NCT05357794,monoclonal_antibody,brentuximab vedotin,master_DB_2025_Q4_with_sources.json
NCT05053659,monoclonal_antibody,loncastuximab tesirine,master_DB_2025_Q4_with_sources.json
NCT06081244,monoclonal_antibody,sacituzumab govitecan,master_DB_2025_Q4_with_sources.json
NCT05464719,monoclonal_antibody,loncastuximab tesirine,master_DB_2025_Q4_with_sources.json
NCT06563778,oligonucleotide,brentuximab vedotin,master_DB_2025_Q4_with_sources.json
NCT05965479,monoclonal_antibody,trastuzumab deruxtecan,master_DB_2025_Q4_with_sources.json
NCT06253650,monoclonal_antibody,trastuzumab deruxtecan,master_DB_2025_Q4_with_sources.json
NCT05406401,monoclonal_antibody,vedotin,master_DB_2025_Q4_with_sources.json
NCT05867251,monoclonal_antibody,sacituzumab govitecan,master_DB_2025_Q4_with_sources.json
NCT06846437,monoclonal_antibody,trastuzumab emtansine,master_DB_2025_Q4_with_sources.json
NCT07231250,monoclonal_antibody,polatuzumab vedotin,master_DB_2025_Q4_with_sources.json
NCT06364410,monoclonal_antibody,trastuzumab deruxtecan,master_DB_2025_Q4_with_sources.json
NCT04384484,monoclonal_antibody,loncastuximab tesirine,master_DB_2025_Q4_with_sources.json
NCT03539536,monoclonal_antibody,telisotuzumab vedotin,master_DB_2025_Q4_with_sources.json
NCT04385290,monoclonal_antibody,ozogamicin,master_DB_2025_Q4_with_sources.json
NCT06187506,monoclonal_antibody,disitamab vedotin,master_DB_2025_Q4_with_sources.json
NCT07198724,monoclonal_antibody,trastuzumab deruxtecan,master_DB_2025_Q4_with_sources.json
NCT05190705,monoclonal_antibody,loncastuximab tesirine,master_DB_2025_Q4_with_sources.json
NCT05749588,monoclonal_antibody,antibody-drug conjugate,master_DB_2025_Q4_with_sources.json
NCT04606914,monoclonal_antibody,mirvetuximab soravtansine,master_DB_2025_Q4_with_sources.json
NCT03737955,monoclonal_antibody,ozogamicin,master_DB_2025_Q4_with_sources.json
NCT04039230,monoclonal_antibody,antibody-drug conjugate,master_DB_2025_Q4_with_sources.json
NCT05006794,monoclonal_antibody,sacituzumab govitecan,master_DB_2025_Q4_with_sources.json
NCT04829604,small_molecule,t-dxd,master_DB_2025_Q4_with_sources.json
NCT03523585,monoclonal_antibody,trastuzumab deruxtecan,master_DB_2025_Q4_with_sources.json
NCT05595447,monoclonal_antibody,brentuximab vedotin,master_DB_2025_Q4_with_sources.json
NCT06545617,monoclonal_antibody,antibody drug conjugate,master_DB_2025_Q4_with_sources.json
NCT07040644,monoclonal_antibody,sacituzumab govitecan,master_DB_2025_Q4_with_sources.json
NCT07159217,monoclonal_antibody,disitamab vedotin,master_DB_2025_Q4_with_sources.json
NCT03113500,monoclonal_antibody,brentuximab vedotin,master_DB_2025_Q4_with_sources.json
NCT06793332,monoclonal_antibody,sacituzumab govitecan,master_DB_2025_Q4_with_sources.json
NCT07127874,monoclonal_antibody,antibody drug conjugate,master_DB_2025_Q4_with_sources.json
NCT06220864,monoclonal_antibody,trastuzumab deruxtecan,master_DB_2025_Q4_with_sources.json
NCT04300556,monoclonal_antibody,antibody-drug conjugate,master_DB_2025_Q4_with_sources.json
NCT05564858,monoclonal_antibody,antibody-drug conjugate,master_DB_2025_Q4_with_sources.json
NCT05917158,small_molecule,disitamab vedotin,master_DB_2025_Q4_with_sources.json
NCT01494662,monoclonal_antibody,ado-trastuzumab,master_DB_2025_Q4_with_sources.json
NCT04914741,monoclonal_antibody,polatuzumab vedotin,master_DB_2025_Q4_with_sources.json
NCT06341400,monoclonal_antibody,vedotin,master_DB_2025_Q4_with_sources.json
NCT06597721,monoclonal_antibody,antibody-drug conjugate,master_DB_2025_Q4_with_sources.json
NCT05547321,monoclonal_antibody,antibody-drug conjugate,master_DB_2025_Q4_with_sources.json
NCT04970901,monoclonal_antibody,loncastuximab tesirine,master_DB_2025_Q4_with_sources.json
NCT07015697,monoclonal_antibody,trastuzumab deruxtecan,master_DB_2025_Q4_with_sources.json
NCT06554600,monoclonal_antibody,polatuzumab vedotin,master_DB_2025_Q4_with_sources.json
NCT06121557,monoclonal_antibody,adc (weak),master_DB_2025_Q4_with_sources.json
NCT06230055,small_molecule,sacituzumab govitecan,master_DB_2025_Q4_with_sources.json
NCT04893109,monoclonal_antibody,trastuzumab emtansine,master_DB_2025_Q4_with_sources.json
NCT06801834,monoclonal_antibody,sacituzumab govitecan,master_DB_2025_Q4_with_sources.json
NCT04686305,monoclonal_antibody,trastuzumab deruxtecan,master_DB_2025_Q4_with_sources.json
NCT05600686,monoclonal_antibody,loncastuximab tesirine,master_DB_2025_Q4_with_sources.json
NCT05581589,monoclonal_antibody,sacituzumab govitecan,master_DB_2025_Q4_with_sources.json
NCT05308225,monoclonal_antibody,antibody drug conjugate,master_DB_2025_Q4_with_sources.json
NCT05915351,monoclonal_antibody,enfortumab vedotin,master_DB_2025_Q4_with_sources.json
NCT02758717,monoclonal_antibody,brentuximab vedotin,master_DB_2025_Q4_with_sources.json
NCT04998669,monoclonal_antibody,loncastuximab tesirine,master_DB_2025_Q4_with_sources.json
NCT06302569,monoclonal_antibody,enfortumab vedotin,master_DB_2025_Q4_with_sources.json
NCT04747912,monoclonal_antibody,ozogamicin,master_DB_2025_Q4_with_sources.json
NCT06554626,monoclonal_antibody,ozogamicin,master_DB_2025_Q4_with_sources.json
NCT04595565,monoclonal_antibody,sacituzumab govitecan,master_DB_2025_Q4_with_sources.json
NCT07012031,monoclonal_antibody,trastuzumab deruxtecan,master_DB_2025_Q4_with_sources.json
NCT07162259,small_molecule,t-dxd,master_DB_2025_Q4_with_sources.json
NCT06133517,monoclonal_antibody,sacituzumab govitecan,master_DB_2025_Q4_with_sources.json
NCT05217693,small_molecule,adc (weak),master_DB_2025_Q4_with_sources.json
NCT02226276,monoclonal_antibody,antibody drug conjugate,master_DB_2025_Q4_with_sources.json
NCT05800366,monoclonal_antibody,antibody drug conjugate,master_DB_2025_Q4_with_sources.json
NCT05205850,small_molecule,antibody-drug conjugate,master_DB_2025_Q4_with_sources.json
NCT06563245,monoclonal_antibody,brentuximab vedotin,master_DB_2025_Q4_with_sources.json
NCT05940064,monoclonal_antibody,polatuzumab vedotin,master_DB_2025_Q4_with_sources.json
NCT06782334,small_molecule,antibody drug conjugate,master_DB_2025_Q4_with_sources.json
NCT05104866,small_molecule,dato-dxd,master_DB_2025_Q4_with_sources.json
NCT04143711,monoclonal_antibody,sacituzumab govitecan,master_DB_2025_Q4_with_sources.json
NCT05834764,small_molecule,t-dm1,master_DB_2025_Q4_with_sources.json
NCT05089734,monoclonal_antibody,sacituzumab govitecan,master_DB_2025_Q4_with_sources.json
NCT06071871,monoclonal_antibody,polatuzumab vedotin,master_DB_2025_Q4_with_sources.json
NCT05982678,monoclonal_antibody,deruxtecan,master_DB_2025_Q4_with_sources.json
NCT04704661,monoclonal_antibody,trastuzumab deruxtecan,master_DB_2025_Q4_with_sources.json
NCT06161532,monoclonal_antibody,sacituzumab govitecan,master_DB_2025_Q4_with_sources.json
NCT07034508,monoclonal_antibody,polatuzumab vedotin,master_DB_2025_Q4_with_sources.json
NCT06830889,monoclonal_antibody,trastuzumab emtansine,master_DB_2025_Q4_with_sources.json
NCT04940325,monoclonal_antibody,antibody-drug conjugate,master_DB_2025_Q4_with_sources.json
NCT05633654,monoclonal_antibody,sacituzumab govitecan,master_DB_2025_Q4_with_sources.json
NCT07251062,small_molecule,adc (weak),master_DB_2025_Q4_with_sources.json
NCT06356155,monoclonal_antibody,enfortumab vedotin,master_DB_2025_Q4_with_sources.json
NCT06172127,monoclonal_antibody,trastuzumab deruxtecan,master_DB_2025_Q4_with_sources.json
NCT06797622,monoclonal_antibody,t-dxd,master_DB_2025_Q4_with_sources.json
NCT06682728,monoclonal_antibody,sacituzumab govitecan,master_DB_2025_Q4_with_sources.json
NCT06470672,monoclonal_antibody,adc (weak),master_DB_2025_Q4_with_sources.json
NCT06530511,monoclonal_antibody,polatuzumab vedotin,master_DB_2025_Q4_with_sources.json
NCT06167317,monoclonal_antibody,sacituzumab govitecan,master_DB_2025_Q4_with_sources.json
NCT05775471,monoclonal_antibody,enfortumab vedotin,master_DB_2025_Q4_with_sources.json
NCT06660511,monoclonal_antibody,disitamab vedotin,master_DB_2025_Q4_with_sources.json
NCT05633615,monoclonal_antibody,polatuzumab vedotin,master_DB_2025_Q4_with_sources.json
NCT06837792,monoclonal_antibody,trastuzumab deruxtecan,master_DB_2025_Q4_with_sources.json
NCT05016947,monoclonal_antibody,ozogamicin,master_DB_2025_Q4_with_sources.json
NCT06233864,monoclonal_antibody,disitamab vedotin,master_DB_2025_Q4_with_sources.json
NCT05982834,monoclonal_antibody,disitamab vedotin,master_DB_2025_Q4_with_sources.json
NCT05660395,monoclonal_antibody,loncastuximab tesirine,master_DB_2025_Q4_with_sources.json
NCT06849492,monoclonal_antibody,adc (weak),master_DB_2025_Q4_with_sources.json
NCT05586061,monoclonal_antibody,disitamab vedotin,master_DB_2025_Q4_with_sources.json
NCT05388149,small_molecule,kadcyla,master_DB_2025_Q4_with_sources.json
NCT06245824,monoclonal_antibody,trastuzumab deruxtecan,master_DB_2025_Q4_with_sources.json
NCT05332561,monoclonal_antibody,sacituzumab govitecan,master_DB_2025_Q4_with_sources.json
NCT05498220,monoclonal_antibody,polatuzumab vedotin,master_DB_2025_Q4_with_sources.json
NCT06948539,small_molecule,antibody drug conjugate,master_DB_2025_Q4_with_sources.json
NCT07063212,monoclonal_antibody,sacituzumab govitecan,master_DB_2025_Q4_with_sources.json
NCT05673785,monoclonal_antibody,brentuximab vedotin,master_DB_2025_Q4_with_sources.json
NCT04526691,monoclonal_antibody,datopotamab deruxtecan,master_DB_2025_Q4_with_sources.json
NCT05673928,monoclonal_antibody,ado-trastuzumab,master_DB_2025_Q4_with_sources.json
NCT04619004,monoclonal_antibody,patritumab deruxtecan,master_DB_2025_Q4_with_sources.json
NCT04152499,small_molecule,antibody drug conjugate,master_DB_2025_Q4_with_sources.json
NCT07041437,monoclonal_antibody,adc (weak),master_DB_2025_Q4_with_sources.json
NCT06823427,monoclonal_antibody,mmae,master_DB_2025_Q4_with_sources.json
NCT07213804,monoclonal_antibody,mirvetuximab soravtansine,master_DB_2025_Q4_with_sources.json
NCT06462079,monoclonal_antibody,sacituzumab govitecan,master_DB_2025_Q4_with_sources.json
NCT06359002,monoclonal_antibody,antibody-drug conjugate,master_DB_2025_Q4_with_sources.json
NCT04617522,monoclonal_antibody,sacituzumab govitecan,master_DB_2025_Q4_with_sources.json
NCT05833867,monoclonal_antibody,sacituzumab govitecan,master_DB_2025_Q4_with_sources.json
NCT07102004,small_molecule,adc (weak),master_DB_2025_Q4_with_sources.json
NCT07100184,monoclonal_antibody,disitamab vedotin,master_DB_2025_Q4_with_sources.json
NCT05199051,monoclonal_antibody,ozogamicin,master_DB_2025_Q4_with_sources.json
NCT07124117,small_molecule,antibody-drug conjugate,master_DB_2025_Q4_with_sources.json
NCT05143229,monoclonal_antibody,sacituzumab govitecan,master_DB_2025_Q4_with_sources.json
NCT06610825,monoclonal_antibody,trastuzumab deruxtecan,master_DB_2025_Q4_with_sources.json
NCT05633979,monoclonal_antibody,trastuzumab deruxtecan,master_DB_2025_Q4_with_sources.json
NCT05756569,monoclonal_antibody,enfortumab vedotin,master_DB_2025_Q4_with_sources.json
NCT07201675,monoclonal_antibody,adc (weak),master_DB_2025_Q4_with_sources.json
NCT05672251,monoclonal_antibody,loncastuximab tesirine,master_DB_2025_Q4_with_sources.json
NCT05994001,monoclonal_antibody,adc (weak),master_DB_2025_Q4_with_sources.json
NCT03334617,monoclonal_antibody,trastuzumab deruxtecan,master_DB_2025_Q4_with_sources.json
NCT06299852,monoclonal_antibody,trastuzumab emtansine,master_DB_2025_Q4_with_sources.json
NCT06357533,monoclonal_antibody,datopotamab deruxtecan,master_DB_2025_Q4_with_sources.json
NCT04589845,monoclonal_antibody,trastuzumab emtansine,master_DB_2025_Q4_with_sources.json
NCT06990503,small_molecule,adc (weak),master_DB_2025_Q4_with_sources.json
NCT06176729,monoclonal_antibody,polatuzumab vedotin,master_DB_2025_Q4_with_sources.json
NCT06221748,monoclonal_antibody,disitamab vedotin,master_DB_2025_Q4_with_sources.json
NCT00658814,monoclonal_antibody,ozogamicin,master_DB_2025_Q4_with_sources.json
NCT06747585,monoclonal_antibody,antibody-drug conjugate,master_DB_2025_Q4_with_sources.json
NCT06548178,monoclonal_antibody,trastuzumab deruxtecan,master_DB_2025_Q4_with_sources.json
NCT05404945,monoclonal_antibody,brentuximab vedotin,master_DB_2025_Q4_with_sources.json
NCT01409161,monoclonal_antibody,ozogamicin,master_DB_2025_Q4_with_sources.json
NCT04482309,monoclonal_antibody,trastuzumab deruxtecan,master_DB_2025_Q4_with_sources.json
NCT03485209,monoclonal_antibody,tisotumab vedotin,master_DB_2025_Q4_with_sources.json
NCT05797168,monoclonal_antibody,antibody-drug conjugate,master_DB_2025_Q4_with_sources.json
NCT02326974,monoclonal_antibody,t-dm1,master_DB_2025_Q4_with_sources.json
NCT04556773,monoclonal_antibody,trastuzumab deruxtecan,master_DB_2025_Q4_with_sources.json
NCT06248515,monoclonal_antibody,sacituzumab govitecan,master_DB_2025_Q4_with_sources.json
NCT06387121,monoclonal_antibody,ozogamicin,master_DB_2025_Q4_with_sources.json
NCT07134153,monoclonal_antibody,t-dxd,master_DB_2025_Q4_with_sources.json
NCT06680596,monoclonal_antibody,deruxtecan,master_DB_2025_Q4_with_sources.json
NCT07287995,monoclonal_antibody,enfortumab vedotin,master_DB_2025_Q4_with_sources.json
NCT05765851,monoclonal_antibody,t-dxd,master_DB_2025_Q4_with_sources.json
NCT04594798,monoclonal_antibody,polatuzumab vedotin,master_DB_2025_Q4_with_sources.json
NCT05866432,monoclonal_antibody,deruxtecan,master_DB_2025_Q4_with_sources.json
NCT06809140,monoclonal_antibody,enfortumab vedotin,master_DB_2025_Q4_with_sources.json
NCT06224673,monoclonal_antibody,antibody drug conjugate,master_DB_2025_Q4_with_sources.json
NCT04863885,monoclonal_antibody,sacituzumab govitecan,master_DB_2025_Q4_with_sources.json
NCT03944772,monoclonal_antibody,datopotamab deruxtecan,master_DB_2025_Q4_with_sources.json
NCT06112379,monoclonal_antibody,datopotamab deruxtecan,master_DB_2025_Q4_with_sources.json
NCT06857747,oligonucleotide,disitamab vedotin,master_DB_2025_Q4_with_sources.json
NCT07184788,monoclonal_antibody,polatuzumab vedotin,master_DB_2025_Q4_with_sources.json
NCT06840483,small_molecule,vedotin,master_DB_2025_Q4_with_sources.json
NCT02568839,monoclonal_antibody,trastuzumab emtansine,master_DB_2025_Q4_with_sources.json
NCT07082920,monoclonal_antibody,antibody drug conjugate,master_DB_2025_Q4_with_sources.json
NCT06331169,monoclonal_antibody,trastuzumab deruxtecan,master_DB_2025_Q4_with_sources.json
NCT06561607,oligonucleotide,antibody-drug conjugate,master_DB_2025_Q4_with_sources.json
NCT06560528,monoclonal_antibody,disitamab vedotin,master_DB_2025_Q4_with_sources.json
NCT06058988,monoclonal_antibody,trastuzumab deruxtecan,master_DB_2025_Q4_with_sources.json
NCT06210815,small_molecule,adc (weak),master_DB_2025_Q4_with_sources.json
NCT06842498,monoclonal_antibody,antibody-drug conjugate,master_DB_2025_Q4_with_sources.json
NCT07123454,small_molecule,antibody-drug conjugate,master_DB_2025_Q4_with_sources.json
NCT07069712,monoclonal_antibody,trastuzumab deruxtecan,master_DB_2025_Q4_with_sources.json
NCT03104491,monoclonal_antibody,ozogamicin,master_DB_2025_Q4_with_sources.json
NCT06921928,small_molecule,antibody-drug conjugate,master_DB_2025_Q4_with_sources.json
NCT03755804,monoclonal_antibody,brentuximab vedotin,master_DB_2025_Q4_with_sources.json
NCT06933329,small_molecule,vedotin,master_DB_2025_Q4_with_sources.json
NCT06558682,monoclonal_antibody,disitamab vedotin,master_DB_2025_Q4_with_sources.json
NCT04639986,monoclonal_antibody,sacituzumab govitecan,master_DB_2025_Q4_with_sources.json
NCT04878029,monoclonal_antibody,enfortumab vedotin,master_DB_2025_Q4_with_sources.json
NCT04647916,monoclonal_antibody,sacituzumab govitecan,master_DB_2025_Q4_with_sources.json
NCT06667960,monoclonal_antibody,antibody drug conjugate,master_DB_2025_Q4_with_sources.json
NCT04665765,monoclonal_antibody,polatuzumab vedotin,master_DB_2025_Q4_with_sources.json
NCT03719105,monoclonal_antibody,brentuximab vedotin,master_DB_2025_Q4_with_sources.json
NCT05414500,monoclonal_antibody,brentuximab vedotin,master_DB_2025_Q4_with_sources.json
NCT04928846,monoclonal_antibody,telisotuzumab vedotin,master_DB_2025_Q4_with_sources.json
NCT06743945,monoclonal_antibody,polatuzumab vedotin,master_DB_2025_Q4_with_sources.json
NCT06749860,monoclonal_antibody,disitamab vedotin,master_DB_2025_Q4_with_sources.json
NCT07207824,monoclonal_antibody,disitamab vedotin,master_DB_2025_Q4_with_sources.json
NCT03734029,monoclonal_antibody,antibody drug conjugate,master_DB_2025_Q4_with_sources.json
NCT05249959,monoclonal_antibody,loncastuximab tesirine,master_DB_2025_Q4_with_sources.json
NCT04644068,small_molecule,dxd,master_DB_2025_Q4_with_sources.json
NCT06932094,small_molecule,antibody drug conjugate,master_DB_2025_Q4_with_sources.json
NCT02877303,monoclonal_antibody,ozogamicin,master_DB_2025_Q4_with_sources.json
NCT05795101,monoclonal_antibody,trastuzumab deruxtecan,master_DB_2025_Q4_with_sources.json
NCT04294628,monoclonal_antibody,trastuzumab deruxtecan,master_DB_2025_Q4_with_sources.json
NCT05453396,monoclonal_antibody,loncastuximab tesirine,master_DB_2025_Q4_with_sources.json
NCT04231877,monoclonal_antibody,polatuzumab vedotin,master_DB_2025_Q4_with_sources.json
NCT07152782,monoclonal_antibody,trastuzumab deruxtecan,master_DB_2025_Q4_with_sources.json
NCT06595563,monoclonal_antibody,antibody-drug conjugate,master_DB_2025_Q4_with_sources.json
NCT06644781,small_molecule,deruxtecan,master_DB_2025_Q4_with_sources.json
NCT06480240,small_molecule,antibody-drug conjugate,master_DB_2025_Q4_with_sources.json
NCT06186986,monoclonal_antibody,brentuximab vedotin,master_DB_2025_Q4_with_sources.json
NCT05650879,monoclonal_antibody,trastuzumab deruxtecan,master_DB_2025_Q4_with_sources.json
NCT07067567,monoclonal_antibody,antibody-drug conjugate,master_DB_2025_Q4_with_sources.json
NCT06718933,monoclonal_antibody,adc (weak),master_DB_2025_Q4_with_sources.json
NCT07151560,monoclonal_antibody,disitamab vedotin,master_DB_2025_Q4_with_sources.json
NCT07151586,monoclonal_antibody,govitecan,master_DB_2025_Q4_with_sources.json
NCT07110883,small_molecule,antibody-drug conjugate,master_DB_2025_Q4_with_sources.json
NCT06861348,monoclonal_antibody,ozogamicin,master_DB_2025_Q4_with_sources.json
NCT05887609,monoclonal_antibody,mirvetuximab soravtansine,master_DB_2025_Q4_with_sources.json
NCT06486441,monoclonal_antibody,sacituzumab govitecan,master_DB_2025_Q4_with_sources.json
NCT04639219,monoclonal_antibody,trastuzumab deruxtecan,master_DB_2025_Q4_with_sources.json
NCT06730373,monoclonal_antibody,disitamab vedotin,master_DB_2025_Q4_with_sources.json
NCT07182721,monoclonal_antibody,t-dxd,master_DB_2025_Q4_with_sources.json
NCT05296070,monoclonal_antibody,loncastuximab tesirine,master_DB_2025_Q4_with_sources.json
NCT06926920,monoclonal_antibody,sacituzumab govitecan,master_DB_2025_Q4_with_sources.json
NCT03820063,small_molecule,t-dm1,master_DB_2025_Q4_with_sources.json
NCT06968585,monoclonal_antibody,trastuzumab emtansine,master_DB_2025_Q4_with_sources.json
NCT03126630,monoclonal_antibody,ravtansine,master_DB_2025_Q4_with_sources.json
NCT06797635,monoclonal_antibody,patritumab deruxtecan,master_DB_2025_Q4_with_sources.json
NCT07217496,monoclonal_antibody,enfortumab vedotin,master_DB_2025_Q4_with_sources.json
NCT07065435,monoclonal_antibody,disitamab vedotin,master_DB_2025_Q4_with_sources.json
NCT06797999,small_molecule,antibody-drug conjugate,master_DB_2025_Q4_with_sources.json
NCT05144841,monoclonal_antibody,vedotin,master_DB_2025_Q4_with_sources.json
NCT06385873,monoclonal_antibody,disitamab vedotin,master_DB_2025_Q4_with_sources.json
NCT06742892,small_molecule,adc (weak),master_DB_2025_Q4_with_sources.json
NCT06843447,monoclonal_antibody,deruxtecan,master_DB_2025_Q4_with_sources.json
NCT04050280,monoclonal_antibody,ozogamicin,master_DB_2025_Q4_with_sources.json
NCT06667167,monoclonal_antibody,sacituzumab govitecan,master_DB_2025_Q4_with_sources.json
NCT06102824,monoclonal_antibody,trastuzumab deruxtecan,master_DB_2025_Q4_with_sources.json
NCT05710666,monoclonal_antibody,trastuzumab deruxtecan,master_DB_2025_Q4_with_sources.json
NCT04587687,monoclonal_antibody,brentuximab vedotin,master_DB_2025_Q4_with_sources.json
NCT06440005,monoclonal_antibody,antibody drug conjugate,master_DB_2025_Q4_with_sources.json
NCT04168502,monoclonal_antibody,ozogamicin,master_DB_2025_Q4_with_sources.json
NCT03401385,small_molecule,datopotamab deruxtecan,master_DB_2025_Q4_with_sources.json
NCT06650332,monoclonal_antibody,disitamab vedotin,master_DB_2025_Q4_with_sources.json
NCT06238687,biologic,antibody-drug conjugate,master_DB_2025_Q4_with_sources.json
NCT03529110,monoclonal_antibody,trastuzumab deruxtecan,master_DB_2025_Q4_with_sources.json
NCT06439693,monoclonal_antibody,t-dm1,master_DB_2025_Q4_with_sources.json
NCT06477419,monoclonal_antibody,sacituzumab govitecan,master_DB_2025_Q4_with_sources.json
NCT07013565,monoclonal_antibody,brentuximab vedotin,master_DB_2025_Q4_with_sources.json
NCT06578286,monoclonal_antibody,t-dxd,master_DB_2025_Q4_with_sources.json
NCT06431633,monoclonal_antibody,sacituzumab govitecan,master_DB_2025_Q4_with_sources.json
NCT05426486,monoclonal_antibody,antibody-drug conjugate,master_DB_2025_Q4_with_sources.json
NCT05868265,monoclonal_antibody,enfortumab vedotin,master_DB_2025_Q4_with_sources.json
NCT06161025,small_molecule,deruxtecan,master_DB_2025_Q4_with_sources.json
NCT05283330,small_molecule,immunoconjugate,master_DB_2025_Q4_with_sources.json
NCT06750484,monoclonal_antibody,trastuzumab deruxtecan,master_DB_2025_Q4_with_sources.json
NCT03725761,monoclonal_antibody,sacituzumab govitecan,master_DB_2025_Q4_with_sources.json
NCT06450314,small_molecule,deruxtecan,master_DB_2025_Q4_with_sources.json
NCT07099898,small_molecule,antibody drug conjugate,master_DB_2025_Q4_with_sources.json
NCT02166463,monoclonal_antibody,brentuximab vedotin,master_DB_2025_Q4_with_sources.json
NCT05940961,monoclonal_antibody,ozogamicin,master_DB_2025_Q4_with_sources.json
NCT05661357,small_molecule,disitamab vedotin,master_DB_2025_Q4_with_sources.json
NCT06891560,monoclonal_antibody,enfortumab vedotin,master_DB_2025_Q4_with_sources.json
NCT05872295,monoclonal_antibody,antibody drug conjugate,master_DB_2025_Q4_with_sources.json
NCT06761911,monoclonal_antibody,brentuximab vedotin,master_DB_2025_Q4_with_sources.json
NCT06313086,monoclonal_antibody,trastuzumab emtansine,master_DB_2025_Q4_with_sources.json
NCT06250777,monoclonal_antibody,t-dxd,master_DB_2025_Q4_with_sources.json
NCT07198672,small_molecule,t-dm1,master_DB_2025_Q4_with_sources.json
NCT03671018,monoclonal_antibody,polatuzumab vedotin,master_DB_2025_Q4_with_sources.json
NCT05770531,monoclonal_antibody,sacituzumab govitecan,master_DB_2025_Q4_with_sources.json
NCT05569811,monoclonal_antibody,patritumab deruxtecan,master_DB_2025_Q4_with_sources.json
NCT04439110,monoclonal_antibody,ado-trastuzumab,master_DB_2025_Q4_with_sources.json
NCT07136779,monoclonal_antibody,antibody drug conjugate,master_DB_2025_Q4_with_sources.json
NCT07098338,monoclonal_antibody,dato-dxd,master_DB_2025_Q4_with_sources.json
NCT05868226,antibody_protein,trastuzumab deruxtecan,master_DB_2025_Q4_with_sources.json
NCT06625593,small_molecule,antibody-drug conjugate,master_DB_2025_Q4_with_sources.json
NCT06522555,monoclonal_antibody,polatuzumab vedotin,master_DB_2025_Q4_with_sources.json
NCT06889610,combination,sacituzumab govitecan,master_DB_2025_Q4_with_sources.json
NCT06540729,monoclonal_antibody,disitamab vedotin,master_DB_2025_Q4_with_sources.json
NCT07138547,small_molecule,brentuximab vedotin,master_DB_2025_Q4_with_sources.json
NCT06551051,small_molecule,antibody-drug conjugate,master_DB_2025_Q4_with_sources.json
NCT07150208,monoclonal_antibody,trastuzumab deruxtecan,master_DB_2025_Q4_with_sources.json
NCT07139977,monoclonal_antibody,enfortumab vedotin,master_DB_2025_Q4_with_sources.json
NCT06507514,antibody_protein,brentuximab vedotin,master_DB_2025_Q4_with_sources.json
NCT04754191,monoclonal_antibody,enfortumab vedotin,master_DB_2025_Q4_with_sources.json
NCT06104618,monoclonal_antibody,enfortumab vedotin,master_DB_2025_Q4_with_sources.json
NCT05061550,monoclonal_antibody,dato-dxd,master_DB_2025_Q4_with_sources.json
NCT06470282,monoclonal_antibody,enfortumab vedotin,master_DB_2025_Q4_with_sources.json
NCT03260491,monoclonal_antibody,her3-dxd,master_DB_2025_Q4_with_sources.json
NCT06974604,small_molecule,datopotamab deruxtecan,master_DB_2025_Q4_with_sources.json
NCT04165070,monoclonal_antibody,deruxtecan,master_DB_2025_Q4_with_sources.json
NCT06103864,monoclonal_antibody,datopotamab deruxtecan,master_DB_2025_Q4_with_sources.json
NCT04064359,monoclonal_antibody,antibody-drug conjugate,master_DB_2025_Q4_with_sources.json
NCT06823167,biologic,antibody-drug conjugate,master_DB_2025_Q4_with_sources.json
NCT06533826,monoclonal_antibody,datopotamab deruxtecan,master_DB_2025_Q4_with_sources.json
NCT04833114,monoclonal_antibody,polatuzumab vedotin,master_DB_2025_Q4_with_sources.json
NCT07198659,biologic,auristatin,master_DB_2025_Q4_with_sources.json
NCT06769113,small_molecule,adc (weak),master_DB_2025_Q4_with_sources.json
NCT06806046,small_molecule,antibodydrug conjugate,master_DB_2025_Q4_with_sources.json
NCT06925555,monoclonal_antibody,brentuximab vedotin,master_DB_2025_Q4_with_sources.json
NCT05940896,monoclonal_antibody,disitamab vedotin,master_DB_2025_Q4_with_sources.json
NCT07163481,monoclonal_antibody,sacituzumab govitecan,master_DB_2025_Q4_with_sources.json
NCT06702566,small_molecule,antibody-drug conjugate,master_DB_2025_Q4_with_sources.json
NCT04332822,monoclonal_antibody,vedotin,master_DB_2025_Q4_with_sources.json
NCT05186974,monoclonal_antibody,sacituzumab govitecan,master_DB_2025_Q4_with_sources.json
NCT06734182,monoclonal_antibody,disitamab vedotin,master_DB_2025_Q4_with_sources.json
NCT05101096,monoclonal_antibody,sacituzumab govitecan,master_DB_2025_Q4_with_sources.json
NCT06298084,monoclonal_antibody,dxd,master_DB_2025_Q4_with_sources.json
NCT06739395,small_molecule,sacituzumab govitecan,master_DB_2025_Q4_with_sources.json
NCT05302284,monoclonal_antibody,adc (weak),master_DB_2025_Q4_with_sources.json
NCT06525298,monoclonal_antibody,trastuzumab deruxtecan,master_DB_2025_Q4_with_sources.json
NCT05824975,monoclonal_antibody,trastuzumab deruxtecan,master_DB_2025_Q4_with_sources.json
NCT04822337,monoclonal_antibody,antibody drug conjugate,master_DB_2025_Q4_with_sources.json
NCT04494425,monoclonal_antibody,trastuzumab deruxtecan,master_DB_2025_Q4_with_sources.json
NCT06851299,monoclonal_antibody,adc (weak),master_DB_2025_Q4_with_sources.json
NCT05356351,monoclonal_antibody,adc (weak),master_DB_2025_Q4_with_sources.json
NCT03962465,monoclonal_antibody,ozogamicin,master_DB_2025_Q4_with_sources.json
NCT06878625,monoclonal_antibody,sacituzumab govitecan,master_DB_2025_Q4_with_sources.json
NCT06832202,monoclonal_antibody,trastuzumab deruxtecan,master_DB_2025_Q4_with_sources.json
NCT06427330,monoclonal_antibody,ozogamicin,master_DB_2025_Q4_with_sources.json
NCT06222489,monoclonal_antibody,patritumab deruxtecan,master_DB_2025_Q4_with_sources.json
NCT06125834,monoclonal_antibody,trastuzumab emtansine,master_DB_2025_Q4_with_sources.json
NCT06643585,monoclonal_antibody,deruxtecan,master_DB_2025_Q4_with_sources.json
NCT06390995,monoclonal_antibody,mirvetuximab soravtansine,master_DB_2025_Q4_with_sources.json
NCT06642545,monoclonal_antibody,disitamab vedotin,master_DB_2025_Q4_with_sources.json
NCT06561555,monoclonal_antibody,disitamab vedotin,master_DB_2025_Q4_with_sources.json
NCT05662904,monoclonal_antibody,ozogamicin,master_DB_2025_Q4_with_sources.json
NCT06126640,monoclonal_antibody,trastuzumab emtansine,master_DB_2025_Q4_with_sources.json
NCT04301375,monoclonal_antibody,tdm1,master_DB_2025_Q4_with_sources.json
NCT04983121,monoclonal_antibody,antibody-drug conjugate,master_DB_2025_Q4_with_sources.json
NCT06462092,monoclonal_antibody,sacituzumab govitecan,master_DB_2025_Q4_with_sources.json
NCT04487756,monoclonal_antibody,adc (weak),master_DB_2025_Q4_with_sources.json
NCT06528483,monoclonal_antibody,sacituzumab govitecan,master_DB_2025_Q4_with_sources.json
NCT05865990,monoclonal_antibody,her3-dxd,master_DB_2025_Q4_with_sources.json
NCT06568939,monoclonal_antibody,telisotuzumab vedotin,master_DB_2025_Q4_with_sources.json
NCT04293562,monoclonal_antibody,ozogamicin,master_DB_2025_Q4_with_sources.json
NCT02981628,monoclonal_antibody,ozogamicin,master_DB_2025_Q4_with_sources.json
NCT06330064,monoclonal_antibody,deruxtecan,master_DB_2025_Q4_with_sources.json
NCT03959085,monoclonal_antibody,ozogamicin,master_DB_2025_Q4_with_sources.json
NCT03424005,monoclonal_antibody,sacituzumab govitecan,master_DB_2025_Q4_with_sources.json
NCT04784715,monoclonal_antibody,trastuzumab deruxtecan,master_DB_2025_Q4_with_sources.json
NCT06324357,monoclonal_antibody,trastuzumab deruxtecan,master_DB_2025_Q4_with_sources.json
NCT06831370,monoclonal_antibody,brentuximab vedotin,master_DB_2025_Q4_with_sources.json
NCT06465069,monoclonal_antibody,antibody-drug conjugate,master_DB_2025_Q4_with_sources.json
NCT04794699,monoclonal_antibody,sacituzumab govitecan,master_DB_2025_Q4_with_sources.json
NCT05171647,monoclonal_antibody,polatuzumab vedotin,master_DB_2025_Q4_with_sources.json
NCT07043972,small_molecule,enfortumab vedotin,master_DB_2025_Q4_with_sources.json
NCT07046923,monoclonal_antibody,antibody drug conjugate,master_DB_2025_Q4_with_sources.json
NCT05417594,monoclonal_antibody,trastuzumab deruxtecan,master_DB_2025_Q4_with_sources.json
NCT06822543,monoclonal_antibody,datopotamab deruxtecan,master_DB_2025_Q4_with_sources.json
NCT04938817,monoclonal_antibody,dxd,master_DB_2025_Q4_with_sources.json
NCT05798156,monoclonal_antibody,antibody-drug conjugate,master_DB_2025_Q4_with_sources.json
NCT07227298,biologic,vedotin,master_DB_2025_Q4_with_sources.json
NCT03971409,monoclonal_antibody,sacituzumab govitecan,master_DB_2025_Q4_with_sources.json
NCT04479267,monoclonal_antibody,polatuzumab vedotin,master_DB_2025_Q4_with_sources.json
NCT05716009,monoclonal_antibody,ozogamicin,master_DB_2025_Q4_with_sources.json
NCT07164313,monoclonal_antibody,antibody-drug conjugate,master_DB_2025_Q4_with_sources.json
NCT07197307,monoclonal_antibody,loncastuximab tesirine,master_DB_2025_Q4_with_sources.json
NCT03832361,monoclonal_antibody,mirvetuximab soravtansine,master_DB_2025_Q4_with_sources.json
NCT06592417,small_molecule,antibody drug conjugate,master_DB_2025_Q4_with_sources.json
NCT05980481,monoclonal_antibody,adc (weak),master_DB_2025_Q4_with_sources.json
NCT06065371,monoclonal_antibody,sacituzumab govitecan,master_DB_2025_Q4_with_sources.json
NCT06401824,monoclonal_antibody,sacituzumab govitecan,master_DB_2025_Q4_with_sources.json
NCT07279597,monoclonal_antibody,adc (weak),master_DB_2025_Q4_with_sources.json
NCT06400472,monoclonal_antibody,antibody-drug conjugate,master_DB_2025_Q4_with_sources.json
NCT05629585,monoclonal_antibody,datopotamab deruxtecan,master_DB_2025_Q4_with_sources.json
NCT06383533,monoclonal_antibody,disitamab vedotin,master_DB_2025_Q4_with_sources.json
NCT06992687,small_molecule,adc (weak),master_DB_2025_Q4_with_sources.json
NCT04960709,monoclonal_antibody,enfortumab vedotin,master_DB_2025_Q4_with_sources.json
NCT06710132,monoclonal_antibody,antibody-drug conjugate,master_DB_2025_Q4_with_sources.json
NCT07294534,monoclonal_antibody,trastuzumab deruxtecan,master_DB_2025_Q4_with_sources.json
NCT04826341,monoclonal_antibody,sacituzumab govitecan,master_DB_2025_Q4_with_sources.json
NCT07022483,monoclonal_antibody,trastuzumab deruxtecan,master_DB_2025_Q4_with_sources.json
NCT07205822,small_molecule,dato-dxd,master_DB_2025_Q4_with_sources.json
NCT07072208,monoclonal_antibody,polatuzumab vedotin,master_DB_2025_Q4_with_sources.json
NCT06265428,monoclonal_antibody,t-dm1,master_DB_2025_Q4_with_sources.json
NCT03964727,monoclonal_antibody,sacituzumab govitecan,master_DB_2025_Q4_with_sources.json
NCT04685616,monoclonal_antibody,brentuximab vedotin,master_DB_2025_Q4_with_sources.json
NCT03712202,monoclonal_antibody,brentuximab vedotin,master_DB_2025_Q4_with_sources.json
NCT06236269,monoclonal_antibody,sacituzumab govitecan,master_DB_2025_Q4_with_sources.json
NCT06951243,small_molecule,adc (weak),master_DB_2025_Q4_with_sources.json
NCT05735496,small_molecule,antibody-drug conjugate,master_DB_2025_Q4_with_sources.json
NCT05552001,monoclonal_antibody,sacituzumab govitecan,master_DB_2025_Q4_with_sources.json
NCT05395533,monoclonal_antibody,mmae,master_DB_2025_Q4_with_sources.json
NCT05845450,monoclonal_antibody,trastuzumab deruxtecan,master_DB_2025_Q4_with_sources.json
NCT04913103,monoclonal_antibody,vedotin,master_DB_2025_Q4_with_sources.json
NCT04329429,small_molecule,antibody-drug conjugate,master_DB_2025_Q4_with_sources.json
NCT06174987,monoclonal_antibody,t-dxd,master_DB_2025_Q4_with_sources.json
NCT06341478,small_molecule,sacituzumab govitecan,master_DB_2025_Q4_with_sources.json
NCT05868395,monoclonal_antibody,polatuzumab vedotin,master_DB_2025_Q4_with_sources.json
NCT06271837,monoclonal_antibody,trastuzumab deruxtecan,master_DB_2025_Q4_with_sources.json
NCT05327530,monoclonal_antibody,sacituzumab govitecan,master_DB_2025_Q4_with_sources.json
NCT04379596,monoclonal_antibody,trastuzumab deruxtecan,master_DB_2025_Q4_with_sources.json
NCT06798207,small_molecule,antibody-drug conjugate,master_DB_2025_Q4_with_sources.json
NCT06233942,monoclonal_antibody,antibody drug conjugate,master_DB_2025_Q4_with_sources.json
NCT07012980,monoclonal_antibody,polatuzumab vedotin,master_DB_2025_Q4_with_sources.json
NCT07254416,small_molecule,t-dxd,master_DB_2025_Q4_with_sources.json
NCT07218146,monoclonal_antibody,antibody-drug conjugate,master_DB_2025_Q4_with_sources.json
NCT07257809,small_molecule,t-dm1,master_DB_2025_Q4_with_sources.json
NCT07258680,monoclonal_antibody,brentuximab vedotin,master_DB_2025_Q4_with_sources.json
NCT06516978,monoclonal_antibody,polatuzumab vedotin,master_DB_2025_Q4_with_sources.json
NCT07253142,monoclonal_antibody,adc (weak),master_DB_2025_Q4_with_sources.json
NCT06486883,monoclonal_antibody,trastuzumab deruxtecan,master_DB_2025_Q4_with_sources.json
NCT06040970,monoclonal_antibody,sacituzumab govitecan,master_DB_2025_Q4_with_sources.json
NCT06665178,monoclonal_antibody,sacituzumab govitecan,master_DB_2025_Q4_with_sources.json
NCT05081609,monoclonal_antibody,trastuzumab emtansine,master_DB_2025_Q4_with_sources.json
NCT07052994,small_molecule,ozogamicin,master_DB_2025_Q4_with_sources.json
NCT06963905,monoclonal_antibody,sacituzumab govitecan,master_DB_2025_Q4_with_sources.json
NCT06409390,monoclonal_antibody,trastuzumab deruxtecan,master_DB_2025_Q4_with_sources.json
NCT05593094,monoclonal_antibody,t-dm1,master_DB_2025_Q4_with_sources.json
NCT06435429,monoclonal_antibody,trastuzumab deruxtecan,master_DB_2025_Q4_with_sources.json
NCT06594939,monoclonal_antibody,polatuzumab vedotin,master_DB_2025_Q4_with_sources.json
NCT07003074,monoclonal_antibody,antibody-drug conjugate,master_DB_2025_Q4_with_sources.json
NCT05594095,monoclonal_antibody,adc (weak),master_DB_2025_Q4_with_sources.json
NCT04448886,monoclonal_antibody,sacituzumab govitecan,master_DB_2025_Q4_with_sources.json
NCT03441061,monoclonal_antibody,ozogamicin,master_DB_2025_Q4_with_sources.json
NCT06014658,small_molecule,auristatin,master_DB_2025_Q4_with_sources.json
NCT05555732,monoclonal_antibody,datopotamab deruxtecan,master_DB_2025_Q4_with_sources.json
NCT05464030,monoclonal_antibody,antibody drug conjugate,master_DB_2025_Q4_with_sources.json
NCT06641908,monoclonal_antibody,antibody drug conjugate,master_DB_2025_Q4_with_sources.json
NCT07183319,monoclonal_antibody,enfortumab vedotin,master_DB_2025_Q4_with_sources.json
NCT03907488,monoclonal_antibody,brentuximab vedotin,master_DB_2025_Q4_with_sources.json
NCT07059845,monoclonal_antibody,mirvetuximab soravtansine,master_DB_2025_Q4_with_sources.json
NCT06378242,monoclonal_antibody,disitamab vedotin,master_DB_2025_Q4_with_sources.json
NCT06899126,monoclonal_antibody,trastuzumab deruxtecan,master_DB_2025_Q4_with_sources.json
NCT04679012,monoclonal_antibody,polatuzumab vedotin,master_DB_2025_Q4_with_sources.json
NCT03576378,small_molecule,vedotin,master_DB_2025_Q4_with_sources.json
NCT06441097,monoclonal_antibody,polatuzumab vedotin,master_DB_2025_Q4_with_sources.json
NCT07074457,monoclonal_antibody,brentuximab vedotin,master_DB_2025_Q4_with_sources.json
NCT03517137,monoclonal_antibody,brentuximab vedotin,master_DB_2025_Q4_with_sources.json
NCT02734771,monoclonal_antibody,brentuximab vedotin,master_DB_2025_Q4_with_sources.json
NCT06227117,small_molecule,disitamab vedotin,master_DB_2025_Q4_with_sources.json
NCT04559230,monoclonal_antibody,sacituzumab govitecan,master_DB_2025_Q4_with_sources.json
NCT06904573,monoclonal_antibody,disitamab vedotin,master_DB_2025_Q4_with_sources.json
NCT06155396,monoclonal_antibody,disitamab vedotin,master_DB_2025_Q4_with_sources.json
NCT06389006,monoclonal_antibody,disitamab vedotin,master_DB_2025_Q4_with_sources.json
NCT06952660,small_molecule,tivdak,master_DB_2025_Q4_with_sources.json
NCT06157892,monoclonal_antibody,disitamab vedotin,master_DB_2025_Q4_with_sources.json
NCT06015113,monoclonal_antibody,disitamab vedotin,master_DB_2025_Q4_with_sources.json
NCT07069595,monoclonal_antibody,datopotamab deruxtecan,master_DB_2025_Q4_with_sources.json
NCT06857279,small_molecule,adc (weak),master_DB_2025_Q4_with_sources.json
NCT03786081,monoclonal_antibody,tisotumab vedotin,master_DB_2025_Q4_with_sources.json
NCT05382299,monoclonal_antibody,sacituzumab govitecan,master_DB_2025_Q4_with_sources.json
NCT05645718,monoclonal_antibody,ozogamicin,master_DB_2025_Q4_with_sources.json
NCT03924895,monoclonal_antibody,enfortumab vedotin,master_DB_2025_Q4_with_sources.json
NCT04145622,monoclonal_antibody,deruxtecan,master_DB_2025_Q4_with_sources.json
NCT05565807,monoclonal_antibody,antibody drug conjugate,master_DB_2025_Q4_with_sources.json
NCT05239624,monoclonal_antibody,enfortumab vedotin,master_DB_2025_Q4_with_sources.json
NCT06178601,small_molecule,adc (weak),master_DB_2025_Q4_with_sources.json
NCT04457596,monoclonal_antibody,t-dm1,master_DB_2025_Q4_with_sources.json
NCT05755048,monoclonal_antibody,t-dm1,master_DB_2025_Q4_with_sources.json
NCT06956690,biologic,antibody-drug conjugate,master_DB_2025_Q4_with_sources.json
NCT05923190,monoclonal_antibody,enfortumab vedotin,master_DB_2025_Q4_with_sources.json
NCT07157956,monoclonal_antibody,enfortumab vedotin,master_DB_2025_Q4_with_sources.json
NCT05246514,monoclonal_antibody,trastuzumab deruxtecan,master_DB_2025_Q4_with_sources.json
NCT05274048,small_molecule,trastuzumab deruxtecan,master_DB_2025_Q4_with_sources.json
NCT05243693,monoclonal_antibody,brentuximab vedotin,master_DB_2025_Q4_with_sources.json
NCT03587311,monoclonal_antibody,ravtansine,master_DB_2025_Q4_with_sources.json
NCT03547973,monoclonal_antibody,sacituzumab govitecan,master_DB_2025_Q4_with_sources.json
NCT06758401,monoclonal_antibody,vedotin,master_DB_2025_Q4_with_sources.json
NCT05861635,monoclonal_antibody,disitamab vedotin,master_DB_2025_Q4_with_sources.json
NCT03533283,monoclonal_antibody,polatuzumab vedotin,master_DB_2025_Q4_with_sources.json
NCT06665217,monoclonal_antibody,polatuzumab vedotin,master_DB_2025_Q4_with_sources.json
NCT06985485,monoclonal_antibody,ozogamicin,master_DB_2025_Q4_with_sources.json
NCT04307576,antibody_protein,ozogamicin,master_DB_2025_Q4_with_sources.json
NCT06616987,monoclonal_antibody,sacituzumab govitecan,master_DB_2025_Q4_with_sources.json
NCT06862219,monoclonal_antibody,enfortumab vedotin,master_DB_2025_Q4_with_sources.json
NCT06492317,monoclonal_antibody,disitamab vedotin,master_DB_2025_Q4_with_sources.json
NCT04700124,monoclonal_antibody,enfortumab vedotin,master_DB_2025_Q4_with_sources.json
NCT06577376,small_molecule,mmae,master_DB_2025_Q4_with_sources.json
NCT01703949,monoclonal_antibody,brentuximab vedotin,master_DB_2025_Q4_with_sources.json
NCT06928363,small_molecule,antibody-drug conjugate,master_DB_2025_Q4_with_sources.json
NCT05948865,monoclonal_antibody,antibody-drug conjugate,master_DB_2025_Q4_with_sources.json
NCT06088056,small_molecule,t-dxd,master_DB_2025_Q4_with_sources.json
NCT05912816,monoclonal_antibody,disitamab vedotin,master_DB_2025_Q4_with_sources.json
NCT06467357,monoclonal_antibody,trastuzumab deruxtecan,master_DB_2025_Q4_with_sources.json
NCT06328387,monoclonal_antibody,antibody-drug conjugate,master_DB_2025_Q4_with_sources.json
NCT06957561,monoclonal_antibody,disitamab vedotin,master_DB_2025_Q4_with_sources.json
NCT05288777,monoclonal_antibody,t-dm1,master_DB_2025_Q4_with_sources.json
NCT05226117,monoclonal_antibody,sacituzumab govitecan,master_DB_2025_Q4_with_sources.json
NCT02661503,monoclonal_antibody,brentuximab vedotin,master_DB_2025_Q4_with_sources.json
NCT06087419,monoclonal_antibody,ozogamicin,master_DB_2025_Q4_with_sources.json
NCT06227156,monoclonal_antibody,disitamab vedotin,master_DB_2025_Q4_with_sources.json
NCT05948826,small_molecule,antibody drug conjugate,master_DB_2025_Q4_with_sources.json
NCT06362252,monoclonal_antibody,deruxtecan,master_DB_2025_Q4_with_sources.json
NCT06041503,monoclonal_antibody,enfortumab vedotin,master_DB_2025_Q4_with_sources.json
NCT06524544,monoclonal_antibody,sacituzumab govitecan,master_DB_2025_Q4_with_sources.json
NCT03606967,monoclonal_antibody,sacituzumab govitecan,master_DB_2025_Q4_with_sources.json
NCT06003231,monoclonal_antibody,disitamab vedotin,master_DB_2025_Q4_with_sources.json
NCT03274492,monoclonal_antibody,polatuzumab vedotin,master_DB_2025_Q4_with_sources.json
NCT05837806,monoclonal_antibody,vedotin,master_DB_2025_Q4_with_sources.json
NCT05480384,monoclonal_antibody,trastuzumab deruxtecan,master_DB_2025_Q4_with_sources.json
NCT04569032,monoclonal_antibody,brentuximab vedotin,master_DB_2025_Q4_with_sources.json
NCT05675410,monoclonal_antibody,brentuximab vedotin,master_DB_2025_Q4_with_sources.json
NCT05564390,monoclonal_antibody,ozogamicin,master_DB_2025_Q4_with_sources.json
NCT06311214,monoclonal_antibody,antibody-drug conjugate,master_DB_2025_Q4_with_sources.json
NCT05614739,monoclonal_antibody,enfortumab vedotin,master_DB_2025_Q4_with_sources.json
NCT06015880,monoclonal_antibody,polatuzumab vedotin,master_DB_2025_Q4_with_sources.json
NCT07294508,monoclonal_antibody,t-dxd,master_DB_2025_Q4_with_sources.json
NCT07299747,monoclonal_antibody,antibody-drug conjugate,master_DB_2025_Q4_with_sources.json
NCT04266249,monoclonal_antibody,trastuzumab emtansine,master_DB_2025_Q4_with_sources.json
NCT04378647,monoclonal_antibody,brentuximab vedotin,master_DB_2025_Q4_with_sources.json
NCT07307053,small_molecule,antibody-drug conjugate,master_DB_2025_Q4_with_sources.json
NCT06422520,monoclonal_antibody,antibody-drug conjugate,master_DB_2025_Q4_with_sources.json
NCT07311577,monoclonal_antibody,disitamab vedotin,master_DB_2025_Q4_with_sources.json
NCT06752681,monoclonal_antibody,antibody-drug conjugate,master_DB_2025_Q4_with_sources.json
NCT07311603,monoclonal_antibody,antibody-drug conjugate,master_DB_2025_Q4_with_sources.json
NCT04585958,monoclonal_antibody,trastuzumab deruxtecan,master_DB_2025_Q4_with_sources.json
NCT06890338,monoclonal_antibody,mirvetuximab soravtansine,master_DB_2025_Q4_with_sources.json
NCT04733118,monoclonal_antibody,t-dm1,master_DB_2025_Q4_with_sources.json
NCT06864169,biologic,deruxtecan,master_DB_2025_Q4_with_sources.json
NCT06238479,monoclonal_antibody,antibody-drug conjugate,master_DB_2025_Q4_with_sources.json
NCT04963153,monoclonal_antibody,enfortumab vedotin,master_DB_2025_Q4_with_sources.json
NCT07239271,small_molecule,adc (weak),master_DB_2025_Q4_with_sources.json
NCT07137416,monoclonal_antibody,trastuzumab deruxtecan,master_DB_2025_Q4_with_sources.json
NCT04579224,monoclonal_antibody,sacituzumab govitecan,master_DB_2025_Q4_with_sources.json
NCT06917911,monoclonal_antibody,ozogamicin,master_DB_2025_Q4_with_sources.json
NCT07227597,monoclonal_antibody,deruxtecan,master_DB_2025_Q4_with_sources.json
NCT06496490,small_molecule,antibody-drug conjugate,master_DB_2025_Q4_with_sources.json
NCT04745949,monoclonal_antibody,brentuximab vedotin,master_DB_2025_Q4_with_sources.json
NCT03589729,monoclonal_antibody,ozogamicin,master_DB_2025_Q4_with_sources.json
NCT05922904,monoclonal_antibody,brentuximab vedotin,master_DB_2025_Q4_with_sources.json
NCT07285941,monoclonal_antibody,vedotin,master_DB_2025_Q4_with_sources.json
NCT06774963,monoclonal_antibody,antibody drug conjugate,master_DB_2025_Q4_with_sources.json
NCT02724163,monoclonal_antibody,ozogamicin,master_DB_2025_Q4_with_sources.json
NCT06048718,monoclonal_antibody,deruxtecan,master_DB_2025_Q4_with_sources.json
NCT02099058,monoclonal_antibody,antibody drug conjugate,master_DB_2025_Q4_with_sources.json
NCT06263543,monoclonal_antibody,sacituzumab govitecan,master_DB_2025_Q4_with_sources.json
NCT06434350,monoclonal_antibody,enfortumab vedotin,master_DB_2025_Q4_with_sources.json
NCT04389632,monoclonal_antibody,vedotin,master_DB_2025_Q4_with_sources.json
NCT05372614,monoclonal_antibody,trastuzumab deruxtecan,master_DB_2025_Q4_with_sources.json
NCT07271992,monoclonal_antibody,sacituzumab govitecan,master_DB_2025_Q4_with_sources.json
NCT07087860,monoclonal_antibody,enfortumab vedotin,master_DB_2025_Q4_with_sources.json
NCT05408845,monoclonal_antibody,trastuzumab deruxtecan,master_DB_2025_Q4_with_sources.json
NCT01352520,monoclonal_antibody,brentuximab vedotin,master_DB_2025_Q4_with_sources.json
NCT06731478,monoclonal_antibody,trastuzumab deruxtecan,master_DB_2025_Q4_with_sources.json
NCT07221942,monoclonal_antibody,enfortumab vedotin,master_DB_2025_Q4_with_sources.json
NCT06348134,monoclonal_antibody,trastuzumab emtansine,master_DB_2025_Q4_with_sources.json
NCT04251416,monoclonal_antibody,sacituzumab govitecan,master_DB_2025_Q4_with_sources.json
NCT07268053,monoclonal_antibody,antibody-drug conjugate,master_DB_2025_Q4_with_sources.json
NCT06188559,monoclonal_antibody,antibody-drug conjugate,master_DB_2025_Q4_with_sources.json
NCT06115642,small_molecule,adc (weak),master_DB_2025_Q4_with_sources.json
NCT07304128,small_molecule,antibody drug conjugate,master_DB_2025_Q4_with_sources.json
NCT03913559,monoclonal_antibody,ozogamicin,master_DB_2025_Q4_with_sources.json
NCT04468061,monoclonal_antibody,sacituzumab govitecan,master_DB_2025_Q4_with_sources.json
NCT04704934,monoclonal_antibody,trastuzumab deruxtecan,master_DB_2025_Q4_with_sources.json
NCT04873362,monoclonal_antibody,trastuzumab emtansine,master_DB_2025_Q4_with_sources.json
NCT01712490,monoclonal_antibody,brentuximab vedotin,master_DB_2025_Q4_with_sources.json
NCT03288545,monoclonal_antibody,enfortumab vedotin,master_DB_2025_Q4_with_sources.json
NCT02979522,monoclonal_antibody,brentuximab vedotin,master_DB_2025_Q4_with_sources.json
NCT04884035,monoclonal_antibody,polatuzumab vedotin,master_DB_2025_Q4_with_sources.json
NCT06417814,small_molecule,dato-dxd,master_DB_2025_Q4_with_sources.json
NCT04662580,small_molecule,adc (weak),master_DB_2025_Q4_with_sources.json
NCT03869190,monoclonal_antibody,enfortumab vedotin,master_DB_2025_Q4_with_sources.json
NCT06612203,monoclonal_antibody,sacituzumab govitecan,master_DB_2025_Q4_with_sources.json
NCT04553770,monoclonal_antibody,trastuzumab deruxtecan,master_DB_2025_Q4_with_sources.json
NCT01920932,monoclonal_antibody,adcetris,master_DB_2025_Q4_with_sources.json
NCT06238921,monoclonal_antibody,sacituzumab govitecan,master_DB_2025_Q4_with_sources.json
NCT05578287,monoclonal_antibody,disitamab vedotin,master_DB_2025_Q4_with_sources.json
NCT06769152,small_molecule,adc (weak),master_DB_2025_Q4_with_sources.json
NCT06508216,monoclonal_antibody,dato-dxd,master_DB_2025_Q4_with_sources.json
NCT06819007,monoclonal_antibody,trastuzumab deruxtecan,master_DB_2025_Q4_with_sources.json
NCT06788964,monoclonal_antibody,loncastuximab tesirine,master_DB_2025_Q4_with_sources.json
NCT05445778,monoclonal_antibody,mirvetuximab soravtansine,master_DB_2025_Q4_with_sources.json
NCT04561206,monoclonal_antibody,brentuximab vedotin,master_DB_2025_Q4_with_sources.json
NCT03233347,monoclonal_antibody,brentuximab vedotin,master_DB_2025_Q4_with_sources.json
NCT04274426,monoclonal_antibody,mirvetuximab soravtansine,master_DB_2025_Q4_with_sources.json
NCT07181681,monoclonal_antibody,antibody-drug conjugate,master_DB_2025_Q4_with_sources.json
NCT05840211,monoclonal_antibody,sacituzumab govitecan,master_DB_2025_Q4_with_sources.json
NCT05941507,monoclonal_antibody,antibody-drug conjugate,master_DB_2025_Q4_with_sources.json
NCT06989112,monoclonal_antibody,trastuzumab deruxtecan,master_DB_2025_Q4_with_sources.json
NCT04680442,monoclonal_antibody,trastuzumab emtansine,master_DB_2025_Q4_with_sources.json
NCT06553885,monoclonal_antibody,enfortumab vedotin,master_DB_2025_Q4_with_sources.json
NCT06453044,monoclonal_antibody,polatuzumab vedotin,master_DB_2025_Q4_with_sources.json
NCT06827613,monoclonal_antibody,sacituzumab govitecan,master_DB_2025_Q4_with_sources.json
NCT05382286,monoclonal_antibody,sacituzumab govitecan,master_DB_2025_Q4_with_sources.json
NCT05156866,small_molecule,antibody drug conjugate,master_DB_2025_Q4_with_sources.json
NCT06906822,monoclonal_antibody,enfortumab vedotin,master_DB_2025_Q4_with_sources.json
NCT06607549,monoclonal_antibody,loncastuximab tesirine,master_DB_2025_Q4_with_sources.json
NCT06959108,monoclonal_antibody,adc (weak),master_DB_2025_Q4_with_sources.json
NCT06481956,small_molecule,trastuzumab emtansine,master_DB_2025_Q4_with_sources.json
NCT05514158,monoclonal_antibody,disitamab vedotin,master_DB_2025_Q4_with_sources.json
NCT06493552,monoclonal_antibody,enfortumab vedotin,master_DB_2025_Q4_with_sources.json
NCT06885645,small_molecule,antibody drug conjugate,master_DB_2025_Q4_with_sources.json
NCT07110038,monoclonal_antibody,enfortumab vedotin,master_DB_2025_Q4_with_sources.json
NCT06394570,monoclonal_antibody,enfortumab vedotin,master_DB_2025_Q4_with_sources.json
NCT05323955,monoclonal_antibody,t-dm1,master_DB_2025_Q4_with_sources.json
NCT03460522,monoclonal_antibody,ozogamicin,master_DB_2025_Q4_with_sources.json
NCT03816358,monoclonal_antibody,ravtansine,master_DB_2025_Q4_with_sources.json
NCT06764095,monoclonal_antibody,enfortumab vedotin,master_DB_2025_Q4_with_sources.json
NCT06145308,monoclonal_antibody,trastuzumab deruxtecan,master_DB_2025_Q4_with_sources.json
NCT06028932,monoclonal_antibody,sacituzumab govitecan,master_DB_2025_Q4_with_sources.json
NCT04341181,monoclonal_antibody,trastuzumab emtansine,master_DB_2025_Q4_with_sources.json
NCT07172217,monoclonal_antibody,disitamab vedotin,master_DB_2025_Q4_with_sources.json
NCT06923826,monoclonal_antibody,sacituzumab govitecan,master_DB_2025_Q4_with_sources.json
NCT05904964,monoclonal_antibody,disitamab vedotin,master_DB_2025_Q4_with_sources.json
NCT06393361,monoclonal_antibody,brentuximab vedotin,master_DB_2025_Q4_with_sources.json
NCT06572319,monoclonal_antibody,disitamab vedotin,master_DB_2025_Q4_with_sources.json
NCT06036121,small_molecule,antibody drug conjugate,master_DB_2025_Q4_with_sources.json
NCT06235216,monoclonal_antibody,antibody-drug conjugate,master_DB_2025_Q4_with_sources.json
NCT07126561,monoclonal_antibody,trastuzumab deruxtecan,master_DB_2025_Q4_with_sources.json
NCT06663007,monoclonal_antibody,disitamab vedotin,master_DB_2025_Q4_with_sources.json
NCT06944496,monoclonal_antibody,disitamab vedotin,master_DB_2025_Q4_with_sources.json
NCT06730542,monoclonal_antibody,polatuzumab vedotin,master_DB_2025_Q4_with_sources.json
NCT06630871,monoclonal_antibody,disitamab vedotin,master_DB_2025_Q4_with_sources.json
NCT04230109,monoclonal_antibody,sacituzumab govitecan,master_DB_2025_Q4_with_sources.json
NCT06176261,monoclonal_antibody,deruxtecan,master_DB_2025_Q4_with_sources.json
NCT06907615,small_molecule,adc (weak),master_DB_2025_Q4_with_sources.json
NCT06100874,monoclonal_antibody,sacituzumab govitecan,master_DB_2025_Q4_with_sources.json
NCT06585969,monoclonal_antibody,trastuzumab deruxtecan,master_DB_2025_Q4_with_sources.json
NCT06733233,small_molecule,t-dxd,master_DB_2025_Q4_with_sources.json
NCT05675579,monoclonal_antibody,sacituzumab govitecan,master_DB_2025_Q4_with_sources.json
NCT04724018,monoclonal_antibody,sacituzumab govitecan,master_DB_2025_Q4_with_sources.json
NCT05103683,small_molecule,antibody drug conjugate,master_DB_2025_Q4_with_sources.json
NCT06660654,small_molecule,deruxtecan,master_DB_2025_Q4_with_sources.json
NCT06265727,monoclonal_antibody,antibody-drug conjugate,master_DB_2025_Q4_with_sources.json
NCT05039073,monoclonal_antibody,brentuximab vedotin,master_DB_2025_Q4_with_sources.json
NCT06564844,small_molecule,datopotamab deruxtecan,master_DB_2025_Q4_with_sources.json
NCT06155383,monoclonal_antibody,disitamab vedotin,master_DB_2025_Q4_with_sources.json
NCT03742102,monoclonal_antibody,trastuzumab deruxtecan,master_DB_2025_Q4_with_sources.json
NCT04323956,monoclonal_antibody,polatuzumab vedotin,master_DB_2025_Q4_with_sources.json
NCT05845814,monoclonal_antibody,enfortumab vedotin,master_DB_2025_Q4_with_sources.json
NCT03474107,monoclonal_antibody,enfortumab vedotin,master_DB_2025_Q4_with_sources.json
NCT07011654,monoclonal_antibody,sacituzumab govitecan,master_DB_2025_Q4_with_sources.json
NCT07093866,monoclonal_antibody,disitamab vedotin,master_DB_2025_Q4_with_sources.json
NCT05388500,monoclonal_antibody,trastuzumab emtansine,master_DB_2025_Q4_with_sources.json
NCT04739761,monoclonal_antibody,trastuzumab deruxtecan,master_DB_2025_Q4_with_sources.json
NCT06234423,monoclonal_antibody,antibody-drug conjugate,master_DB_2025_Q4_with_sources.json
NCT06172478,monoclonal_antibody,patritumab deruxtecan,master_DB_2025_Q4_with_sources.json
NCT06115902,small_molecule,antibody-drug conjugate,master_DB_2025_Q4_with_sources.json
NCT04486352,monoclonal_antibody,trastuzumab emtansine,master_DB_2025_Q4_with_sources.json
NCT01896999,monoclonal_antibody,brentuximab vedotin,master_DB_2025_Q4_with_sources.json
NCT06927180,monoclonal_antibody,antibody-drug conjugate,master_DB_2025_Q4_with_sources.json
NCT06848699,monoclonal_antibody,adc (weak),master_DB_2025_Q4_with_sources.json
NCT07106892,small_molecule,adc (weak),master_DB_2025_Q4_with_sources.json
NCT05311397,small_molecule,antibody drug conjugate,master_DB_2025_Q4_with_sources.json
NCT05119907,monoclonal_antibody,sacituzumab govitecan,master_DB_2025_Q4_with_sources.json
NCT05367635,monoclonal_antibody,antibody drug conjugate,master_DB_2025_Q4_with_sources.json
NCT06350097,small_molecule,datopotamab deruxtecan,master_DB_2025_Q4_with_sources.json
NCT02465060,monoclonal_antibody,trastuzumab emtansine,master_DB_2025_Q4_with_sources.json
NCT06452706,small_molecule,antibody-drug conjugate,master_DB_2025_Q4_with_sources.json
NCT05652855,small_molecule,adc (weak),master_DB_2025_Q4_with_sources.json
NCT06203210,small_molecule,deruxtecan,master_DB_2025_Q4_with_sources.json
NCT05656235,monoclonal_antibody,enfortumab vedotin,master_DB_2025_Q4_with_sources.json
NCT07258407,monoclonal_antibody,antibody-drug conjugate,master_DB_2025_Q4_with_sources.json
NCT05904106,monoclonal_antibody,ozogamicin,master_DB_2025_Q4_with_sources.json
NCT05123482,small_molecule,antibody drug conjugate,master_DB_2025_Q4_with_sources.json
NCT06803693,monoclonal_antibody,polatuzumab vedotin,master_DB_2025_Q4_with_sources.json
NCT04538742,monoclonal_antibody,trastuzumab deruxtecan,master_DB_2025_Q4_with_sources.json
NCT03007030,monoclonal_antibody,adcetris,master_DB_2025_Q4_with_sources.json
NCT05804864,monoclonal_antibody,adc (weak),master_DB_2025_Q4_with_sources.json
NCT03672539,monoclonal_antibody,ozogamicin,master_DB_2025_Q4_with_sources.json
NCT05599360,monoclonal_antibody,ozogamicin,master_DB_2025_Q4_with_sources.json
NCT06710379,small_molecule,antibody drug conjugate,master_DB_2025_Q4_with_sources.json
NCT06227325,monoclonal_antibody,disitamab vedotin,master_DB_2025_Q4_with_sources.json
NCT06413615,small_molecule,antibody-drug conjugate,master_DB_2025_Q4_with_sources.json
NCT05912205,monoclonal_antibody,disitamab vedotin,master_DB_2025_Q4_with_sources.json
NCT06886139,small_molecule,mmae,master_DB_2025_Q4_with_sources.json
NCT06919679,small_molecule,brentuximab vedotin,master_DB_2025_Q4_with_sources.json
NCT05303792,monoclonal_antibody,ozogamicin,master_DB_2025_Q4_with_sources.json
NCT06329869,monoclonal_antibody,sacituzumab govitecan,master_DB_2025_Q4_with_sources.json
NCT06731803,monoclonal_antibody,deruxtecan,master_DB_2025_Q4_with_sources.json
NCT05582499,monoclonal_antibody,antibody-drug conjugate,master_DB_2025_Q4_with_sources.json
NCT06918912,monoclonal_antibody,loncastuximab tesirine,master_DB_2025_Q4_with_sources.json
NCT06185400,monoclonal_antibody,disitamab vedotin,master_DB_2025_Q4_with_sources.json
NCT07086768,monoclonal_antibody,trastuzumab deruxtecan,master_DB_2025_Q4_with_sources.json
NCT05953168,monoclonal_antibody,trastuzumab deruxtecan,master_DB_2025_Q4_with_sources.json
NCT07085091,monoclonal_antibody,antibody drug conjugate,master_DB_2025_Q4_with_sources.json
NCT04025541,biologic,t-dxd,master_DB_2025_Q4_with_sources.json
NCT06000033,monoclonal_antibody,disitamab vedotin,master_DB_2025_Q4_with_sources.json
NCT05922501,monoclonal_antibody,antibody-drug conjugate,master_DB_2025_Q4_with_sources.json
NCT05048797,monoclonal_antibody,trastuzumab deruxtecan,master_DB_2025_Q4_with_sources.json
NCT05633667,monoclonal_antibody,sacituzumab govitecan,master_DB_2025_Q4_with_sources.json
NCT06718335,small_molecule,trastuzumab emtansine,master_DB_2025_Q4_with_sources.json
NCT04965766,monoclonal_antibody,patritumab deruxtecan,master_DB_2025_Q4_with_sources.json
NCT06445972,monoclonal_antibody,her3-dxd,master_DB_2025_Q4_with_sources.json
NCT07299409,monoclonal_antibody,sacituzumab govitecan,master_DB_2025_Q4_with_sources.json
NCT06731907,monoclonal_antibody,her3-dxd,master_DB_2025_Q4_with_sources.json
NCT06780111,monoclonal_antibody,dxd,master_DB_2025_Q4_with_sources.json
NCT06483334,monoclonal_antibody,enfortumab vedotin,master_DB_2025_Q4_with_sources.json
NCT07232602,monoclonal_antibody,enfortumab vedotin,master_DB_2025_Q4_with_sources.json
NCT07194005,monoclonal_antibody,disitamab vedotin,master_DB_2025_Q4_with_sources.json
NCT05894824,monoclonal_antibody,t-dxd,master_DB_2025_Q4_with_sources.json
NCT05535218,monoclonal_antibody,sacituzumab govitecan,master_DB_2025_Q4_with_sources.json
NCT05456685,monoclonal_antibody,mirvetuximab soravtansine,master_DB_2025_Q4_with_sources.json
NCT05117476,monoclonal_antibody,datopotamab deruxtecan,master_DB_2025_Q4_with_sources.json
NCT06429761,monoclonal_antibody,trastuzumab deruxtecan,master_DB_2025_Q4_with_sources.json
NCT03587740,monoclonal_antibody,ado-trastuzumab,master_DB_2025_Q4_with_sources.json
NCT06040320,monoclonal_antibody,polatuzumab vedotin,master_DB_2025_Q4_with_sources.json
NCT06047080,monoclonal_antibody,polatuzumab vedotin,master_DB_2025_Q4_with_sources.json
NCT05455697,monoclonal_antibody,polatuzumab vedotin,master_DB_2025_Q4_with_sources.json
NCT06365853,monoclonal_antibody,mirvetuximab soravtansine,master_DB_2025_Q4_with_sources.json
NCT06487429,small_molecule,disitamab vedotin,master_DB_2025_Q4_with_sources.json
NCT06469944,monoclonal_antibody,patritumab deruxtecan,master_DB_2025_Q4_with_sources.json
NCT06244485,monoclonal_antibody,dxd,master_DB_2025_Q4_with_sources.json
NCT06839066,small_molecule,adc (weak),master_DB_2025_Q4_with_sources.json
NCT06195709,combination,antibody-drug conjugate,master_DB_2025_Q4_with_sources.json
NCT00801489,monoclonal_antibody,ozogamicin,master_DB_2025_Q4_with_sources.json
NCT04697628,monoclonal_antibody,tisotumab vedotin,master_DB_2025_Q4_with_sources.json
NCT05283720,monoclonal_antibody,polatuzumab vedotin,master_DB_2025_Q4_with_sources.json
NCT01371630,monoclonal_antibody,ozogamicin,master_DB_2025_Q4_with_sources.json
NCT07291037,small_molecule,datopotamab deruxtecan,master_DB_2025_Q4_with_sources.json
NCT04404283,monoclonal_antibody,brentuximab vedotin,master_DB_2025_Q4_with_sources.json
NCT07134556,monoclonal_antibody,sacituzumab govitecan,master_DB_2025_Q4_with_sources.json
NCT04612751,monoclonal_antibody,datopotamab deruxtecan,master_DB_2025_Q4_with_sources.json
NCT07169734,monoclonal_antibody,antibody-drug conjugate,master_DB_2025_Q4_with_sources.json
NCT06919939,monoclonal_antibody,loncastuximab tesirine,master_DB_2025_Q4_with_sources.json
NCT06243393,monoclonal_antibody,sacituzumab govitecan,master_DB_2025_Q4_with_sources.json
NCT04617314,small_molecule,antibody-drug conjugate,master_DB_2025_Q4_with_sources.json
NCT06475443,oligonucleotide,antibody-drug conjugate,master_DB_2025_Q4_with_sources.json
NCT07218380,monoclonal_antibody,enfortumab vedotin,master_DB_2025_Q4_with_sources.json
NCT05280470,monoclonal_antibody,deruxtecan,master_DB_2025_Q4_with_sources.json
NCT05270057,monoclonal_antibody,loncastuximab tesirine,master_DB_2025_Q4_with_sources.json
NCT07061639,small_molecule,antibody drug conjugate,master_DB_2025_Q4_with_sources.json
NCT05376878,monoclonal_antibody,trastuzumab deruxtecan,master_DB_2025_Q4_with_sources.json
NCT06354231,monoclonal_antibody,disitamab vedotin,master_DB_2025_Q4_with_sources.json
NCT05884320,monoclonal_antibody,sacituzumab govitecan,master_DB_2025_Q4_with_sources.json
NCT03835819,monoclonal_antibody,mirvetuximab soravtansine,master_DB_2025_Q4_with_sources.json
NCT05489211,monoclonal_antibody,datopotamab deruxtecan,master_DB_2025_Q4_with_sources.json
NCT06041516,monoclonal_antibody,antibody drug conjugate,master_DB_2025_Q4_with_sources.json
NCT06178588,monoclonal_antibody,sacituzumab govitecan,master_DB_2025_Q4_with_sources.json
NCT02675829,monoclonal_antibody,ado-trastuzumab,master_DB_2025_Q4_with_sources.json
NCT05253495,small_molecule,polatuzumab vedotin,master_DB_2025_Q4_with_sources.json
NCT06278870,monoclonal_antibody,disitamab vedotin,master_DB_2025_Q4_with_sources.json
NCT06001086,small_molecule,vedotin,master_DB_2025_Q4_with_sources.json
NCT04223856,monoclonal_antibody,enfortumab vedotin,master_DB_2025_Q4_with_sources.json
NCT06457997,monoclonal_antibody,antibody drug conjugate,master_DB_2025_Q4_with_sources.json
NCT03568994,monoclonal_antibody,ozogamicin,master_DB_2025_Q4_with_sources.json
NCT06805825,monoclonal_antibody,antibody-drug conjugate,master_DB_2025_Q4_with_sources.json
NCT06316531,small_molecule,t-dm1,master_DB_2025_Q4_with_sources.json
NCT06863259,monoclonal_antibody,ozogamicin,master_DB_2025_Q4_with_sources.json
NCT04471727,monoclonal_antibody,deruxtecan,master_DB_2025_Q4_with_sources.json
NCT05180097,monoclonal_antibody,brentuximab vedotin,master_DB_2025_Q4_with_sources.json
NCT06908928,monoclonal_antibody,vedotin,master_DB_2025_Q4_with_sources.json
NCT06198751,small_molecule,antibody-drug conjugate,master_DB_2025_Q4_with_sources.json
NCT04434040,monoclonal_antibody,sacituzumab govitecan,master_DB_2025_Q4_with_sources.json
NCT07043725,monoclonal_antibody,antibody-drug conjugate,master_DB_2025_Q4_with_sources.json
NCT05460273,monoclonal_antibody,dato-dxd,master_DB_2025_Q4_with_sources.json
NCT07145255,monoclonal_antibody,antibody-drug conjugate,master_DB_2025_Q4_with_sources.json
NCT04454437,monoclonal_antibody,sacituzumab govitecan,master_DB_2025_Q4_with_sources.json
NCT06433609,monoclonal_antibody,antibody-drug conjugate,master_DB_2025_Q4_with_sources.json
NCT06664411,monoclonal_antibody,polatuzumab vedotin,master_DB_2025_Q4_with_sources.json
NCT06043674,monoclonal_antibody,polatuzumab vedotin,master_DB_2025_Q4_with_sources.json
NCT04609566,monoclonal_antibody,brentuximab vedotin,master_DB_2025_Q4_with_sources.json
NCT05410418,monoclonal_antibody,polatuzumab vedotin,master_DB_2025_Q4_with_sources.json
NCT07281001,monoclonal_antibody,trastuzumab deruxtecan,master_DB_2025_Q4_with_sources.json
NCT07283198,small_molecule,adc (weak),master_DB_2025_Q4_with_sources.json
NCT07281209,monoclonal_antibody,adc (weak),master_DB_2025_Q4_with_sources.json
NCT05183035,monoclonal_antibody,ozogamicin,master_DB_2025_Q4_with_sources.json
NCT06630130,monoclonal_antibody,trastuzumab deruxtecan,master_DB_2025_Q4_with_sources.json
NCT06012435,small_molecule,vedotin,master_DB_2025_Q4_with_sources.json
NCT06966453,monoclonal_antibody,disitamab vedotin,master_DB_2025_Q4_with_sources.json
NCT06210490,monoclonal_antibody,disitamab vedotin,master_DB_2025_Q4_with_sources.json
NCT06431490,small_molecule,antibody-drug conjugate,master_DB_2025_Q4_with_sources.json
NCT07269782,monoclonal_antibody,adc (weak),master_DB_2025_Q4_with_sources.json
NCT06085755,monoclonal_antibody,trastuzumab deruxtecan,master_DB_2025_Q4_with_sources.json
NCT07109219,combination,antibody-drug conjugate,master_DB_2025_Q4_with_sources.json
NCT06764875,monoclonal_antibody,trastuzumab deruxtecan,master_DB_2025_Q4_with_sources.json
NCT04879329,monoclonal_antibody,disitamab vedotin,master_DB_2025_Q4_with_sources.json
NCT07144280,small_molecule,antibody drug conjugate,master_DB_2025_Q4_with_sources.json
NCT06383884,monoclonal_antibody,patritumab deruxtecan,master_DB_2025_Q4_with_sources.json
NCT05558124,monoclonal_antibody,ozogamicin,master_DB_2025_Q4_with_sources.json
NCT05527184,monoclonal_antibody,antibody-drug conjugate,master_DB_2025_Q4_with_sources.json
NCT05911295,monoclonal_antibody,disitamab vedotin,master_DB_2025_Q4_with_sources.json
NCT07008976,monoclonal_antibody,trastuzumab emtansine,master_DB_2025_Q4_with_sources.json
NCT07113925,small_molecule,antibody-drug conjugate,master_DB_2025_Q4_with_sources.json
NCT06287229,monoclonal_antibody,ozogamicin,master_DB_2025_Q4_with_sources.json
NCT05279300,monoclonal_antibody,antibody-drug conjugate,master_DB_2025_Q4_with_sources.json
NCT06590857,monoclonal_antibody,antibody-drug conjugate,master_DB_2025_Q4_with_sources.json
NCT07117851,small_molecule,disitamab vedotin,master_DB_2025_Q4_with_sources.json
NCT07122609,monoclonal_antibody,polatuzumab vedotin,master_DB_2025_Q4_with_sources.json
NCT07142200,monoclonal_antibody,disitamab vedotin,master_DB_2025_Q4_with_sources.json
NCT07385703,monoclonal_antibody,vedotin,2026-01-30_2026-02-06_v1.json
NCT03964727,monoclonal_antibody,sacituzumab govitecan,2026-01-30_2026-02-06_v1.json
NCT03150693,monoclonal_antibody,ozogamicin,2026-01-30_2026-02-06_v1.json
NCT05633615,monoclonal_antibody,polatuzumab vedotin,2026-01-30_2026-02-06_v1.json
NCT06395103,monoclonal_antibody,vedotin,2026-01-30_2026-02-06_v1.json
NCT06362252,monoclonal_antibody,deruxtecan,2026-01-30_2026-02-06_v1.json
NCT05180097,monoclonal_antibody,brentuximab vedotin,2026-01-30_2026-02-06_v1.json
NCT07022483,monoclonal_antibody,trastuzumab deruxtecan,2026-01-30_2026-02-06_v1.json
NCT05748171,monoclonal_antibody,ozogamicin,2026-01-30_2026-02-06_v1.json
NCT07394218,monoclonal_antibody,sacituzumab govitecan,2026-01-30_2026-02-06_v1.json
NCT07303283,oligonucleotide,vedotin,2026-01-30_2026-02-06_v1.json
NCT06710132,monoclonal_antibody,antibody-drug conjugate,2026-01-30_2026-02-06_v1.json
NCT07127874,monoclonal_antibody,antibody drug conjugate,2026-01-30_2026-02-06_v1.json
NCT07183319,monoclonal_antibody,enfortumab vedotin,2026-01-30_2026-02-06_v1.json
NCT07339059,monoclonal_antibody,sacituzumab govitecan,2026-01-30_2026-02-06_v1.json
NCT06764875,monoclonal_antibody,trastuzumab deruxtecan,2026-01-30_2026-02-06_v1.json
NCT06771622,monoclonal_antibody,trastuzumab deruxtecan,2026-01-30_2026-02-06_v1.json
NCT06926920,monoclonal_antibody,sacituzumab govitecan,2026-01-30_2026-02-06_v1.json
NCT07098338,monoclonal_antibody,dato-dxd,2026-01-30_2026-02-06_v1.json
NCT07195344,monoclonal_antibody,deruxtecan,2026-01-30_2026-02-06_v1.json
NCT04454437,monoclonal_antibody,sacituzumab govitecan,2026-01-30_2026-02-06_v1.json
NCT05104866,oligonucleotide,dato-dxd,2026-01-30_2026-02-06_v1.json
NCT07393555,monoclonal_antibody,sacituzumab govitecan,2026-01-30_2026-02-06_v1.json
NCT05775471,monoclonal_antibody,enfortumab vedotin,2026-01-30_2026-02-06_v1.json
NCT04323956,monoclonal_antibody,polatuzumab vedotin,2026-01-30_2026-02-06_v1.json
NCT04884035,monoclonal_antibody,polatuzumab vedotin,2026-01-30_2026-02-06_v1.json
NCT07393477,monoclonal_antibody,vedotin,2026-01-30_2026-02-06_v1.json
NCT07136779,monoclonal_antibody,antibody drug conjugate,2026-01-30_2026-02-06_v1.json
NCT06555744,monoclonal_antibody,antibody drug conjugate,2026-01-30_2026-02-06_v1.json
NCT03274492,monoclonal_antibody,polatuzumab vedotin,2026-01-30_2026-02-06_v1.json
NCT04300556,monoclonal_antibody,antibody-drug conjugate,2026-01-30_2026-02-06_v1.json
NCT07164313,monoclonal_antibody,antibody-drug conjugate,2026-01-30_2026-02-06_v1.json
NCT06594939,monoclonal_antibody,polatuzumab vedotin,2026-01-30_2026-02-06_v1.json
NCT07388875,small_molecule,antibody-drug conjugate,2026-01-30_2026-02-06_v1.json
NCT07394244,monoclonal_antibody,vedotin,2026-01-30_2026-02-06_v1.json
NCT05838521,monoclonal_antibody,sacituzumab govitecan,2026-01-30_2026-02-06_v1.json
NCT03742102,monoclonal_antibody,trastuzumab deruxtecan,2026-01-30_2026-02-06_v1.json
NCT05283720,monoclonal_antibody,polatuzumab vedotin,2026-01-30_2026-02-06_v1.json
NCT04700124,monoclonal_antibody,enfortumab vedotin,2026-01-30_2026-02-06_v1.json
NCT07393425,monoclonal_antibody,trastuzumab deruxtecan,2026-01-30_2026-02-06_v1.json
NCT07381075,monoclonal_antibody,vedotin,2026-01-30_2026-02-06_v1.json
NCT06244485,monoclonal_antibody,dxd,2026-01-30_2026-02-06_v1.json
NCT04617522,monoclonal_antibody,sacituzumab govitecan,2026-02-06_2026-02-13_v1.json
NCT05633667,monoclonal_antibody,sacituzumab govitecan,2026-02-06_2026-02-13_v1.json
NCT07223125,monoclonal_antibody,antibody drug conjugate,2026-02-06_2026-02-13_v1.json
NCT07408063,monoclonal_antibody,antibody drug conjugate,2026-02-06_2026-02-13_v1.json
NCT03913559,monoclonal_antibody,ozogamicin,2026-02-06_2026-02-13_v1.json
NCT07403136,monoclonal_antibody,adc (weak),2026-02-06_2026-02-13_v1.json
NCT04589845,monoclonal_antibody,trastuzumab emtansine,2026-02-06_2026-02-13_v1.json
NCT06362252,monoclonal_antibody,deruxtecan,2026-02-06_2026-02-13_v1.json
NCT07398638,small_molecule,polatuzumab vedotin,2026-02-06_2026-02-13_v1.json
NCT05415215,monoclonal_antibody,trastuzumab emtansine,2026-02-06_2026-02-13_v1.json
NCT07394218,monoclonal_antibody,sacituzumab govitecan,2026-02-06_2026-02-13_v1.json
NCT07046923,monoclonal_antibody,antibody drug conjugate,2026-02-06_2026-02-13_v1.json
NCT06686394,monoclonal_antibody,patritumab deruxtecan,2026-02-06_2026-02-13_v1.json
NCT04938817,monoclonal_antibody,dxd,2026-02-06_2026-02-13_v1.json
NCT06585969,monoclonal_antibody,trastuzumab deruxtecan,2026-02-06_2026-02-13_v1.json
NCT04754191,monoclonal_antibody,enfortumab vedotin,2026-02-06_2026-02-13_v1.json
NCT02693535,monoclonal_antibody,trastuzumab deruxtecan,2026-02-06_2026-02-13_v1.json
NCT06330064,monoclonal_antibody,deruxtecan,2026-02-06_2026-02-13_v1.json
NCT05103683,small_molecule,antibody drug conjugate,2026-02-06_2026-02-13_v1.json
NCT06203210,small_molecule,deruxtecan,2026-02-06_2026-02-13_v1.json
NCT05144841,monoclonal_antibody,vedotin,2026-02-06_2026-02-13_v1.json
NCT06219941,small_molecule,antibody-drug conjugate,2026-02-06_2026-02-13_v1.json
NCT07218380,monoclonal_antibody,enfortumab vedotin,2026-02-06_2026-02-13_v1.json
NCT06440005,monoclonal_antibody,antibody drug conjugate,2026-02-06_2026-02-13_v1.json
NCT06780137,monoclonal_antibody,deruxtecan,2026-02-06_2026-02-13_v1.json
NCT05186974,monoclonal_antibody,sacituzumab govitecan,2026-02-06_2026-02-13_v1.json
NCT05123482,small_molecule,antibody drug conjugate,2026-02-06_2026-02-13_v1.json
NCT04639986,monoclonal_antibody,sacituzumab govitecan,2026-02-06_2026-02-13_v1.json
NCT07402915,small_molecule,antibody drug conjugate,2026-02-06_2026-02-13_v1.json
NCT07393555,monoclonal_antibody,sacituzumab govitecan,2026-02-06_2026-02-13_v1.json
NCT07082920,monoclonal_antibody,antibody drug conjugate,2026-02-06_2026-02-13_v1.json
NCT02226276,monoclonal_antibody,antibody drug conjugate,2026-02-06_2026-02-13_v1.json
NCT07015697,monoclonal_antibody,trastuzumab deruxtecan,2026-02-06_2026-02-13_v1.json
NCT06486883,monoclonal_antibody,trastuzumab deruxtecan,2026-02-06_2026-02-13_v1.json
NCT07393477,monoclonal_antibody,vedotin,2026-02-06_2026-02-13_v1.json
NCT05171647,monoclonal_antibody,polatuzumab vedotin,2026-02-06_2026-02-13_v1.json
NCT03424005,monoclonal_antibody,sacituzumab govitecan,2026-02-06_2026-02-13_v1.json
NCT06989112,monoclonal_antibody,trastuzumab deruxtecan,2026-02-06_2026-02-13_v1.json
NCT06921928,small_molecule,antibody-drug conjugate,2026-02-06_2026-02-13_v1.json
NCT03274492,monoclonal_antibody,polatuzumab vedotin,2026-02-06_2026-02-13_v1.json
NCT06933329,small_molecule,vedotin,2026-02-06_2026-02-13_v1.json
NCT06250777,monoclonal_antibody,t-dxd,2026-02-06_2026-02-13_v1.json
NCT07397832,monoclonal_antibody,polatuzumab vedotin,2026-02-06_2026-02-13_v1.json
NCT07381699,monoclonal_antibody,vedotin,2026-02-06_2026-02-13_v1.json
NCT06731478,monoclonal_antibody,trastuzumab deruxtecan,2026-02-06_2026-02-13_v1.json
NCT07213804,monoclonal_antibody,mirvetuximab soravtansine,2026-02-06_2026-02-13_v1.json
NCT06238479,monoclonal_antibody,antibody-drug conjugate,2026-02-06_2026-02-13_v1.json
NCT05950945,monoclonal_antibody,trastuzumab deruxtecan,2026-02-06_2026-02-13_v1.json
NCT06224673,monoclonal_antibody,antibody drug conjugate,2026-02-06_2026-02-13_v1.json
NCT05417594,monoclonal_antibody,trastuzumab deruxtecan,2026-02-06_2026-02-13_v1.json
NCT07291037,small_molecule,datopotamab deruxtecan,2026-02-06_2026-02-13_v1.json
NCT07394244,monoclonal_antibody,vedotin,2026-02-06_2026-02-13_v1.json
NCT06758401,monoclonal_antibody,vedotin,2026-02-06_2026-02-13_v1.json
NCT05053659,monoclonal_antibody,loncastuximab tesirine,2026-02-06_2026-02-13_v1.json
NCT04998669,monoclonal_antibody,loncastuximab tesirine,2026-02-06_2026-02-13_v1.json
NCT05838521,monoclonal_antibody,sacituzumab govitecan,2026-02-06_2026-02-13_v1.json
NCT06435429,monoclonal_antibody,trastuzumab deruxtecan,2026-02-06_2026-02-13_v1.json
NCT07405151,biologic,dxd,2026-02-06_2026-02-13_v1.json
NCT06842498,monoclonal_antibody,antibody-drug conjugate,2026-02-06_2026-02-13_v1.json
NCT04739761,monoclonal_antibody,trastuzumab deruxtecan,2026-02-06_2026-02-13_v1.json
NCT06764095,monoclonal_antibody,enfortumab vedotin,2026-02-06_2026-02-13_v1.json
NCT07393425,monoclonal_antibody,trastuzumab deruxtecan,2026-02-06_2026-02-13_v1.json
NCT07221942,monoclonal_antibody,enfortumab vedotin,2026-02-13_2026-02-20_v1.json
NCT05633667,monoclonal_antibody,sacituzumab govitecan,2026-02-13_2026-02-20_v1.json
NCT06625593,small_molecule,antibody-drug conjugate,2026-02-13_2026-02-20_v1.json
NCT07223125,monoclonal_antibody,antibody drug conjugate,2026-02-13_2026-02-20_v1.json
NCT07085091,monoclonal_antibody,antibody drug conjugate,2026-02-13_2026-02-20_v1.json
NCT05991388,monoclonal_antibody,loncastuximab tesirine,2026-02-13_2026-02-20_v1.json
NCT07421700,monoclonal_antibody,enfortumab vedotin,2026-02-13_2026-02-20_v1.json
NCT06864169,biologic,deruxtecan,2026-02-13_2026-02-20_v1.json
NCT06470282,monoclonal_antibody,enfortumab vedotin,2026-02-13_2026-02-20_v1.json
NCT04685616,monoclonal_antibody,brentuximab vedotin,2026-02-13_2026-02-20_v1.json
NCT06863259,monoclonal_antibody,ozogamicin,2026-02-13_2026-02-20_v1.json
NCT07145255,monoclonal_antibody,antibody-drug conjugate,2026-02-13_2026-02-20_v1.json
NCT06780085,monoclonal_antibody,deruxtecan,2026-02-13_2026-02-20_v1.json
NCT06780098,small_molecule,dxd,2026-02-13_2026-02-20_v1.json
NCT06324357,monoclonal_antibody,trastuzumab deruxtecan,2026-02-13_2026-02-20_v1.json
NCT03672539,monoclonal_antibody,ozogamicin,2026-02-13_2026-02-20_v1.json
NCT06686394,monoclonal_antibody,patritumab deruxtecan,2026-02-13_2026-02-20_v1.json
NCT06348134,monoclonal_antibody,trastuzumab emtansine,2026-02-13_2026-02-20_v1.json
NCT05555732,monoclonal_antibody,datopotamab deruxtecan,2026-02-13_2026-02-20_v1.json
NCT05911295,monoclonal_antibody,disitamab vedotin,2026-02-13_2026-02-20_v1.json
NCT06797635,monoclonal_antibody,patritumab deruxtecan,2026-02-13_2026-02-20_v1.json
NCT07416253,monoclonal_antibody,trastuzumab deruxtecan,2026-02-13_2026-02-20_v1.json
NCT06952660,small_molecule,tivdak,2026-02-13_2026-02-20_v1.json
NCT04644068,small_molecule,dxd,2026-02-13_2026-02-20_v1.json
NCT06641908,monoclonal_antibody,antibody drug conjugate,2026-02-13_2026-02-20_v1.json
NCT01853748,monoclonal_antibody,trastuzumab emtansine,2026-02-13_2026-02-20_v1.json
NCT07407465,monoclonal_antibody,deruxtecan,2026-02-13_2026-02-20_v1.json
NCT07227597,monoclonal_antibody,deruxtecan,2026-02-13_2026-02-20_v1.json
NCT07417241,oligonucleotide,t-dxd,2026-02-13_2026-02-20_v1.json
NCT04784715,monoclonal_antibody,trastuzumab deruxtecan,2026-02-13_2026-02-20_v1.json
NCT02693535,monoclonal_antibody,trastuzumab deruxtecan,2026-02-13_2026-02-20_v1.json
NCT05994001,monoclonal_antibody,adc (weak),2026-02-13_2026-02-20_v1.json
NCT05103683,small_molecule,antibody drug conjugate,2026-02-13_2026-02-20_v1.json
NCT06780111,monoclonal_antibody,dxd,2026-02-13_2026-02-20_v1.json
NCT06731907,monoclonal_antibody,her3-dxd,2026-02-13_2026-02-20_v1.json
NCT05144841,monoclonal_antibody,vedotin,2026-02-13_2026-02-20_v1.json
NCT07109219,combination,antibody-drug conjugate,2026-02-13_2026-02-20_v1.json
NCT06233942,monoclonal_antibody,antibody drug conjugate,2026-02-13_2026-02-20_v1.json
NCT03441061,monoclonal_antibody,ozogamicin,2026-02-13_2026-02-20_v1.json
NCT06459180,monoclonal_antibody,tisotumab vedotin,2026-02-13_2026-02-20_v1.json
NCT05123482,small_molecule,antibody drug conjugate,2026-02-13_2026-02-20_v1.json
NCT07205822,small_molecule,dato-dxd,2026-02-13_2026-02-20_v1.json
NCT06843447,monoclonal_antibody,deruxtecan,2026-02-13_2026-02-20_v1.json
NCT07082920,monoclonal_antibody,antibody drug conjugate,2026-02-13_2026-02-20_v1.json
NCT04826341,monoclonal_antibody,sacituzumab govitecan,2026-02-13_2026-02-20_v1.json
NCT02226276,monoclonal_antibody,antibody drug conjugate,2026-02-13_2026-02-20_v1.json
NCT05527184,monoclonal_antibody,antibody-drug conjugate,2026-02-13_2026-02-20_v1.json
NCT02684292,monoclonal_antibody,brentuximab vedotin,2026-02-13_2026-02-20_v1.json
NCT06941272,monoclonal_antibody,patritumab deruxtecan,2026-02-13_2026-02-20_v1.json
NCT07258407,monoclonal_antibody,antibody-drug conjugate,2026-02-13_2026-02-20_v1.json
NCT05239624,monoclonal_antibody,enfortumab vedotin,2026-02-13_2026-02-20_v1.json
NCT07218146,monoclonal_antibody,antibody-drug conjugate,2026-02-13_2026-02-20_v1.json
NCT03424005,monoclonal_antibody,sacituzumab govitecan,2026-02-13_2026-02-20_v1.json
NCT06595563,monoclonal_antibody,antibody-drug conjugate,2026-02-13_2026-02-20_v1.json
NCT06862219,monoclonal_antibody,enfortumab vedotin,2026-02-13_2026-02-20_v1.json
NCT04745949,monoclonal_antibody,brentuximab vedotin,2026-02-13_2026-02-20_v1.json
NCT06963905,monoclonal_antibody,sacituzumab govitecan,2026-02-13_2026-02-20_v1.json
NCT07381699,monoclonal_antibody,vedotin,2026-02-13_2026-02-20_v1.json
NCT06224673,monoclonal_antibody,antibody drug conjugate,2026-02-13_2026-02-20_v1.json
NCT07415980,monoclonal_antibody,polatuzumab vedotin,2026-02-13_2026-02-20_v1.json
NCT06483334,monoclonal_antibody,enfortumab vedotin,2026-02-13_2026-02-20_v1.json
NCT06758401,monoclonal_antibody,vedotin,2026-02-13_2026-02-20_v1.json
NCT05868265,monoclonal_antibody,enfortumab vedotin,2026-02-13_2026-02-20_v1.json
NCT07099898,small_molecule,antibody drug conjugate,2026-02-13_2026-02-20_v1.json
NCT06287229,monoclonal_antibody,ozogamicin,2026-02-13_2026-02-20_v1.json
NCT06467357,monoclonal_antibody,trastuzumab deruxtecan,2026-02-13_2026-02-20_v1.json
NCT04915612,monoclonal_antibody,ozogamicin,2026-02-13_2026-02-20_v1.json
NCT05562830,monoclonal_antibody,vedotin,2026-02-13_2026-02-20_v1.json
NCT04569032,monoclonal_antibody,brentuximab vedotin,2026-02-13_2026-02-20_v1.json
NCT04251416,monoclonal_antibody,sacituzumab govitecan,2026-02-13_2026-02-20_v1.json
NCT07424664,monoclonal_antibody,vedotin,2026-02-13_2026-02-20_v1.json
NCT06823167,biologic,antibody-drug conjugate,2026-02-13_2026-02-20_v1.json
NCT07063212,monoclonal_antibody,sacituzumab govitecan,2026-02-13_2026-02-20_v1.json
NCT03587740,monoclonal_antibody,ado-trastuzumab,2026-02-13_2026-02-20_v1.json
NCT07434609,monoclonal_antibody,antibody-drug conjugate,2026-02-20_2026-02-27_v1.json
NCT07318389,monoclonal_antibody,trastuzumab deruxtecan,2026-02-20_2026-02-27_v1.json
NCT01896999,monoclonal_antibody,brentuximab vedotin,2026-02-20_2026-02-27_v1.json
NCT06625593,small_molecule,antibody-drug conjugate,2026-02-20_2026-02-27_v1.json
NCT06801834,monoclonal_antibody,sacituzumab govitecan,2026-02-20_2026-02-27_v1.json
NCT04893109,monoclonal_antibody,trastuzumab emtansine,2026-02-20_2026-02-27_v1.json
NCT05991388,monoclonal_antibody,loncastuximab tesirine,2026-02-20_2026-02-27_v1.json
NCT05593094,monoclonal_antibody,t-dm1,2026-02-20_2026-02-27_v1.json
NCT06864169,biologic,deruxtecan,2026-02-20_2026-02-27_v1.json
NCT06596694,monoclonal_antibody,patritumab deruxtecan,2026-02-20_2026-02-27_v1.json
NCT03959085,monoclonal_antibody,ozogamicin,2026-02-20_2026-02-27_v1.json
NCT05445778,monoclonal_antibody,mirvetuximab soravtansine,2026-02-20_2026-02-27_v1.json
NCT05376878,monoclonal_antibody,trastuzumab deruxtecan,2026-02-20_2026-02-27_v1.json
NCT06015880,monoclonal_antibody,polatuzumab vedotin,2026-02-20_2026-02-27_v1.json
NCT07438600,monoclonal_antibody,sacituzumab govitecan,2026-02-20_2026-02-27_v1.json
NCT04620187,monoclonal_antibody,ado-trastuzumab,2026-02-20_2026-02-27_v1.json
NCT07428044,monoclonal_antibody,trastuzumab deruxtecan,2026-02-20_2026-02-27_v1.json
NCT03672539,monoclonal_antibody,ozogamicin,2026-02-20_2026-02-27_v1.json
NCT06809140,monoclonal_antibody,enfortumab vedotin,2026-02-20_2026-02-27_v1.json
NCT07137416,monoclonal_antibody,trastuzumab deruxtecan,2026-02-20_2026-02-27_v1.json
NCT06568939,monoclonal_antibody,telisotuzumab vedotin,2026-02-20_2026-02-27_v1.json
NCT05564390,monoclonal_antibody,ozogamicin,2026-02-20_2026-02-27_v1.json
NCT06364410,monoclonal_antibody,trastuzumab deruxtecan,2026-02-20_2026-02-27_v1.json
NCT05675410,monoclonal_antibody,brentuximab vedotin,2026-02-20_2026-02-27_v1.json
NCT04697628,monoclonal_antibody,tisotumab vedotin,2026-02-20_2026-02-27_v1.json
NCT03755804,monoclonal_antibody,brentuximab vedotin,2026-02-20_2026-02-27_v1.json
NCT07123454,small_molecule,antibody-drug conjugate,2026-02-20_2026-02-27_v1.json
NCT04704661,monoclonal_antibody,trastuzumab deruxtecan,2026-02-20_2026-02-27_v1.json
NCT02981628,monoclonal_antibody,ozogamicin,2026-02-20_2026-02-27_v1.json
NCT06819007,monoclonal_antibody,trastuzumab deruxtecan,2026-02-20_2026-02-27_v1.json
NCT05372614,monoclonal_antibody,trastuzumab deruxtecan,2026-02-20_2026-02-27_v1.json
NCT03523585,monoclonal_antibody,trastuzumab deruxtecan,2026-02-20_2026-02-27_v1.json
NCT06469944,monoclonal_antibody,patritumab deruxtecan,2026-02-20_2026-02-27_v1.json
NCT04471727,monoclonal_antibody,deruxtecan,2026-02-20_2026-02-27_v1.json
NCT07328490,monoclonal_antibody,antibody drug conjugate,2026-02-20_2026-02-27_v1.json
NCT07227597,monoclonal_antibody,deruxtecan,2026-02-20_2026-02-27_v1.json
NCT04784715,monoclonal_antibody,trastuzumab deruxtecan,2026-02-20_2026-02-27_v1.json
NCT07421141,monoclonal_antibody,trastuzumab emtansine,2026-02-20_2026-02-27_v1.json
NCT06831370,monoclonal_antibody,brentuximab vedotin,2026-02-20_2026-02-27_v1.json
NCT04379596,monoclonal_antibody,trastuzumab deruxtecan,2026-02-20_2026-02-27_v1.json
NCT05081609,monoclonal_antibody,trastuzumab emtansine,2026-02-20_2026-02-27_v1.json
NCT07129993,small_molecule,datopotamab deruxtecan,2026-02-20_2026-02-27_v1.json
NCT03816358,monoclonal_antibody,ravtansine,2026-02-20_2026-02-27_v1.json
NCT04579224,monoclonal_antibody,sacituzumab govitecan,2026-02-20_2026-02-27_v1.json
NCT06459180,monoclonal_antibody,tisotumab vedotin,2026-02-20_2026-02-27_v1.json
NCT04963153,monoclonal_antibody,enfortumab vedotin,2026-02-20_2026-02-27_v1.json
NCT06233942,monoclonal_antibody,antibody drug conjugate,2026-02-20_2026-02-27_v1.json
NCT07371585,monoclonal_antibody,trastuzumab deruxtecan,2026-02-20_2026-02-27_v1.json
NCT06100874,monoclonal_antibody,sacituzumab govitecan,2026-02-20_2026-02-27_v1.json
NCT04826341,monoclonal_antibody,sacituzumab govitecan,2026-02-20_2026-02-27_v1.json
NCT05527184,monoclonal_antibody,antibody-drug conjugate,2026-02-20_2026-02-27_v1.json
NCT06178588,monoclonal_antibody,sacituzumab govitecan,2026-02-20_2026-02-27_v1.json
NCT07258407,monoclonal_antibody,antibody-drug conjugate,2026-02-20_2026-02-27_v1.json
NCT05113251,monoclonal_antibody,trastuzumab deruxtecan,2026-02-20_2026-02-27_v1.json
NCT06863272,small_molecule,deruxtecan,2026-02-20_2026-02-27_v1.json
NCT04165070,monoclonal_antibody,deruxtecan,2026-02-20_2026-02-27_v1.json
NCT01712490,monoclonal_antibody,brentuximab vedotin,2026-02-20_2026-02-27_v1.json
NCT07286149,monoclonal_antibody,patritumab deruxtecan,2026-02-20_2026-02-27_v1.json
NCT06917911,monoclonal_antibody,ozogamicin,2026-02-20_2026-02-27_v1.json
NCT06890884,monoclonal_antibody,vedotin,2026-02-20_2026-02-27_v1.json
NCT05558124,monoclonal_antibody,ozogamicin,2026-02-20_2026-02-27_v1.json
NCT07431281,monoclonal_antibody,vedotin,2026-02-20_2026-02-27_v1.json
NCT05458297,monoclonal_antibody,vedotin,2026-02-20_2026-02-27_v1.json
NCT06422520,monoclonal_antibody,antibody-drug conjugate,2026-02-20_2026-02-27_v1.json
NCT07060807,monoclonal_antibody,patritumab deruxtecan,2026-02-20_2026-02-27_v1.json
NCT05464030,monoclonal_antibody,antibody drug conjugate,2026-02-20_2026-02-27_v1.json
NCT05280470,monoclonal_antibody,deruxtecan,2026-02-20_2026-02-27_v1.json
NCT04468061,monoclonal_antibody,sacituzumab govitecan,2026-02-20_2026-02-27_v1.json
NCT04585958,monoclonal_antibody,trastuzumab deruxtecan,2026-02-20_2026-02-27_v1.json
NCT06524544,monoclonal_antibody,sacituzumab govitecan,2026-02-20_2026-02-27_v1.json
NCT07012031,monoclonal_antibody,trastuzumab deruxtecan,2026-02-20_2026-02-27_v1.json
NCT06103864,monoclonal_antibody,datopotamab deruxtecan,2026-02-20_2026-02-27_v1.json
NCT02465060,monoclonal_antibody,trastuzumab emtansine,2026-02-20_2026-02-27_v1.json
NCT05139017,monoclonal_antibody,vedotin,2026-02-20_2026-02-27_v1.json
NCT04616560,monoclonal_antibody,trastuzumab deruxtecan,2026-02-20_2026-02-27_v1.json
NCT04662580,small_molecule,adc (weak),2026-02-20_2026-02-27_v1.json
NCT07232602,monoclonal_antibody,enfortumab vedotin,2026-02-20_2026-02-27_v1.json
NCT06750484,monoclonal_antibody,trastuzumab deruxtecan,2026-02-20_2026-02-27_v1.json
NCT06058988,monoclonal_antibody,trastuzumab deruxtecan,2026-02-20_2026-02-27_v1.json
NCT06717347,monoclonal_antibody,vedotin,2026-02-20_2026-02-27_v1.json
NCT04293562,monoclonal_antibody,ozogamicin,2026-02-20_2026-02-27_v1.json
NCT07181681,monoclonal_antibody,antibody-drug conjugate,2026-02-20_2026-02-27_v1.json
NCT06890338,monoclonal_antibody,mirvetuximab soravtansine,2026-02-20_2026-02-27_v1.json
NCT04294628,monoclonal_antibody,trastuzumab deruxtecan,2026-02-20_2026-02-27_v1.json
NCT04915612,monoclonal_antibody,ozogamicin,2026-02-20_2026-02-27_v1.json
NCT03606967,monoclonal_antibody,sacituzumab govitecan,2026-02-20_2026-02-27_v1.json
NCT03739814,monoclonal_antibody,ozogamicin,2026-02-20_2026-02-27_v1.json
NCT06311214,monoclonal_antibody,antibody-drug conjugate,2026-02-20_2026-02-27_v1.json
NCT07424664,monoclonal_antibody,vedotin,2026-02-20_2026-02-27_v1.json
NCT05581589,monoclonal_antibody,sacituzumab govitecan,2026-02-20_2026-02-27_v1.json
NCT06925737,small_molecule,deruxtecan,2026-02-20_2026-02-27_v1.json
NCT07367516,small_molecule,antibody-drug conjugate,2026-03-02_2026-03-09_v1.json
NCT07455045,monoclonal_antibody,antibody-drug conjugate,2026-03-02_2026-03-09_v1.json
NCT06917911,monoclonal_antibody,ozogamicin,2026-03-02_2026-03-09_v1.json
NCT06524544,monoclonal_antibody,sacituzumab govitecan,2026-03-02_2026-03-09_v1.json
NCT06203210,small_molecule,deruxtecan,2026-03-02_2026-03-09_v1.json
NCT05283720,monoclonal_antibody,polatuzumab vedotin,2026-03-02_2026-03-09_v1.json
NCT07268053,monoclonal_antibody,antibody-drug conjugate,2026-03-02_2026-03-09_v1.json
NCT06015880,monoclonal_antibody,polatuzumab vedotin,2026-03-02_2026-03-09_v1.json
NCT02675829,monoclonal_antibody,ado-trastuzumab,2026-03-02_2026-03-09_v1.json
NCT07012031,monoclonal_antibody,trastuzumab deruxtecan,2026-03-02_2026-03-09_v1.json
NCT06764875,monoclonal_antibody,trastuzumab deruxtecan,2026-03-02_2026-03-09_v1.json
NCT06445972,monoclonal_antibody,her3-dxd,2026-03-02_2026-03-09_v1.json
NCT06747585,monoclonal_antibody,antibody-drug conjugate,2026-03-02_2026-03-09_v1.json
NCT07060807,monoclonal_antibody,patritumab deruxtecan,2026-03-02_2026-03-09_v1.json
NCT04589845,monoclonal_antibody,trastuzumab emtansine,2026-03-02_2026-03-09_v1.json
NCT07454668,monoclonal_antibody,trastuzumab deruxtecan,2026-03-02_2026-03-09_v1.json
NCT00658814,monoclonal_antibody,ozogamicin,2026-03-02_2026-03-09_v1.json
NCT07164313,monoclonal_antibody,antibody-drug conjugate,2026-03-02_2026-03-09_v1.json
NCT07362888,monoclonal_antibody,antibody drug conjugate,2026-03-02_2026-03-09_v1.json
NCT05061550,monoclonal_antibody,dato-dxd,2026-03-02_2026-03-09_v1.json
NCT03816358,monoclonal_antibody,ravtansine,2026-03-02_2026-03-09_v1.json
NCT07069595,monoclonal_antibody,datopotamab deruxtecan,2026-03-02_2026-03-09_v1.json
NCT07443488,monoclonal_antibody,ozogamicin,2026-03-02_2026-03-09_v1.json
NCT07287995,monoclonal_antibody,enfortumab vedotin,2026-03-02_2026-03-09_v1.json
NCT03739814,monoclonal_antibody,ozogamicin,2026-03-02_2026-03-09_v1.json
NCT07218380,monoclonal_antibody,enfortumab vedotin,2026-03-02_2026-03-09_v1.json
NCT06233942,monoclonal_antibody,antibody drug conjugate,2026-03-02_2026-03-09_v1.json
NCT06161532,monoclonal_antibody,sacituzumab govitecan,2026-03-02_2026-03-09_v1.json
NCT04829604,monoclonal_antibody,t-dxd,2026-03-02_2026-03-09_v1.json
NCT04704661,monoclonal_antibody,trastuzumab deruxtecan,2026-03-02_2026-03-09_v1.json
NCT04579224,monoclonal_antibody,sacituzumab govitecan,2026-03-02_2026-03-09_v1.json
NCT06819007,monoclonal_antibody,trastuzumab deruxtecan,2026-03-02_2026-03-09_v1.json
NCT06590857,monoclonal_antibody,antibody-drug conjugate,2026-03-02_2026-03-09_v1.json
NCT06933329,small_molecule,vedotin,2026-03-02_2026-03-09_v1.json
NCT05171647,monoclonal_antibody,polatuzumab vedotin,2026-03-02_2026-03-09_v1.json
NCT06311214,monoclonal_antibody,antibody-drug conjugate,2026-03-02_2026-03-09_v1.json
NCT06863272,small_molecule,deruxtecan,2026-03-02_2026-03-09_v1.json
NCT04266249,monoclonal_antibody,trastuzumab emtansine,2026-03-02_2026-03-09_v1.json
NCT04616560,monoclonal_antibody,trastuzumab deruxtecan,2026-03-02_2026-03-09_v1.json
NCT05675410,monoclonal_antibody,brentuximab vedotin,2026-03-02_2026-03-09_v1.json
NCT06864169,biologic,deruxtecan,2026-03-02_2026-03-09_v1.json
NCT07303283,oligonucleotide,vedotin,2026-03-02_2026-03-09_v1.json
NCT06941272,monoclonal_antibody,patritumab deruxtecan,2026-03-02_2026-03-09_v1.json
NCT06667960,monoclonal_antibody,antibody drug conjugate,2026-03-02_2026-03-09_v1.json
NCT07328490,monoclonal_antibody,antibody drug conjugate,2026-03-02_2026-03-09_v1.json
NCT06364410,monoclonal_antibody,trastuzumab deruxtecan,2026-03-02_2026-03-09_v1.json
NCT03150693,monoclonal_antibody,ozogamicin,2026-03-02_2026-03-09_v1.json
NCT06459180,monoclonal_antibody,tisotumab vedotin,2026-03-02_2026-03-09_v1.json
NCT06862219,monoclonal_antibody,enfortumab vedotin,2026-03-02_2026-03-09_v1.json
NCT03260491,monoclonal_antibody,her3-dxd,2026-03-02_2026-03-09_v1.json
NCT07137416,monoclonal_antibody,trastuzumab deruxtecan,2026-03-02_2026-03-09_v1.json
NCT07129993,small_molecule,datopotamab deruxtecan,2026-03-02_2026-03-09_v1.json
NCT06780137,monoclonal_antibody,deruxtecan,2026-03-02_2026-03-09_v1.json
NCT04873362,monoclonal_antibody,trastuzumab emtansine,2026-03-02_2026-03-09_v1.json
NCT04494425,monoclonal_antibody,trastuzumab deruxtecan,2026-03-02_2026-03-09_v1.json
NCT06857279,monoclonal_antibody,adc (weak),2026-03-02_2026-03-09_v1.json
NCT06890884,monoclonal_antibody,vedotin,2026-03-02_2026-03-09_v1.json
NCT06417814,small_molecule,dato-dxd,2026-03-02_2026-03-09_v1.json
NCT06966453,monoclonal_antibody,disitamab vedotin,2026-03-02_2026-03-09_v1.json
NCT03606967,monoclonal_antibody,sacituzumab govitecan,2026-03-02_2026-03-09_v1.json
NCT07444814,monoclonal_antibody,antibody drug conjugate,2026-03-02_2026-03-09_v1.json
NCT06555744,monoclonal_antibody,antibody drug conjugate,2026-03-02_2026-03-09_v1.json
NCT07046923,monoclonal_antibody,antibody drug conjugate,2026-03-02_2026-03-09_v1.json
NCT05372614,monoclonal_antibody,trastuzumab deruxtecan,2026-03-02_2026-03-09_v1.json
NCT05797168,monoclonal_antibody,antibody-drug conjugate,2026-03-02_2026-03-09_v1.json
NCT07227298,biologic,vedotin,2026-03-02_2026-03-09_v1.json
NCT06919939,monoclonal_antibody,loncastuximab tesirine,2026-03-02_2026-03-09_v1.json
NCT02465060,monoclonal_antibody,trastuzumab emtansine,2026-03-02_2026-03-09_v1.json
NCT04585958,monoclonal_antibody,trastuzumab deruxtecan,2026-03-02_2026-03-09_v1.json
NCT07459296,monoclonal_antibody,vedotin,2026-03-02_2026-03-09_v1.json
NCT07446452,monoclonal_antibody,disitamab vedotin,2026-03-02_2026-03-09_v1.json
NCT07213804,monoclonal_antibody,mirvetuximab soravtansine,2026-03-02_2026-03-09_v1.json
NCT07360314,monoclonal_antibody,antibody-drug conjugate,2026-03-02_2026-03-09_v1.json
NCT06486883,monoclonal_antibody,trastuzumab deruxtecan,2026-03-02_2026-03-09_v1.json
NCT07052994,small_molecule,ozogamicin,2026-03-02_2026-03-09_v1.json
NCT01896999,monoclonal_antibody,brentuximab vedotin,2026-03-02_2026-03-09_v1.json
NCT07304128,small_molecule,antibody drug conjugate,2026-03-02_2026-03-09_v1.json
NCT02166463,monoclonal_antibody,brentuximab vedotin,2026-03-02_2026-03-09_v1.json
NCT06434350,monoclonal_antibody,enfortumab vedotin,2026-03-02_2026-03-09_v1.json
NCT04928846,monoclonal_antibody,telisotuzumab vedotin,2026-03-02_2026-03-09_v1.json
NCT06797635,monoclonal_antibody,patritumab deruxtecan,2026-03-02_2026-03-09_v1.json
NCT07099898,small_molecule,antibody drug conjugate,2026-03-02_2026-03-09_v1.json
NCT06596694,monoclonal_antibody,patritumab deruxtecan,2026-03-02_2026-03-09_v1.json
NCT05564390,monoclonal_antibody,ozogamicin,2026-03-02_2026-03-09_v1.json
NCT05800366,monoclonal_antibody,antibody drug conjugate,2026-03-02_2026-03-09_v1.json
NCT06956690,biologic,antibody-drug conjugate,2026-03-02_2026-03-09_v1.json
NCT06014658,small_molecule,auristatin,2026-03-02_2026-03-09_v1.json
NCT06710132,monoclonal_antibody,antibody-drug conjugate,2026-03-02_2026-03-09_v1.json
NCT06028932,monoclonal_antibody,sacituzumab govitecan,2026-03-02_2026-03-09_v1.json
NCT03652441,monoclonal_antibody,brentuximab vedotin,2026-03-02_2026-03-09_v1.json
NCT07109219,combination,antibody-drug conjugate,2026-03-02_2026-03-09_v1.json
NCT04231877,monoclonal_antibody,polatuzumab vedotin,2026-03-02_2026-03-09_v1.json
NCT06925737,small_molecule,deruxtecan,2026-03-02_2026-03-09_v1.json
NCT07144280,small_molecule,antibody drug conjugate,2026-03-02_2026-03-09_v1.json
NCT06324357,monoclonal_antibody,trastuzumab deruxtecan,2026-03-02_2026-03-09_v1.json
